// Generated by tools/genfont.py from GNU FreeFont FreeSansBold.ttf at 18 pt (141 dpi).
// GNU FreeFont is GPLv3 with the font exception.
#pragma once

static const uint8_t ObSansBold18Bitmaps[] PROGMEM = {
  0x00, 0xFF, 0xFF, 0xFF, 0xFF, 0xFF, 0xFF, 0xFE, 0xE7, 0x39, 0xCE, 0x73, 0x80, 0x0F, 0xFF, 0xFF,
  0xF8, 0xF8, 0xFF, 0xC7, 0xFE, 0x3F, 0xF1, 0xFF, 0x8F, 0xFC, 0x7D, 0xC1, 0xCE, 0x0E, 0x70, 0x70,
  0x03, 0xC3, 0x80, 0x3C, 0x78, 0x03, 0xC7, 0x80, 0x38, 0x78, 0x07, 0x87, 0x07, 0xFF, 0xFF, 0x7F,
  0xFF, 0xF7, 0xFF, 0xFF, 0x7F, 0xFF, 0xF0, 0xF0, 0xE0, 0x0F, 0x0E, 0x00, 0xF1, 0xE0, 0x0F, 0x1E,
  0x00, 0xE1, 0xE0, 0xFF, 0xFF, 0xCF, 0xFF, 0xFC, 0xFF, 0xFF, 0xCF, 0xFF, 0xFC, 0x1C, 0x3C, 0x03,
  0xC3, 0x80, 0x3C, 0x78, 0x03, 0xC7, 0x80, 0x38, 0x78, 0x03, 0x87, 0x80, 0x00, 0x60, 0x00, 0x7C,
  0x00, 0x3F, 0xFC, 0x0F, 0xFF, 0xC3, 0xFF, 0xFC, 0xFC, 0xDF, 0x9F, 0x19, 0xFB, 0xC3, 0x1F, 0x78,
  0x63, 0xEF, 0x8C, 0x01, 0xFD, 0x80, 0x1F, 0xF0, 0x01, 0xFF, 0xC0, 0x1F, 0xFE, 0x00, 0x7F, 0xE0,
  0x03, 0xFE, 0x00, 0x67, 0xE0, 0x0C, 0x7F, 0xE1, 0x8F, 0xFC, 0x31, 0xFF, 0xC6, 0x3E, 0xFC, 0xDF,
  0x9F, 0xFF, 0xF1, 0xFF, 0xFC, 0x0F, 0xFF, 0x00, 0x7F, 0x00, 0x01, 0x80, 0x00, 0x30, 0x00, 0x06,
  0x00, 0x0F, 0x00, 0x1C, 0x01, 0xFE, 0x00, 0xE0, 0x1F, 0xF8, 0x0E, 0x00, 0xFF, 0xC0, 0x70, 0x0F,
  0x0F, 0x07, 0x00, 0x70, 0x38, 0x38, 0x03, 0x81, 0xC3, 0x80, 0x1C, 0x0E, 0x3C, 0x00, 0xF0, 0xF1,
  0xC0, 0x03, 0xFF, 0x1C, 0x00, 0x1F, 0xF8, 0xE0, 0x00, 0x7F, 0x8E, 0x00, 0x00, 0xF0, 0x70, 0xF8,
  0x00, 0x07, 0x1F, 0xF0, 0x00, 0x39, 0xFF, 0xC0, 0x03, 0x8F, 0xFE, 0x00, 0x1C, 0xF0, 0x78, 0x01,
  0xC7, 0x01, 0xC0, 0x0C, 0x38, 0x0E, 0x00, 0xE1, 0xC0, 0x70, 0x06, 0x0F, 0x07, 0x80, 0x70, 0x3F,
  0xF8, 0x07, 0x01, 0xFF, 0xC0, 0x38, 0x07, 0xFC, 0x03, 0x80, 0x0F, 0x80, 0x01, 0xF0, 0x00, 0x1F,
  0xE0, 0x00, 0xFF, 0xC0, 0x03, 0xFF, 0x80, 0x1F, 0x1E, 0x00, 0x7C, 0x78, 0x01, 0xF1, 0xE0, 0x07,
  0xE7, 0x80, 0x0F, 0xBC, 0x00, 0x1F, 0xE0, 0x00, 0x3F, 0x00, 0x01, 0xF8, 0x00, 0x1F, 0xF0, 0xF0,
  0xFF, 0xE3, 0xC7, 0xE7, 0xCF, 0x3F, 0x0F, 0xF8, 0xF8, 0x3F, 0xE3, 0xE0, 0x7F, 0x8F, 0x80, 0xFC,
  0x3F, 0x03, 0xF0, 0x7E, 0x3F, 0xE1, 0xFF, 0xFF, 0x83, 0xFF, 0xFF, 0x07, 0xFE, 0x7E, 0x07, 0xF0,
  0xFC, 0xFF, 0xFF, 0xFF, 0xFD, 0xCE, 0x70, 0x07, 0x87, 0x83, 0xC3, 0xC1, 0xE1, 0xE0, 0xF0, 0x78,
  0x78, 0x3C, 0x1E, 0x1E, 0x0F, 0x07, 0x83, 0xC1, 0xE0, 0xF0, 0x78, 0x3C, 0x1E, 0x0F, 0x03, 0xC1,
  0xE0, 0xF0, 0x78, 0x1E, 0x0F, 0x03, 0xC1, 0xE0, 0x70, 0x3C, 0x0E, 0x07, 0x80, 0xF0, 0x3C, 0x1E,
  0x07, 0x83, 0xC0, 0xF0, 0x78, 0x3C, 0x0F, 0x07, 0x83, 0xC0, 0xF0, 0x78, 0x3C, 0x1E, 0x0F, 0x07,
  0x83, 0xC1, 0xE0, 0xF0, 0x78, 0x78, 0x3C, 0x1E, 0x0F, 0x0F, 0x07, 0x87, 0x83, 0xC1, 0xC1, 0xE0,
  0xE0, 0xF0, 0x00, 0x06, 0x00, 0x60, 0x06, 0x07, 0x6E, 0x7F, 0xE3, 0xFC, 0x0F, 0x01, 0xF8, 0x1F,
  0x83, 0x9C, 0x10, 0x80, 0x03, 0xC0, 0x03, 0xC0, 0x03, 0xC0, 0x03, 0xC0, 0x03, 0xC0, 0x03, 0xC0,
  0xFF, 0xFF, 0xFF, 0xFF, 0xFF, 0xFF, 0xFF, 0xFF, 0x03, 0xC0, 0x03, 0xC0, 0x03, 0xC0, 0x03, 0xC0,
  0x03, 0xC0, 0x03, 0xC0, 0xFF, 0xFF, 0xFF, 0x8C, 0x63, 0x37, 0xB0, 0xFF, 0xFF, 0xFF, 0xFF, 0xF0,
  0xFF, 0xFF, 0xFF, 0x80, 0x01, 0x81, 0xC0, 0xC0, 0x60, 0x70, 0x38, 0x18, 0x0C, 0x0E, 0x06, 0x03,
  0x01, 0x81, 0xC0, 0xC0, 0x60, 0x30, 0x38, 0x18, 0x0C, 0x0E, 0x07, 0x03, 0x01, 0x81, 0xC0, 0xC0,
  0x00, 0x07, 0xF0, 0x0F, 0xFE, 0x0F, 0xFF, 0x87, 0xFF, 0xC7, 0xE3, 0xF3, 0xE0, 0xF9, 0xF0, 0x7D,
  0xF0, 0x1F, 0xF8, 0x0F, 0xFC, 0x07, 0xFE, 0x03, 0xFF, 0x01, 0xFF, 0x80, 0xFF, 0xC0, 0x7F, 0xE0,
  0x3F, 0xF0, 0x1F, 0xF8, 0x0F, 0xFC, 0x07, 0xDF, 0x07, 0xCF, 0x83, 0xE7, 0xE3, 0xF1, 0xFF, 0xF0,
  0xFF, 0xF8, 0x3F, 0xF8, 0x07, 0xF0, 0x00, 0x01, 0xC0, 0xF0, 0x3C, 0x1F, 0x1F, 0xFF, 0xFF, 0xFF,
  0xFF, 0x07, 0xC1, 0xF0, 0x7C, 0x1F, 0x07, 0xC1, 0xF0, 0x7C, 0x1F, 0x07, 0xC1, 0xF0, 0x7C, 0x1F,
  0x07, 0xC1, 0xF0, 0x7C, 0x1F, 0x07, 0xC0, 0x07, 0xF0, 0x0F, 0xFE, 0x0F, 0xFF, 0x8F, 0xFF, 0xE7,
  0xE3, 0xF7, 0xE0, 0xFF, 0xE0, 0x3F, 0xF0, 0x1F, 0xF8, 0x0F, 0x80, 0x07, 0xC0, 0x07, 0xE0, 0x03,
  0xE0, 0x03, 0xF0, 0x03, 0xF0, 0x07, 0xF0, 0x07, 0xF0, 0x07, 0xE0, 0x07, 0xE0, 0x07, 0xC0, 0x07,
  0xC0, 0x03, 0xE0, 0x03, 0xFF, 0xFD, 0xFF, 0xFE, 0xFF, 0xFF, 0x7F, 0xFF, 0x80, 0x07, 0xF0, 0x0F,
  0xFC, 0x0F, 0xFF, 0x8F, 0xFF, 0xCF, 0xC3, 0xF7, 0xC0, 0xFB, 0xE0, 0x7D, 0xF0, 0x3E, 0x00, 0x1F,
  0x00, 0x1F, 0x00, 0x0F, 0x80, 0x3F, 0x80, 0x1F, 0xC0, 0x0F, 0xF0, 0x00, 0xFC, 0x00, 0x3F, 0x00,
  0x0F, 0xFC, 0x07, 0xFE, 0x03, 0xFF, 0x83, 0xF7, 0xC3, 0xF3, 0xFF, 0xF8, 0xFF, 0xF8, 0x3F, 0xF8,
  0x07, 0xF0, 0x00, 0x00, 0xFC, 0x00, 0xFC, 0x01, 0xFC, 0x01, 0xFC, 0x03, 0xFC, 0x07, 0x7C, 0x07,
  0x7C, 0x0E, 0x7C, 0x0E, 0x7C, 0x1C, 0x7C, 0x18, 0x7C, 0x38, 0x7C, 0x70, 0x7C, 0x60, 0x7C, 0xE0,
  0x7C, 0xFF, 0xFF, 0xFF, 0xFF, 0xFF, 0xFF, 0xFF, 0xFF, 0x00, 0x7C, 0x00, 0x7C, 0x00, 0x7C, 0x00,
  0x7C, 0x00, 0x7C, 0x00, 0x7C, 0x1F, 0xFF, 0x0F, 0xFF, 0x8F, 0xFF, 0xC7, 0xFF, 0xE3, 0xC0, 0x01,
  0xE0, 0x00, 0xE0, 0x00, 0x70, 0x00, 0x79, 0xF0, 0x3F, 0xFE, 0x1F, 0xFF, 0x8F, 0xFF, 0xE7, 0xC3,
  0xF0, 0x00, 0xFC, 0x00, 0x3E, 0x00, 0x1F, 0x00, 0x0F, 0x80, 0x07, 0xFE, 0x03, 0xFF, 0x03, 0xFF,
  0xC3, 0xF3, 0xFF, 0xF1, 0xFF, 0xF8, 0x3F, 0xF0, 0x07, 0xE0, 0x00, 0x03, 0xF8, 0x03, 0xFF, 0x81,
  0xFF, 0xF0, 0xFF, 0xFE, 0x3E, 0x1F, 0x9F, 0x03, 0xE7, 0xC0, 0x03, 0xE0, 0x00, 0xF8, 0xF8, 0x3E,
  0xFF, 0x8F, 0xFF, 0xF3, 0xFF, 0xFE, 0xFE, 0x1F, 0xBF, 0x03, 0xFF, 0x80, 0x7F, 0xE0, 0x1F, 0xF8,
  0x07, 0xFE, 0x01, 0xF7, 0x80, 0x7D, 0xF0, 0x3E, 0x7E, 0x1F, 0x8F, 0xFF, 0xC1, 0xFF, 0xF0, 0x3F,
  0xF0, 0x03, 0xF0, 0x00, 0xFF, 0xFF, 0xFF, 0xFF, 0xFF, 0xFF, 0xFF, 0xFF, 0xF0, 0x00, 0xF0, 0x00,
  0xF8, 0x00, 0xF8, 0x00, 0x78, 0x00, 0x7C, 0x00, 0x3C, 0x00, 0x3E, 0x00, 0x1E, 0x00, 0x1F, 0x00,
  0x0F, 0x00, 0x0F, 0x80, 0x07, 0xC0, 0x03, 0xC0, 0x03, 0xE0, 0x01, 0xF0, 0x00, 0xF8, 0x00, 0x78,
  0x00, 0x7C, 0x00, 0x3E, 0x00, 0x1F, 0x00, 0x0F, 0x80, 0x00, 0x07, 0xF0, 0x07, 0xFC, 0x0F, 0xFF,
  0x07, 0xFF, 0xC7, 0xC3, 0xF3, 0xC0, 0xF9, 0xE0, 0x3C, 0xF0, 0x1E, 0x78, 0x1F, 0x1E, 0x1F, 0x07,
  0xFF, 0x01, 0xFF, 0x03, 0xFF, 0xE3, 0xF1, 0xF9, 0xF0, 0x7D, 0xF0, 0x1F, 0xF8, 0x0F, 0xFC, 0x07,
  0xFE, 0x03, 0xFF, 0x83, 0xF7, 0xE3, 0xF3, 0xFF, 0xF8, 0xFF, 0xF8, 0x3F, 0xF8, 0x07, 0xF0, 0x00,
  0x07, 0xE0, 0x0F, 0xFC, 0x0F, 0xFF, 0x0F, 0xFF, 0xC7, 0xE3, 0xF7, 0xE0, 0xFB, 0xE0, 0x3D, 0xF0,
  0x1F, 0xF8, 0x0F, 0xFC, 0x07, 0xFE, 0x03, 0xFF, 0x83, 0xF7, 0xE3, 0xFB, 0xFF, 0xFC, 0xFF, 0xFE,
  0x3F, 0xDF, 0x07, 0xCF, 0x80, 0x07, 0x80, 0x03, 0xDF, 0x03, 0xE7, 0xC3, 0xE3, 0xFF, 0xF0, 0xFF,
  0xF0, 0x3F, 0xF0, 0x07, 0xE0, 0x00, 0xFF, 0xFF, 0xFF, 0x80, 0x00, 0x00, 0x00, 0x00, 0x7F, 0xFF,
  0xFF, 0xC0, 0xFF, 0xFF, 0xFF, 0x80, 0x00, 0x00, 0x00, 0x00, 0x7F, 0xFF, 0xFF, 0xC6, 0x33, 0x9B,
  0xD8, 0x00, 0x00, 0xC0, 0x00, 0xF0, 0x01, 0xFC, 0x03, 0xFF, 0x03, 0xFF, 0x07, 0xFE, 0x0F, 0xFC,
  0x03, 0xF8, 0x00, 0xF0, 0x00, 0x3F, 0x80, 0x0F, 0xFC, 0x00, 0x7F, 0xE0, 0x07, 0xFF, 0x00, 0x3F,
  0xF0, 0x01, 0xFC, 0x00, 0x1F, 0x00, 0x00, 0xC0, 0xFF, 0xFF, 0xFF, 0xFF, 0xFF, 0xFF, 0xFF, 0xFF,
  0xF0, 0x00, 0x00, 0x00, 0x00, 0x00, 0x00, 0x00, 0x00, 0xFF, 0xFF, 0xFF, 0xFF, 0xFF, 0xFF, 0xFF,
  0xFF, 0xF0, 0xC0, 0x00, 0x3C, 0x00, 0x0F, 0xE0, 0x03, 0xFF, 0x00, 0x3F, 0xF0, 0x01, 0xFF, 0x80,
  0x0F, 0xFC, 0x00, 0x7F, 0x00, 0x03, 0xC0, 0x07, 0xF0, 0x0F, 0xFC, 0x1F, 0xF8, 0x3F, 0xF8, 0x3F,
  0xF0, 0x0F, 0xE0, 0x03, 0xC0, 0x00, 0xC0, 0x00, 0x00, 0x07, 0xF0, 0x07, 0xFF, 0x03, 0xFF, 0xF1,
  0xFF, 0xFC, 0x7E, 0x3F, 0xBF, 0x03, 0xFF, 0x80, 0x7F, 0xE0, 0x1F, 0xF8, 0x07, 0xC0, 0x03, 0xF0,
  0x01, 0xFC, 0x00, 0xFE, 0x00, 0x7F, 0x00, 0x3F, 0x80, 0x1F, 0xC0, 0x07, 0xC0, 0x03, 0xE0, 0x00,
  0xF0, 0x00, 0x3C, 0x00, 0x00, 0x00, 0x00, 0x00, 0x00, 0xF8, 0x00, 0x3E, 0x00, 0x0F, 0x80, 0x03,
  0xE0, 0x00, 0xF8, 0x00, 0x00, 0x07, 0xFC, 0x00, 0x00, 0x3F, 0xFF, 0x80, 0x00, 0xFF, 0xFF, 0xC0,
  0x01, 0xF8, 0x0F, 0xF0, 0x03, 0xE0, 0x01, 0xF8, 0x07, 0x80, 0x00, 0x7C, 0x0F, 0x00, 0x00, 0x3C,
  0x1E, 0x03, 0xE3, 0x9E, 0x3C, 0x0F, 0xF7, 0x8E, 0x38, 0x1F, 0xFF, 0x0F, 0x78, 0x3E, 0x1F, 0x07,
  0x70, 0x38, 0x0F, 0x07, 0x70, 0x78, 0x0F, 0x07, 0xE0, 0x70, 0x0E, 0x07, 0xE0, 0x70, 0x0E, 0x07,
  0xE0, 0xE0, 0x0E, 0x07, 0xE0, 0xE0, 0x1E, 0x0F, 0xE0, 0xE0, 0x1C, 0x0E, 0xE0, 0xE0, 0x3C, 0x1E,
  0xE0, 0xF0, 0x3C, 0x3C, 0xF0, 0xF0, 0xFC, 0x7C, 0x70, 0x7F, 0xFF, 0xF8, 0x78, 0x3F, 0xCF, 0xF0,
  0x3C, 0x1F, 0x07, 0xC0, 0x3E, 0x00, 0x00, 0x00, 0x1F, 0x00, 0x00, 0x00, 0x0F, 0xC0, 0x01, 0x00,
  0x07, 0xF0, 0x0F, 0x00, 0x03, 0xFF, 0xFF, 0x00, 0x00, 0xFF, 0xFF, 0x00, 0x00, 0x1F, 0xF8, 0x00,
  0x00, 0x7E, 0x00, 0x00, 0x7F, 0x00, 0x00, 0x7F, 0x00, 0x00, 0xFF, 0x00, 0x00, 0xFF, 0x80, 0x01,
  0xFF, 0x80, 0x01, 0xFF, 0x80, 0x01, 0xF7, 0xC0, 0x03, 0xE7, 0xC0, 0x03, 0xE7, 0xC0, 0x03, 0xE3,
  0xE0, 0x07, 0xC3, 0xE0, 0x07, 0xC3, 0xE0, 0x07, 0xC1, 0xF0, 0x0F, 0x81, 0xF0, 0x0F, 0x81, 0xF0,
  0x0F, 0xFF, 0xF8, 0x1F, 0xFF, 0xF8, 0x1F, 0xFF, 0xFC, 0x1F, 0xFF, 0xFC, 0x3E, 0x00, 0x7C, 0x3E,
  0x00, 0x7E, 0x3E, 0x00, 0x3E, 0x7C, 0x00, 0x3E, 0x7C, 0x00, 0x3F, 0x7C, 0x00, 0x1F, 0xFF, 0xFC,
  0x0F, 0xFF, 0xF0, 0xFF, 0xFF, 0x8F, 0xFF, 0xFC, 0xF8, 0x07, 0xEF, 0x80, 0x3E, 0xF8, 0x03, 0xEF,
  0x80, 0x3E, 0xF8, 0x03, 0xEF, 0x80, 0x3E, 0xF8, 0x07, 0xCF, 0xFF, 0xF8, 0xFF, 0xFF, 0x0F, 0xFF,
  0xF8, 0xFF, 0xFF, 0xCF, 0x80, 0x7E, 0xF8, 0x01, 0xFF, 0x80, 0x1F, 0xF8, 0x01, 0xFF, 0x80, 0x1F,
  0xF8, 0x01, 0xFF, 0x80, 0x3E, 0xFF, 0xFF, 0xEF, 0xFF, 0xFC, 0xFF, 0xFF, 0x8F, 0xFF, 0xE0, 0x00,
  0xFF, 0x00, 0x07, 0xFF, 0x80, 0x3F, 0xFF, 0xC0, 0xFF, 0xFF, 0xC3, 0xF8, 0x1F, 0x87, 0xE0, 0x1F,
  0x9F, 0x80, 0x1F, 0x3E, 0x00, 0x1F, 0x7C, 0x00, 0x3F, 0xF0, 0x00, 0x03, 0xE0, 0x00, 0x07, 0xC0,
  0x00, 0x0F, 0x80, 0x00, 0x1F, 0x00, 0x00, 0x3E, 0x00, 0x00, 0x7C, 0x00, 0x00, 0xF8, 0x00, 0x00,
  0xF8, 0x00, 0x7D, 0xF0, 0x00, 0xFB, 0xF0, 0x03, 0xF3, 0xF0, 0x0F, 0xC7, 0xF0, 0x3F, 0x87, 0xFF,
  0xFE, 0x07, 0xFF, 0xF8, 0x03, 0xFF, 0xC0, 0x01, 0xFE, 0x00, 0xFF, 0xFC, 0x07, 0xFF, 0xF8, 0x3F,
  0xFF, 0xE1, 0xFF, 0xFF, 0x8F, 0x80, 0xFE, 0x7C, 0x01, 0xF3, 0xE0, 0x07, 0xDF, 0x00, 0x3E, 0xF8,
  0x01, 0xFF, 0xC0, 0x07, 0xFE, 0x00, 0x3F, 0xF0, 0x01, 0xFF, 0x80, 0x0F, 0xFC, 0x00, 0x7F, 0xE0,
  0x03, 0xFF, 0x00, 0x1F, 0xF8, 0x00, 0xFF, 0xC0, 0x0F, 0xFE, 0x00, 0x7D, 0xF0, 0x03, 0xEF, 0x80,
  0x3F, 0x7C, 0x07, 0xF3, 0xFF, 0xFF, 0x1F, 0xFF, 0xF0, 0xFF, 0xFF, 0x07, 0xFF, 0xE0, 0x00, 0xFF,
  0xFF, 0xDF, 0xFF, 0xFB, 0xFF, 0xFF, 0x7F, 0xFF, 0xEF, 0x80, 0x01, 0xF0, 0x00, 0x3E, 0x00, 0x07,
  0xC0, 0x00, 0xF8, 0x00, 0x1F, 0x00, 0x03, 0xE0, 0x00, 0x7F, 0xFF, 0xCF, 0xFF, 0xF9, 0xFF, 0xFF,
  0x3F, 0xFF, 0xE7, 0xC0, 0x00, 0xF8, 0x00, 0x1F, 0x00, 0x03, 0xE0, 0x00, 0x7C, 0x00, 0x0F, 0x80,
  0x01, 0xF0, 0x00, 0x3F, 0xFF, 0xFF, 0xFF, 0xFF, 0xFF, 0xFF, 0xFF, 0xFF, 0xFC, 0xFF, 0xFF, 0xFF,
  0xFF, 0xFF, 0xFF, 0xFF, 0xFF, 0xFF, 0x80, 0x07, 0xC0, 0x03, 0xE0, 0x01, 0xF0, 0x00, 0xF8, 0x00,
  0x7C, 0x00, 0x3E, 0x00, 0x1F, 0xFF, 0xEF, 0xFF, 0xF7, 0xFF, 0xFB, 0xFF, 0xFD, 0xF0, 0x00, 0xF8,
  0x00, 0x7C, 0x00, 0x3E, 0x00, 0x1F, 0x00, 0x0F, 0x80, 0x07, 0xC0, 0x03, 0xE0, 0x01, 0xF0, 0x00,
  0xF8, 0x00, 0x7C, 0x00, 0x00, 0x00, 0x7F, 0x80, 0x03, 0xFF, 0xE0, 0x07, 0xFF, 0xF8, 0x0F, 0xFF,
  0xFC, 0x1F, 0xC0, 0xFE, 0x3F, 0x00, 0x7E, 0x7E, 0x00, 0x3F, 0x7C, 0x00, 0x1F, 0x7C, 0x00, 0x00,
  0xF8, 0x00, 0x00, 0xF8, 0x00, 0x00, 0xF8, 0x00, 0x00, 0xF8, 0x03, 0xFF, 0xF8, 0x03, 0xFF, 0xF8,
  0x03, 0xFF, 0xF8, 0x03, 0xFF, 0xFC, 0x00, 0x0F, 0x7C, 0x00, 0x1F, 0x7C, 0x00, 0x1F, 0x7E, 0x00,
  0x3F, 0x3F, 0x00, 0x7F, 0x1F, 0xC1, 0xFF, 0x0F, 0xFF, 0xFF, 0x07, 0xFF, 0xE7, 0x03, 0xFF, 0xC7,
  0x00, 0xFF, 0x07, 0xF8, 0x01, 0xFF, 0x80, 0x1F, 0xF8, 0x01, 0xFF, 0x80, 0x1F, 0xF8, 0x01, 0xFF,
  0x80, 0x1F, 0xF8, 0x01, 0xFF, 0x80, 0x1F, 0xF8, 0x01, 0xFF, 0x80, 0x1F, 0xFF, 0xFF, 0xFF, 0xFF,
  0xFF, 0xFF, 0xFF, 0xFF, 0xFF, 0xFF, 0xF8, 0x01, 0xFF, 0x80, 0x1F, 0xF8, 0x01, 0xFF, 0x80, 0x1F,
  0xF8, 0x01, 0xFF, 0x80, 0x1F, 0xF8, 0x01, 0xFF, 0x80, 0x1F, 0xF8, 0x01, 0xFF, 0x80, 0x1F, 0xF8,
  0x01, 0xFF, 0x80, 0x1F, 0xFF, 0xFF, 0xFF, 0xFF, 0xFF, 0xFF, 0xFF, 0xFF, 0xFF, 0xFF, 0xFF, 0xFF,
  0xFF, 0xFF, 0xFF, 0xFF, 0xC0, 0x00, 0x1F, 0x00, 0x1F, 0x00, 0x1F, 0x00, 0x1F, 0x00, 0x1F, 0x00,
  0x1F, 0x00, 0x1F, 0x00, 0x1F, 0x00, 0x1F, 0x00, 0x1F, 0x00, 0x1F, 0x00, 0x1F, 0x00, 0x1F, 0x00,
  0x1F, 0x00, 0x1F, 0x00, 0x1F, 0xF8, 0x1F, 0xF8, 0x1F, 0xF8, 0x1F, 0xF8, 0x1F, 0xF8, 0x1F, 0xFC,
  0x3F, 0x7F, 0xFE, 0x3F, 0xFC, 0x1F, 0xF8, 0x07, 0xE0, 0xF8, 0x01, 0xFB, 0xE0, 0x0F, 0xCF, 0x80,
  0x7E, 0x3E, 0x03, 0xF0, 0xF8, 0x1F, 0x83, 0xE0, 0xFC, 0x0F, 0x87, 0xE0, 0x3E, 0x3F, 0x00, 0xF8,
  0xF8, 0x03, 0xE7, 0xE0, 0x0F, 0xBF, 0x00, 0x3F, 0xF8, 0x00, 0xFF, 0xF0, 0x03, 0xFF, 0xE0, 0x0F,
  0xFF, 0x80, 0x3F, 0xBF, 0x00, 0xFC, 0x7E, 0x03, 0xE0, 0xFC, 0x0F, 0x81, 0xF8, 0x3E, 0x07, 0xE0,
  0xF8, 0x0F, 0xC3, 0xE0, 0x1F, 0x8F, 0x80, 0x7F, 0x3E, 0x00, 0xFC, 0xF8, 0x01, 0xFB, 0xE0, 0x03,
  0xF0, 0xF8, 0x00, 0x7C, 0x00, 0x3E, 0x00, 0x1F, 0x00, 0x0F, 0x80, 0x07, 0xC0, 0x03, 0xE0, 0x01,
  0xF0, 0x00, 0xF8, 0x00, 0x7C, 0x00, 0x3E, 0x00, 0x1F, 0x00, 0x0F, 0x80, 0x07, 0xC0, 0x03, 0xE0,
  0x01, 0xF0, 0x00, 0xF8, 0x00, 0x7C, 0x00, 0x3E, 0x00, 0x1F, 0x00, 0x0F, 0x80, 0x07, 0xC0, 0x03,
  0xFF, 0xFF, 0xFF, 0xFF, 0xFF, 0xFF, 0xFF, 0xFF, 0xC0, 0xFF, 0x00, 0xFF, 0xFF, 0x00, 0xFF, 0xFF,
  0x00, 0xFF, 0xFF, 0x01, 0xFF, 0xFF, 0x81, 0xFF, 0xFF, 0x81, 0xFF, 0xFF, 0x81, 0xFF, 0xFF, 0x81,
  0xFF, 0xFB, 0xC3, 0xDF, 0xFB, 0xC3, 0xDF, 0xFB, 0xC3, 0xDF, 0xFB, 0xC3, 0xDF, 0xF9, 0xC7, 0xDF,
  0xF9, 0xE7, 0x9F, 0xF9, 0xE7, 0x9F, 0xF9, 0xE7, 0x9F, 0xF9, 0xE7, 0x9F, 0xF8, 0xFF, 0x1F, 0xF8,
  0xFF, 0x1F, 0xF8, 0xFF, 0x1F, 0xF8, 0xFF, 0x1F, 0xF8, 0x7F, 0x1F, 0xF8, 0x7E, 0x1F, 0xF8, 0x7E,
  0x1F, 0xF8, 0x7E, 0x1F, 0xF8, 0x3E, 0x1F, 0xF8, 0x01, 0xFF, 0xC0, 0x1F, 0xFE, 0x01, 0xFF, 0xE0,
  0x1F, 0xFF, 0x01, 0xFF, 0xF0, 0x1F, 0xFF, 0x81, 0xFF, 0xF8, 0x1F, 0xFF, 0xC1, 0xFF, 0xBC, 0x1F,
  0xFB, 0xE1, 0xFF, 0x9F, 0x1F, 0xF9, 0xF1, 0xFF, 0x8F, 0x9F, 0xF8, 0x79, 0xFF, 0x87, 0xDF, 0xF8,
  0x3D, 0xFF, 0x83, 0xFF, 0xF8, 0x1F, 0xFF, 0x81, 0xFF, 0xF8, 0x0F, 0xFF, 0x80, 0xFF, 0xF8, 0x07,
  0xFF, 0x80, 0x3F, 0xF8, 0x03, 0xFF, 0x80, 0x1F, 0x00, 0x7F, 0x00, 0x01, 0xFF, 0xF0, 0x01, 0xFF,
  0xFC, 0x03, 0xFF, 0xFF, 0x01, 0xFC, 0x1F, 0xC1, 0xF8, 0x03, 0xF1, 0xF8, 0x00, 0xFC, 0xF8, 0x00,
  0x3E, 0x7C, 0x00, 0x1F, 0x7C, 0x00, 0x07, 0xFE, 0x00, 0x03, 0xFF, 0x00, 0x01, 0xFF, 0x80, 0x00,
  0xFF, 0xC0, 0x00, 0x7F, 0xE0, 0x00, 0x3F, 0xF0, 0x00, 0x1F, 0xF8, 0x00, 0x0F, 0xBE, 0x00, 0x0F,
  0x9F, 0x00, 0x07, 0xCF, 0xC0, 0x07, 0xE3, 0xF0, 0x07, 0xE0, 0xFE, 0x0F, 0xE0, 0x7F, 0xFF, 0xE0,
  0x0F, 0xFF, 0xE0, 0x03, 0xFF, 0xE0, 0x00, 0x7F, 0x80, 0x00, 0xFF, 0xFC, 0x1F, 0xFF, 0xE3, 0xFF,
  0xFE, 0x7F, 0xFF, 0xEF, 0x80, 0xFF, 0xF0, 0x0F, 0xFE, 0x00, 0xFF, 0xC0, 0x1F, 0xF8, 0x03, 0xFF,
  0x00, 0x7F, 0xE0, 0x1F, 0xFC, 0x07, 0xEF, 0xFF, 0xFD, 0xFF, 0xFF, 0x3F, 0xFF, 0xC7, 0xFF, 0xE0,
  0xF8, 0x00, 0x1F, 0x00, 0x03, 0xE0, 0x00, 0x7C, 0x00, 0x0F, 0x80, 0x01, 0xF0, 0x00, 0x3E, 0x00,
  0x07, 0xC0, 0x00, 0xF8, 0x00, 0x1F, 0x00, 0x00, 0x00, 0x7F, 0x00, 0x01, 0xFF, 0xF0, 0x01, 0xFF,
  0xFC, 0x03, 0xFF, 0xFF, 0x01, 0xFC, 0x1F, 0xC1, 0xF8, 0x03, 0xF1, 0xF8, 0x00, 0xFC, 0xF8, 0x00,
  0x3E, 0x7C, 0x00, 0x1F, 0x7C, 0x00, 0x07, 0xFE, 0x00, 0x03, 0xFF, 0x00, 0x01, 0xFF, 0x80, 0x00,
  0xFF, 0xC0, 0x00, 0x7F, 0xE0, 0x00, 0x3F, 0xF0, 0x00, 0x1F, 0xF8, 0x01, 0x0F, 0xBE, 0x01, 0xCF,
  0x9F, 0x01, 0xFF, 0xCF, 0xC0, 0x7F, 0xE3, 0xF0, 0x1F, 0xE0, 0xFE, 0x0F, 0xF0, 0x7F, 0xFF, 0xF8,
  0x0F, 0xFF, 0xFE, 0x03, 0xFF, 0xEF, 0x80, 0x7F, 0xC3, 0x80, 0x00, 0x00, 0x80, 0xFF, 0xFF, 0x07,
  0xFF, 0xFE, 0x3F, 0xFF, 0xF9, 0xFF, 0xFF, 0xCF, 0x80, 0x3F, 0x7C, 0x00, 0xFB, 0xE0, 0x07, 0xDF,
  0x00, 0x3E, 0xF8, 0x01, 0xF7, 0xC0, 0x0F, 0xBE, 0x00, 0xF9, 0xFF, 0xFF, 0x8F, 0xFF, 0xF8, 0x7F,
  0xFF, 0xC3, 0xFF, 0xFF, 0x1F, 0x00, 0xFC, 0xF8, 0x03, 0xE7, 0xC0, 0x1F, 0x3E, 0x00, 0xF9, 0xF0,
  0x07, 0xCF, 0x80, 0x3E, 0x7C, 0x01, 0xF3, 0xE0, 0x0F, 0x9F, 0x00, 0x7C, 0xF8, 0x03, 0xF7, 0xC0,
  0x0F, 0xC0, 0x07, 0xF8, 0x01, 0xFF, 0xF0, 0x3F, 0xFF, 0x87, 0xFF, 0xFC, 0x7E, 0x0F, 0xCF, 0xC0,
  0x7E, 0xF8, 0x03, 0xEF, 0x80, 0x3E, 0xF8, 0x00, 0x0F, 0xC0, 0x00, 0xFF, 0x80, 0x07, 0xFF, 0xC0,
  0x3F, 0xFF, 0x81, 0xFF, 0xFC, 0x03, 0xFF, 0xE0, 0x01, 0xFF, 0x00, 0x03, 0xF0, 0x00, 0x1F, 0xF8,
  0x01, 0xFF, 0x80, 0x1F, 0xFC, 0x03, 0xFF, 0xE0, 0x7E, 0x7F, 0xFF, 0xE3, 0xFF, 0xFC, 0x1F, 0xFF,
  0x00, 0x3F, 0xC0, 0xFF, 0xFF, 0xFF, 0xFF, 0xFF, 0xFF, 0xFF, 0xFF, 0xFF, 0xF0, 0x1F, 0x00, 0x03,
  0xE0, 0x00, 0x7C, 0x00, 0x0F, 0x80, 0x01, 0xF0, 0x00, 0x3E, 0x00, 0x07, 0xC0, 0x00, 0xF8, 0x00,
  0x1F, 0x00, 0x03, 0xE0, 0x00, 0x7C, 0x00, 0x0F, 0x80, 0x01, 0xF0, 0x00, 0x3E, 0x00, 0x07, 0xC0,
  0x00, 0xF8, 0x00, 0x1F, 0x00, 0x03, 0xE0, 0x00, 0x7C, 0x00, 0x0F, 0x80, 0x01, 0xF0, 0x00, 0x3E,
  0x00, 0xF8, 0x01, 0xFF, 0x80, 0x1F, 0xF8, 0x01, 0xFF, 0x80, 0x1F, 0xF8, 0x01, 0xFF, 0x80, 0x1F,
  0xF8, 0x01, 0xFF, 0x80, 0x1F, 0xF8, 0x01, 0xFF, 0x80, 0x1F, 0xF8, 0x01, 0xFF, 0x80, 0x1F, 0xF8,
  0x01, 0xFF, 0x80, 0x1F, 0xF8, 0x01, 0xFF, 0x80, 0x1F, 0xF8, 0x01, 0xFF, 0x80, 0x1F, 0xF8, 0x01,
  0xFF, 0x80, 0x1F, 0x7C, 0x03, 0xE7, 0xE0, 0x7E, 0x3F, 0xFF, 0xC3, 0xFF, 0xFC, 0x0F, 0xFF, 0x00,
  0x3F, 0xC0, 0xF8, 0x00, 0xFB, 0xE0, 0x03, 0xE7, 0xC0, 0x1F, 0x9F, 0x00, 0x7C, 0x7C, 0x01, 0xF0,
  0xF8, 0x07, 0xC3, 0xE0, 0x3E, 0x0F, 0x80, 0xF8, 0x1E, 0x03, 0xE0, 0x7C, 0x1F, 0x01, 0xF0, 0x7C,
  0x03, 0xC1, 0xF0, 0x0F, 0x87, 0x80, 0x3E, 0x3E, 0x00, 0xF8, 0xF8, 0x01, 0xE3, 0xC0, 0x07, 0xCF,
  0x00, 0x1F, 0x7C, 0x00, 0x3D, 0xE0, 0x00, 0xFF, 0x80, 0x03, 0xFE, 0x00, 0x07, 0xF0, 0x00, 0x1F,
  0xC0, 0x00, 0x7F, 0x00, 0x00, 0xF8, 0x00, 0x03, 0xE0, 0x00, 0xF8, 0x07, 0xC0, 0x3F, 0xF8, 0x07,
  0xE0, 0x3E, 0xFC, 0x07, 0xE0, 0x3E, 0x7C, 0x0F, 0xE0, 0x3E, 0x7C, 0x0F, 0xE0, 0x7E, 0x7C, 0x0F,
  0xE0, 0x7C, 0x7C, 0x0F, 0xF0, 0x7C, 0x3E, 0x0F, 0xF0, 0x7C, 0x3E, 0x1E, 0xF0, 0x78, 0x3E, 0x1E,
  0x70, 0xF8, 0x1E, 0x1E, 0x70, 0xF8, 0x1E, 0x1E, 0x78, 0xF8, 0x1F, 0x1E, 0x78, 0xF0, 0x1F, 0x3C,
  0x78, 0xF0, 0x0F, 0x3C, 0x39, 0xF0, 0x0F, 0x3C, 0x3D, 0xF0, 0x0F, 0x3C, 0x3D, 0xE0, 0x0F, 0xBC,
  0x3D, 0xE0, 0x07, 0xF8, 0x3D, 0xE0, 0x07, 0xF8, 0x1F, 0xE0, 0x07, 0xF8, 0x1F, 0xC0, 0x03, 0xF8,
  0x1F, 0xC0, 0x03, 0xF8, 0x1F, 0xC0, 0x03, 0xF0, 0x0F, 0x80, 0x03, 0xF0, 0x0F, 0x80, 0x01, 0xF0,
  0x0F, 0x80, 0xFE, 0x01, 0xF9, 0xF8, 0x07, 0xE3, 0xF0, 0x3F, 0x0F, 0xC0, 0xF8, 0x1F, 0x87, 0xE0,
  0x7E, 0x3F, 0x00, 0xFC, 0xFC, 0x01, 0xF7, 0xE0, 0x07, 0xFF, 0x00, 0x0F, 0xFC, 0x00, 0x3F, 0xE0,
  0x00, 0x7F, 0x00, 0x00, 0xFC, 0x00, 0x07, 0xF0, 0x00, 0x1F, 0xE0, 0x00, 0xFF, 0x80, 0x03, 0xFF,
  0x00, 0x1F, 0x7E, 0x00, 0xFC, 0xF8, 0x03, 0xE3, 0xF0, 0x1F, 0x87, 0xC0, 0x7C, 0x1F, 0x83, 0xF0,
  0x3F, 0x1F, 0x80, 0xFC, 0x7E, 0x01, 0xFB, 0xF0, 0x07, 0xF0, 0xFC, 0x01, 0xFF, 0xE0, 0x0F, 0x9F,
  0x00, 0xFC, 0xFC, 0x07, 0xC3, 0xE0, 0x7E, 0x1F, 0x83, 0xE0, 0x7C, 0x1F, 0x03, 0xF1, 0xF0, 0x0F,
  0x8F, 0x80, 0x7E, 0xF8, 0x01, 0xF7, 0xC0, 0x0F, 0xFC, 0x00, 0x3F, 0xE0, 0x00, 0xFE, 0x00, 0x07,
  0xF0, 0x00, 0x1F, 0x00, 0x00, 0xF8, 0x00, 0x07, 0xC0, 0x00, 0x3E, 0x00, 0x01, 0xF0, 0x00, 0x0F,
  0x80, 0x00, 0x7C, 0x00, 0x03, 0xE0, 0x00, 0x1F, 0x00, 0x00, 0xF8, 0x00, 0x07, 0xC0, 0x00, 0xFF,
  0xFF, 0xFF, 0xFF, 0xFF, 0xFF, 0xFF, 0xFF, 0xFF, 0xF0, 0x00, 0x7E, 0x00, 0x1F, 0x80, 0x07, 0xE0,
  0x00, 0xFC, 0x00, 0x3F, 0x00, 0x0F, 0xC0, 0x03, 0xF8, 0x00, 0x7E, 0x00, 0x1F, 0x80, 0x07, 0xE0,
  0x01, 0xFC, 0x00, 0x3F, 0x00, 0x0F, 0xC0, 0x03, 0xF0, 0x00, 0x7E, 0x00, 0x1F, 0x80, 0x07, 0xE0,
  0x01, 0xFC, 0x00, 0x3F, 0xFF, 0xFF, 0xFF, 0xFF, 0xFF, 0xFF, 0xFF, 0xFF, 0xFC, 0xFF, 0xFF, 0xFF,
  0xFF, 0xF8, 0xF8, 0xF8, 0xF8, 0xF8, 0xF8, 0xF8, 0xF8, 0xF8, 0xF8, 0xF8, 0xF8, 0xF8, 0xF8, 0xF8,
  0xF8, 0xF8, 0xF8, 0xF8, 0xF8, 0xF8, 0xF8, 0xF8, 0xF8, 0xF8, 0xFF, 0xFF, 0xFF, 0xFF, 0xE0, 0x38,
  0x06, 0x01, 0x80, 0x70, 0x0C, 0x03, 0x00, 0xE0, 0x18, 0x06, 0x01, 0xC0, 0x30, 0x0C, 0x03, 0x00,
  0xE0, 0x18, 0x06, 0x01, 0xC0, 0x30, 0x0C, 0x03, 0x80, 0x60, 0x18, 0x07, 0x01, 0xC0, 0xFF, 0xFF,
  0xFF, 0xFF, 0x1F, 0x1F, 0x1F, 0x1F, 0x1F, 0x1F, 0x1F, 0x1F, 0x1F, 0x1F, 0x1F, 0x1F, 0x1F, 0x1F,
  0x1F, 0x1F, 0x1F, 0x1F, 0x1F, 0x1F, 0x1F, 0x1F, 0x1F, 0x1F, 0x1F, 0xFF, 0xFF, 0xFF, 0xFF, 0x03,
  0xE0, 0x07, 0xE0, 0x07, 0xE0, 0x0F, 0xF0, 0x0F, 0xF0, 0x0F, 0x78, 0x1E, 0x78, 0x1E, 0x78, 0x3C,
  0x3C, 0x3C, 0x3C, 0x3C, 0x1E, 0x78, 0x1E, 0x78, 0x1E, 0x70, 0x0F, 0xF0, 0x0F, 0xFF, 0xFF, 0xFF,
  0xFF, 0xFF, 0xFF, 0xFC, 0xF8, 0xF0, 0xF0, 0xE0, 0xE0, 0x07, 0xF8, 0x07, 0xFF, 0x83, 0xFF, 0xF1,
  0xFF, 0xFE, 0x7C, 0x1F, 0xBE, 0x03, 0xE0, 0x00, 0xF8, 0x01, 0xFE, 0x0F, 0xFF, 0x8F, 0xFF, 0xE7,
  0xF8, 0xFB, 0xF0, 0x3E, 0xF8, 0x0F, 0xBE, 0x07, 0xEF, 0xC3, 0xFB, 0xFF, 0xFE, 0x7F, 0xFF, 0x8F,
  0xFB, 0xF1, 0xF8, 0xFC, 0xF8, 0x00, 0x3E, 0x00, 0x0F, 0x80, 0x03, 0xE0, 0x00, 0xF8, 0x00, 0x3E,
  0x00, 0x0F, 0x80, 0x03, 0xE7, 0xE0, 0xFB, 0xFE, 0x3F, 0xFF, 0xCF, 0xFF, 0xF3, 0xF8, 0x7E, 0xFC,
  0x0F, 0xBF, 0x03, 0xFF, 0x80, 0x7F, 0xE0, 0x1F, 0xF8, 0x07, 0xFE, 0x01, 0xFF, 0x80, 0x7F, 0xF0,
  0x3F, 0xFC, 0x0F, 0xBF, 0x87, 0xEF, 0xFF, 0xF3, 0xFF, 0xFC, 0xFB, 0xFE, 0x3E, 0x7E, 0x00, 0x03,
  0xF0, 0x07, 0xFE, 0x0F, 0xFF, 0x87, 0xFF, 0xE7, 0xE1, 0xFB, 0xE0, 0x7F, 0xE0, 0x3F, 0xF0, 0x00,
  0xF8, 0x00, 0x7C, 0x00, 0x3E, 0x00, 0x1F, 0x00, 0x0F, 0x80, 0xFB, 0xE0, 0x7D, 0xF8, 0x7E, 0x7F,
  0xFE, 0x3F, 0xFE, 0x0F, 0xFE, 0x01, 0xFC, 0x00, 0x00, 0x03, 0xE0, 0x00, 0x7C, 0x00, 0x0F, 0x80,
  0x01, 0xF0, 0x00, 0x3E, 0x00, 0x07, 0xC0, 0x00, 0xF8, 0x3F, 0x1F, 0x0F, 0xFB, 0xE3, 0xFF, 0xFC,
  0xFF, 0xFF, 0xBF, 0x8F, 0xF7, 0xC0, 0x7F, 0xF8, 0x0F, 0xFE, 0x00, 0xFF, 0xC0, 0x1F, 0xF8, 0x03,
  0xFF, 0x00, 0x7F, 0xE0, 0x0F, 0xFE, 0x03, 0xF7, 0xC0, 0x7E, 0xFE, 0x3F, 0xCF, 0xFF, 0xF8, 0xFF,
  0xFF, 0x0F, 0xFB, 0xE0, 0xFC, 0x7C, 0x07, 0xE0, 0x07, 0xFE, 0x03, 0xFF, 0xE0, 0xFF, 0xF8, 0x7E,
  0x1F, 0x1F, 0x03, 0xCF, 0x80, 0xFB, 0xE0, 0x1E, 0xFF, 0xFF, 0xBF, 0xFF, 0xEF, 0xFF, 0xFB, 0xE0,
  0x00, 0xF8, 0x00, 0x3F, 0x03, 0xE7, 0xE1, 0xF9, 0xFF, 0xFC, 0x3F, 0xFE, 0x07, 0xFF, 0x00, 0x7F,
  0x00, 0x0F, 0xC7, 0xF3, 0xFC, 0xFF, 0x3E, 0x0F, 0x83, 0xE3, 0xFE, 0xFF, 0xBF, 0xE3, 0xE0, 0xF8,
  0x3E, 0x0F, 0x83, 0xE0, 0xF8, 0x3E, 0x0F, 0x83, 0xE0, 0xF8, 0x3E, 0x0F, 0x83, 0xE0, 0xF8, 0x3E,
  0x0F, 0x80, 0x07, 0xC7, 0xC3, 0xFD, 0xF3, 0xFF, 0xFC, 0xFF, 0xFF, 0x7E, 0x1F, 0xDF, 0x03, 0xFF,
  0xC0, 0xFF, 0xE0, 0x1F, 0xF8, 0x07, 0xFE, 0x01, 0xFF, 0x80, 0x7F, 0xE0, 0x1F, 0xFC, 0x0F, 0xDF,
  0x03, 0xF7, 0xE1, 0xFD, 0xFF, 0xFF, 0x3F, 0xFF, 0xC7, 0xFD, 0xF0, 0x7C, 0x7C, 0x00, 0x1F, 0x00,
  0x07, 0xFF, 0x03, 0xF7, 0xE1, 0xF9, 0xFF, 0xFC, 0x3F, 0xFE, 0x01, 0xFE, 0x00, 0xF8, 0x00, 0x7C,
  0x00, 0x3E, 0x00, 0x1F, 0x00, 0x0F, 0x80, 0x07, 0xC0, 0x03, 0xE0, 0x01, 0xF1, 0xF0, 0xFB, 0xFE,
  0x7F, 0xFF, 0xBF, 0xFF, 0xDF, 0xC3, 0xFF, 0xC0, 0xFF, 0xC0, 0x7F, 0xE0, 0x3F, 0xF0, 0x1F, 0xF8,
  0x0F, 0xFC, 0x07, 0xFE, 0x03, 0xFF, 0x01, 0xFF, 0x80, 0xFF, 0xC0, 0x7F, 0xE0, 0x3F, 0xF0, 0x1F,
  0xF8, 0x0F, 0xFC, 0x07, 0xC0, 0xFF, 0xFF, 0xF0, 0x00, 0x1F, 0xFF, 0xFF, 0xFF, 0xFF, 0xFF, 0xFF,
  0xFF, 0xFF, 0xFF, 0xFF, 0xFF, 0xC0, 0x3E, 0x7C, 0xF9, 0xF0, 0x00, 0x00, 0x1F, 0x3E, 0x7C, 0xF9,
  0xF3, 0xE7, 0xCF, 0x9F, 0x3E, 0x7C, 0xF9, 0xF3, 0xE7, 0xCF, 0x9F, 0x3E, 0x7C, 0xF9, 0xF3, 0xFF,
  0xFF, 0xFE, 0xF8, 0xF8, 0x00, 0x7C, 0x00, 0x3E, 0x00, 0x1F, 0x00, 0x0F, 0x80, 0x07, 0xC0, 0x03,
  0xE0, 0x01, 0xF0, 0x3E, 0xF8, 0x3E, 0x7C, 0x3F, 0x3E, 0x3F, 0x1F, 0x3F, 0x0F, 0x9F, 0x07, 0xDF,
  0x03, 0xFF, 0x81, 0xFF, 0xC0, 0xFF, 0xF0, 0x7F, 0xF8, 0x3F, 0x7E, 0x1F, 0x1F, 0x0F, 0x87, 0xC7,
  0xC3, 0xF3, 0xE0, 0xF9, 0xF0, 0x7E, 0xF8, 0x1F, 0x7C, 0x0F, 0xC0, 0xFF, 0xFF, 0xFF, 0xFF, 0xFF,
  0xFF, 0xFF, 0xFF, 0xFF, 0xFF, 0xFF, 0xFF, 0xFF, 0xFF, 0xFF, 0xFF, 0xC0, 0xF9, 0xF8, 0x3F, 0x1F,
  0x7F, 0xDF, 0xF3, 0xFF, 0xFF, 0xFF, 0x7F, 0xFF, 0xFF, 0xFF, 0xC3, 0xF8, 0x7F, 0xF8, 0x3F, 0x07,
  0xFE, 0x07, 0xC0, 0xFF, 0xC0, 0xF8, 0x1F, 0xF8, 0x1F, 0x03, 0xFF, 0x03, 0xE0, 0x7F, 0xE0, 0x7C,
  0x0F, 0xFC, 0x0F, 0x81, 0xFF, 0x81, 0xF0, 0x3F, 0xF0, 0x3E, 0x07, 0xFE, 0x07, 0xC0, 0xFF, 0xC0,
  0xF8, 0x1F, 0xF8, 0x1F, 0x03, 0xFF, 0x03, 0xE0, 0x7F, 0xE0, 0x7C, 0x0F, 0x80, 0xF8, 0xF8, 0x7D,
  0xFF, 0x3F, 0xFF, 0xDF, 0xFF, 0xEF, 0xE1, 0xFF, 0xE0, 0x7F, 0xE0, 0x3F, 0xF0, 0x1F, 0xF8, 0x0F,
  0xFC, 0x07, 0xFE, 0x03, 0xFF, 0x01, 0xFF, 0x80, 0xFF, 0xC0, 0x7F, 0xE0, 0x3F, 0xF0, 0x1F, 0xF8,
  0x0F, 0xFC, 0x07, 0xFE, 0x03, 0xE0, 0x03, 0xF8, 0x01, 0xFF, 0xC0, 0x7F, 0xFC, 0x1F, 0xFF, 0xC7,
  0xE0, 0xFC, 0xF8, 0x0F, 0xBF, 0x01, 0xFF, 0xC0, 0x1F, 0xF8, 0x03, 0xFF, 0x00, 0x7F, 0xE0, 0x0F,
  0xFC, 0x01, 0xFF, 0xC0, 0x7E, 0xF8, 0x0F, 0x9F, 0x87, 0xF1, 0xFF, 0xFC, 0x1F, 0xFF, 0x01, 0xFF,
  0xC0, 0x0F, 0xE0, 0x00, 0xF8, 0xF8, 0x3E, 0xFF, 0x8F, 0xFF, 0xF3, 0xFF, 0xFC, 0xFE, 0x1F, 0xBF,
  0x03, 0xEF, 0xC0, 0xFF, 0xE0, 0x1F, 0xF8, 0x07, 0xFE, 0x01, 0xFF, 0x80, 0x7F, 0xE0, 0x1F, 0xFC,
  0x0F, 0xFF, 0x03, 0xEF, 0xE1, 0xFB, 0xFF, 0xFC, 0xFF, 0xFF, 0x3E, 0xFF, 0x0F, 0x8F, 0x83, 0xE0,
  0x00, 0xF8, 0x00, 0x3E, 0x00, 0x0F, 0x80, 0x03, 0xE0, 0x00, 0xF8, 0x00, 0x3E, 0x00, 0x00, 0x07,
  0xE3, 0xE1, 0xFF, 0x7C, 0x7F, 0xFF, 0x9F, 0xFF, 0xF7, 0xE1, 0xFE, 0xF8, 0x0F, 0xFF, 0x01, 0xFF,
  0xC0, 0x1F, 0xF8, 0x03, 0xFF, 0x00, 0x7F, 0xE0, 0x0F, 0xFC, 0x01, 0xFF, 0xC0, 0x7E, 0xF8, 0x0F,
  0xDF, 0x83, 0xF9, 0xFF, 0xFF, 0x3F, 0xFF, 0xE1, 0xFF, 0x7C, 0x1F, 0x8F, 0x80, 0x01, 0xF0, 0x00,
  0x3E, 0x00, 0x07, 0xC0, 0x00, 0xF8, 0x00, 0x1F, 0x00, 0x03, 0xE0, 0x00, 0x7C, 0xF8, 0xFF, 0x7F,
  0xFF, 0xFF, 0xFF, 0xE1, 0xF8, 0x3E, 0x07, 0xC0, 0xF8, 0x1F, 0x03, 0xE0, 0x7C, 0x0F, 0x81, 0xF0,
  0x3E, 0x07, 0xC0, 0xF8, 0x1F, 0x03, 0xE0, 0x00, 0x07, 0xF0, 0x0F, 0xFE, 0x0F, 0xFF, 0x87, 0xFF,
  0xE7, 0xE1, 0xF3, 0xE0, 0x79, 0xF8, 0x00, 0xFF, 0x80, 0x3F, 0xFC, 0x1F, 0xFF, 0x83, 0xFF, 0xC0,
  0x3F, 0xF0, 0x01, 0xFF, 0xC0, 0x7D, 0xF0, 0x7E, 0xFF, 0xFE, 0x3F, 0xFF, 0x0F, 0xFF, 0x01, 0xFE,
  0x00, 0x3E, 0x1F, 0x0F, 0x87, 0xC3, 0xE7, 0xFF, 0xFF, 0xFF, 0x3E, 0x1F, 0x0F, 0x87, 0xC3, 0xE1,
  0xF0, 0xF8, 0x7C, 0x3E, 0x1F, 0x0F, 0x87, 0xF3, 0xF8, 0xFC, 0x3E, 0xF8, 0x0F, 0xFC, 0x07, 0xFE,
  0x03, 0xFF, 0x01, 0xFF, 0x80, 0xFF, 0xC0, 0x7F, 0xE0, 0x3F, 0xF0, 0x1F, 0xF8, 0x0F, 0xFC, 0x07,
  0xFE, 0x03, 0xFF, 0x01, 0xFF, 0x80, 0xFF, 0xC0, 0xFF, 0xF0, 0xFF, 0xFF, 0xFF, 0x7F, 0xFF, 0x9F,
  0xF7, 0xC7, 0xE3, 0xE0, 0x7C, 0x07, 0xCF, 0x80, 0xF9, 0xF0, 0x1F, 0x1F, 0x07, 0xC3, 0xE0, 0xF8,
  0x7C, 0x1F, 0x07, 0x83, 0xC0, 0xF8, 0xF8, 0x1F, 0x1F, 0x01, 0xE3, 0xC0, 0x3E, 0x78, 0x07, 0xDF,
  0x00, 0x7B, 0xC0, 0x0F, 0xF8, 0x01, 0xFF, 0x00, 0x1F, 0xC0, 0x03, 0xF8, 0x00, 0x7F, 0x00, 0x07,
  0xC0, 0x00, 0xFC, 0x1F, 0x03, 0xEF, 0x83, 0xE0, 0x7D, 0xF0, 0x7E, 0x1F, 0x3E, 0x0F, 0xC3, 0xE3,
  0xC3, 0xF8, 0x7C, 0x7C, 0x7F, 0x0F, 0x0F, 0x8F, 0xF3, 0xE1, 0xF1, 0xDE, 0x7C, 0x1E, 0x7B, 0xCF,
  0x83, 0xEF, 0x39, 0xE0, 0x7D, 0xE7, 0x3C, 0x07, 0xB8, 0xFF, 0x80, 0xF7, 0x1F, 0xE0, 0x1F, 0xE3,
  0xFC, 0x03, 0xFC, 0x3F, 0x80, 0x3F, 0x07, 0xF0, 0x07, 0xE0, 0xFC, 0x00, 0xFC, 0x1F, 0x80, 0x0F,
  0x83, 0xF0, 0x00, 0xFC, 0x1F, 0x9F, 0x07, 0xE7, 0xE3, 0xF0, 0xF8, 0xF8, 0x1F, 0x7E, 0x07, 0xFF,
  0x00, 0xFF, 0x80, 0x1F, 0xE0, 0x07, 0xF0, 0x00, 0xF8, 0x00, 0x7F, 0x00, 0x3F, 0xE0, 0x0F, 0xF8,
  0x07, 0xDF, 0x03, 0xF7, 0xE0, 0xF8, 0xF8, 0x7E, 0x3F, 0x1F, 0x07, 0xEF, 0xC0, 0xF8, 0x7C, 0x03,
  0xEF, 0x80, 0xF9, 0xF8, 0x1F, 0x1F, 0x03, 0xE3, 0xE0, 0xF8, 0x7C, 0x1F, 0x07, 0xC3, 0xE0, 0xF8,
  0x78, 0x0F, 0x1F, 0x01, 0xF3, 0xC0, 0x3E, 0x78, 0x03, 0xDF, 0x00, 0x7F, 0xC0, 0x0F, 0xF8, 0x00,
  0xFF, 0x00, 0x1F, 0xC0, 0x01, 0xF8, 0x00, 0x3F, 0x00, 0x07, 0xC0, 0x00, 0xF8, 0x00, 0x1E, 0x00,
  0x07, 0xC0, 0x07, 0xF8, 0x00, 0xFE, 0x00, 0x1F, 0x80, 0x03, 0xE0, 0x00, 0x7F, 0xFE, 0x7F, 0xFE,
  0x7F, 0xFE, 0x7F, 0xFE, 0x00, 0x7E, 0x00, 0xFC, 0x01, 0xF8, 0x03, 0xF0, 0x03, 0xF0, 0x07, 0xE0,
  0x0F, 0xC0, 0x1F, 0x80, 0x3F, 0x00, 0x7E, 0x00, 0xFE, 0x00, 0xFF, 0xFF, 0xFF, 0xFF, 0xFF, 0xFF,
  0xFF, 0xFF, 0x07, 0x87, 0xC3, 0xE3, 0xF1, 0xE0, 0xF0, 0x78, 0x3C, 0x1E, 0x0F, 0x07, 0x83, 0xC1,
  0xE0, 0xF0, 0xF9, 0xF8, 0xF0, 0x7E, 0x0F, 0x83, 0xC1, 0xE0, 0xF0, 0x78, 0x3C, 0x1E, 0x0F, 0x07,
  0x83, 0xC1, 0xE0, 0xFC, 0x3E, 0x1F, 0x07, 0x80, 0xFF, 0xFF, 0xFF, 0xFF, 0xFF, 0xFF, 0xFF, 0xFF,
  0xFF, 0xFF, 0xFF, 0xFF, 0xE0, 0xF0, 0x7C, 0x3E, 0x1F, 0x83, 0xC1, 0xE0, 0xF0, 0x78, 0x3C, 0x1E,
  0x0F, 0x07, 0x83, 0xC1, 0xE0, 0xF0, 0x7C, 0x1F, 0x83, 0xC7, 0xE7, 0xC3, 0xC1, 0xE0, 0xF0, 0x78,
  0x3C, 0x1E, 0x0F, 0x07, 0x83, 0xC7, 0xE3, 0xF1, 0xF0, 0xF0, 0x00, 0x3C, 0x00, 0xFE, 0x0F, 0xFE,
  0x1E, 0x1F, 0xFC, 0x1F, 0xC0, 0x0F, 0x00, 0x00, 0xFF, 0xFF, 0xFF, 0x80, 0x06, 0x31, 0x9E, 0xF7,
  0xBD, 0xEF, 0x7B, 0xFF, 0xFF, 0xFF, 0xFF, 0xF8, 0x00, 0x80, 0x00, 0x20, 0x00, 0x08, 0x00, 0x0F,
  0xC0, 0x0F, 0xFE, 0x0F, 0xFF, 0xC3, 0xFF, 0xF9, 0xFA, 0x7E, 0x7C, 0x8F, 0xFE, 0x21, 0xFF, 0x88,
  0x03, 0xE2, 0x00, 0xF8, 0x80, 0x3E, 0x20, 0x0F, 0x88, 0x03, 0xE2, 0x00, 0xFC, 0x87, 0xDF, 0x23,
  0xF7, 0xF9, 0xF8, 0xFF, 0xFC, 0x3F, 0xFF, 0x03, 0xFF, 0x00, 0x3F, 0x00, 0x02, 0x00, 0x00, 0x80,
  0x00, 0x20, 0x00, 0x08, 0x00, 0x03, 0xF8, 0x03, 0xFF, 0x81, 0xFF, 0xF0, 0xFF, 0xFE, 0x7E, 0x1F,
  0x9F, 0x03, 0xF7, 0xC0, 0x7D, 0xF0, 0x1F, 0x7C, 0x00, 0x1F, 0x80, 0x03, 0xE0, 0x00, 0xFC, 0x00,
  0xFF, 0xF0, 0x03, 0xE0, 0x00, 0xF8, 0x00, 0x3E, 0x00, 0x0F, 0x80, 0x03, 0xC0, 0x00, 0xF0, 0x00,
  0x78, 0x00, 0x3D, 0xE1, 0x9F, 0xFF, 0xF7, 0xFF, 0xFC, 0xFF, 0xFF, 0x30, 0x3F, 0x00, 0x20, 0x01,
  0x1C, 0xFC, 0xE7, 0xFF, 0xF8, 0xFF, 0xFE, 0x3F, 0xFF, 0x07, 0x87, 0x83, 0xC0, 0xF0, 0xE0, 0x1C,
  0x38, 0x07, 0x0E, 0x01, 0xC3, 0xC0, 0xF0, 0x78, 0x78, 0x3F, 0xFF, 0x0F, 0xFF, 0xC7, 0xFF, 0xF9,
  0xCF, 0xCE, 0x30, 0x03, 0x00, 0x00, 0x00, 0xF8, 0x0F, 0xBC, 0x07, 0x9F, 0x07, 0xC7, 0x83, 0xC3,
  0xE3, 0xE0, 0xF1, 0xE0, 0x79, 0xF0, 0x1E, 0xF0, 0x0F, 0xF8, 0x03, 0xF8, 0x01, 0xFC, 0x00, 0x7C,
  0x03, 0xFF, 0xE1, 0xFF, 0xF0, 0x0F, 0x80, 0x07, 0xC0, 0x3F, 0xFE, 0x1F, 0xFF, 0x00, 0xF8, 0x00,
  0x7C, 0x00, 0x3E, 0x00, 0x1F, 0x00, 0x0F, 0x80, 0x07, 0xC0, 0xFF, 0xFF, 0xFF, 0xFF, 0xFF, 0xC0,
  0x00, 0x7F, 0xFF, 0xFF, 0xFF, 0xFF, 0xE0, 0x07, 0xF0, 0x0F, 0xFC, 0x0F, 0xFF, 0x07, 0xFF, 0xC7,
  0xC3, 0xE3, 0xE0, 0xF1, 0xF8, 0x00, 0xFE, 0x00, 0x3F, 0xC0, 0x0F, 0xF8, 0x07, 0xFF, 0x0F, 0xFF,
  0xC7, 0x9F, 0xF7, 0x83, 0xFF, 0xC0, 0x7F, 0xF0, 0x0F, 0xFC, 0x07, 0xFF, 0x83, 0xDF, 0xF3, 0xC7,
  0xFF, 0xE0, 0xFF, 0xC0, 0x1F, 0xF0, 0x07, 0xF8, 0x00, 0xFE, 0x00, 0x3F, 0x3E, 0x0F, 0x9F, 0x07,
  0xCF, 0xC7, 0xE3, 0xFF, 0xE1, 0xFF, 0xE0, 0x7F, 0xE0, 0x0F, 0xE0, 0xF3, 0xFC, 0xFF, 0x3F, 0xCF,
  0x00, 0x7F, 0x00, 0x00, 0x7F, 0xF8, 0x00, 0x7F, 0xFF, 0x80, 0x3E, 0x03, 0xF0, 0x1E, 0x00, 0x1E,
  0x0F, 0x0F, 0xC3, 0xC3, 0x8F, 0xF8, 0x71, 0xC3, 0xFF, 0x0E, 0x61, 0xE1, 0xE1, 0xB8, 0x70, 0x38,
  0x7C, 0x38, 0x00, 0x0F, 0x0E, 0x00, 0x03, 0xC3, 0x80, 0x00, 0xF0, 0xE0, 0x00, 0x3C, 0x38, 0x00,
  0x0F, 0x0E, 0x00, 0x03, 0xE1, 0xC0, 0xE1, 0xD8, 0x78, 0x78, 0x67, 0x0F, 0xFC, 0x38, 0xE3, 0xFE,
  0x1C, 0x3C, 0x3F, 0x0F, 0x07, 0x80, 0x07, 0x80, 0xF8, 0x0F, 0xC0, 0x1F, 0xFF, 0xE0, 0x01, 0xFF,
  0xE0, 0x00, 0x1F, 0xC0, 0x00, 0x1F, 0x0F, 0xF9, 0x87, 0x00, 0xE0, 0x1C, 0x3F, 0x9F, 0xF7, 0x8E,
  0xE1, 0xDC, 0x7B, 0xFF, 0x3E, 0xF0, 0x00, 0x00, 0x1F, 0xFB, 0xFF, 0x7F, 0xE0, 0x00, 0x00, 0x60,
  0x47, 0x06, 0x78, 0x77, 0xC7, 0xFC, 0x7B, 0x83, 0x9C, 0x18, 0xF0, 0xE7, 0xC7, 0x9F, 0x1E, 0x78,
  0x70, 0xC1, 0x82, 0x04, 0xFF, 0xFF, 0xFF, 0xFF, 0xFF, 0xFF, 0xFF, 0xFF, 0xF0, 0x00, 0x78, 0x00,
  0x3C, 0x00, 0x1E, 0x00, 0x0F, 0x00, 0x07, 0x80, 0x03, 0xC0, 0xFF, 0xFF, 0xFF, 0xFF, 0xF0, 0x00,
  0x7F, 0x00, 0x00, 0x7F, 0xF8, 0x00, 0x7F, 0xFF, 0x00, 0x3E, 0x03, 0xE0, 0x1E, 0x00, 0x1C, 0x0F,
  0x7F, 0xC3, 0x83, 0x9F, 0xF8, 0x71, 0xC7, 0xFF, 0x0E, 0x61, 0xC1, 0xC1, 0xB8, 0x70, 0x70, 0x6C,
  0x1C, 0x1C, 0x0F, 0x07, 0x07, 0x03, 0xC1, 0xFF, 0x80, 0xF0, 0x7F, 0xC0, 0x3C, 0x1F, 0xF8, 0x0F,
  0x07, 0x07, 0x03, 0xE1, 0xC1, 0xC1, 0xD8, 0x70, 0x70, 0x67, 0x1C, 0x1C, 0x38, 0xE7, 0x07, 0x1C,
  0x3C, 0x00, 0x0F, 0x07, 0x80, 0x07, 0x80, 0xF8, 0x0F, 0xC0, 0x1F, 0xFF, 0xE0, 0x01, 0xFF, 0xE0,
  0x00, 0x1F, 0xE0, 0x00, 0xFF, 0xFF, 0xFF, 0xFC, 0x1F, 0x07, 0xF1, 0xC7, 0x70, 0x7C, 0x07, 0x80,
  0xF0, 0x1F, 0x07, 0x71, 0xC7, 0xF0, 0x7C, 0x00, 0x03, 0xC0, 0x01, 0xE0, 0x00, 0xF0, 0x00, 0x78,
  0x00, 0x3C, 0x00, 0x1E, 0x03, 0xFF, 0xFD, 0xFF, 0xFE, 0xFF, 0xFF, 0x7F, 0xFF, 0x80, 0xF0, 0x00,
  0x78, 0x00, 0x3C, 0x00, 0x1E, 0x00, 0x0F, 0x00, 0x07, 0x80, 0x00, 0x00, 0x00, 0x00, 0x00, 0x00,
  0x1F, 0xFF, 0xFF, 0xFF, 0xFF, 0xFF, 0xFF, 0xFF, 0xFE, 0x0F, 0x03, 0xF8, 0xFF, 0x3C, 0xF7, 0x0E,
  0xE1, 0xC0, 0x38, 0x0F, 0x03, 0xC1, 0xF0, 0x7C, 0x1E, 0x07, 0x80, 0xFF, 0xDF, 0xFF, 0xFF, 0x1F,
  0x1F, 0xE7, 0xFF, 0x8F, 0xE1, 0xC0, 0x70, 0x38, 0x3C, 0x0F, 0x80, 0xF0, 0x1F, 0x87, 0xF3, 0xDF,
  0xE7, 0xF8, 0x78, 0x3E, 0x79, 0xE3, 0x8E, 0x00, 0xF8, 0x1F, 0x3E, 0x07, 0xCF, 0x81, 0xF3, 0xE0,
  0x7C, 0xF8, 0x1F, 0x3E, 0x07, 0xCF, 0x81, 0xF3, 0xE0, 0x7C, 0xF8, 0x1F, 0x3E, 0x07, 0xCF, 0x81,
  0xF3, 0xE0, 0x7C, 0xF8, 0x1F, 0x3E, 0x0F, 0xCF, 0xC7, 0xF3, 0xFF, 0xFF, 0xFF, 0xFF, 0xFF, 0xFB,
  0xFF, 0xBC, 0x7B, 0xE0, 0x00, 0xF8, 0x00, 0x3E, 0x00, 0x0F, 0x80, 0x03, 0xE0, 0x00, 0xF8, 0x00,
  0x3E, 0x00, 0x00, 0x07, 0xFF, 0xC7, 0xFF, 0xF3, 0xFF, 0xFD, 0xFF, 0x1C, 0x7F, 0xC7, 0x3F, 0xF1,
  0xCF, 0xFC, 0x73, 0xFF, 0x1C, 0xFF, 0xC7, 0x3F, 0xF1, 0xCF, 0xFC, 0x71, 0xFF, 0x1C, 0x7F, 0xC7,
  0x0F, 0xF1, 0xC1, 0xFC, 0x70, 0x3F, 0x1C, 0x01, 0xC7, 0x00, 0x71, 0xC0, 0x1C, 0x70, 0x07, 0x1C,
  0x01, 0xC7, 0x00, 0x71, 0xC0, 0x1C, 0x70, 0x07, 0x1C, 0x01, 0xC7, 0x00, 0x71, 0xC0, 0x1C, 0x70,
  0x07, 0x1C, 0x01, 0xC7, 0x00, 0x71, 0xC0, 0x1C, 0x70, 0x07, 0x1C, 0xFF, 0xFF, 0x0C, 0x04, 0x07,
  0xC0, 0xF0, 0x3E, 0x3F, 0xF8, 0x06, 0x3F, 0xFF, 0xF0, 0xE1, 0xC3, 0x87, 0x0E, 0x1C, 0x38, 0x70,
  0xE1, 0xC0, 0x1F, 0x07, 0xF1, 0xC7, 0x70, 0xFE, 0x0F, 0xC1, 0xF8, 0x3F, 0x07, 0xE0, 0xEE, 0x38,
  0xFE, 0x0F, 0x80, 0x00, 0x00, 0x3F, 0xFF, 0xFF, 0xFF, 0xE0, 0x01, 0x06, 0x0C, 0x38, 0x71, 0xE3,
  0xCF, 0x8F, 0x1E, 0x3C, 0x70, 0xE3, 0x83, 0x3C, 0x7B, 0xE7, 0xFE, 0x7D, 0xC3, 0xCC, 0x1C, 0x40,
  0x80, 0x06, 0x00, 0x00, 0x07, 0x00, 0x00, 0x3F, 0x80, 0x07, 0x1F, 0xC0, 0x07, 0x00, 0xE0, 0x03,
  0x80, 0x70, 0x03, 0x80, 0x38, 0x01, 0xC0, 0x1C, 0x01, 0xC0, 0x0E, 0x01, 0xC0, 0x07, 0x00, 0xE0,
  0x03, 0x80, 0xE0, 0x01, 0xC0, 0x70, 0x00, 0xE0, 0x70, 0x00, 0x70, 0x70, 0x00, 0x00, 0x38, 0x3C,
  0x00, 0x38, 0x1E, 0x00, 0x1C, 0x1F, 0x00, 0x1C, 0x1F, 0x80, 0x1E, 0x0D, 0xC0, 0x0E, 0x0C, 0xE0,
  0x0E, 0x0E, 0x70, 0x07, 0x06, 0x38, 0x07, 0x07, 0xFE, 0x07, 0x83, 0xFF, 0x03, 0x81, 0xFF, 0x83,
  0x80, 0x03, 0x81, 0xC0, 0x01, 0xC0, 0x06, 0x00, 0x00, 0x03, 0x80, 0x00, 0x0F, 0xE0, 0x01, 0xC3,
  0xF8, 0x00, 0xE0, 0x0E, 0x00, 0x38, 0x03, 0x80, 0x1C, 0x00, 0xE0, 0x07, 0x00, 0x38, 0x03, 0x80,
  0x0E, 0x01, 0xC0, 0x03, 0x80, 0x70, 0x00, 0xE0, 0x38, 0x00, 0x38, 0x0E, 0x00, 0x0E, 0x07, 0x1F,
  0x03, 0x83, 0x8F, 0xE0, 0x00, 0xE7, 0xFC, 0x00, 0x71, 0xC7, 0x00, 0x1C, 0x71, 0xC0, 0x0E, 0x38,
  0x70, 0x07, 0x80, 0x1C, 0x01, 0xC0, 0x07, 0x00, 0xE0, 0x07, 0x80, 0x38, 0x03, 0xC0, 0x1C, 0x01,
  0xE0, 0x0F, 0x01, 0xF0, 0x03, 0x80, 0x78, 0x01, 0xC0, 0x3F, 0xF0, 0x70, 0x0F, 0xFC, 0x00, 0x03,
  0xFF, 0x1F, 0x00, 0x00, 0x7F, 0x80, 0x00, 0x7F, 0xC0, 0x00, 0xE3, 0xC0, 0x00, 0xE1, 0xC0, 0x1C,
  0x01, 0xC0, 0x38, 0x03, 0x80, 0x78, 0x0F, 0x00, 0x70, 0x0F, 0x80, 0xE0, 0x03, 0xC0, 0xE0, 0x01,
  0xC1, 0xC0, 0xE1, 0xC3, 0xC0, 0xF3, 0xC3, 0x80, 0x7F, 0x87, 0x00, 0x7F, 0x87, 0x00, 0x1E, 0x0E,
  0x00, 0x00, 0x0E, 0x1E, 0x00, 0x1C, 0x1E, 0x00, 0x38, 0x3E, 0x00, 0x38, 0x7E, 0x00, 0x70, 0x6E,
  0x00, 0x70, 0xCE, 0x00, 0xE1, 0xCE, 0x01, 0xC1, 0x8E, 0x01, 0xC3, 0xFF, 0x03, 0x83, 0xFF, 0x03,
  0x83, 0xFF, 0x07, 0x00, 0x0E, 0x0E, 0x00, 0x0E, 0x01, 0xF0, 0x00, 0x7C, 0x00, 0x1F, 0x00, 0x07,
  0xC0, 0x01, 0xF0, 0x00, 0x00, 0x00, 0x00, 0x00, 0x03, 0xC0, 0x00, 0xF0, 0x00, 0x3C, 0x00, 0x3F,
  0x00, 0x3F, 0x80, 0x1F, 0xC0, 0x0F, 0xE0, 0x07, 0xF0, 0x01, 0xF8, 0x00, 0xFC, 0x00, 0x3E, 0x01,
  0xFF, 0x80, 0x7F, 0xF0, 0x1F, 0x7C, 0x07, 0xDF, 0xC3, 0xF3, 0xFF, 0xF8, 0x7F, 0xFC, 0x0F, 0xFE,
  0x00, 0xFF, 0x00, 0x01, 0xF0, 0x00, 0x00, 0x78, 0x00, 0x00, 0x38, 0x00, 0x00, 0x1C, 0x00, 0x00,
  0x00, 0x00, 0x00, 0x7E, 0x00, 0x00, 0x7F, 0x00, 0x00, 0x7F, 0x00, 0x00, 0xFF, 0x00, 0x00, 0xFF,
  0x80, 0x01, 0xFF, 0x80, 0x01, 0xFF, 0x80, 0x01, 0xF7, 0xC0, 0x03, 0xE7, 0xC0, 0x03, 0xE7, 0xC0,
  0x03, 0xE3, 0xE0, 0x07, 0xC3, 0xE0, 0x07, 0xC3, 0xE0, 0x07, 0xC1, 0xF0, 0x0F, 0x81, 0xF0, 0x0F,
  0x81, 0xF0, 0x0F, 0xFF, 0xF8, 0x1F, 0xFF, 0xF8, 0x1F, 0xFF, 0xFC, 0x1F, 0xFF, 0xFC, 0x3E, 0x00,
  0x7C, 0x3E, 0x00, 0x7E, 0x3E, 0x00, 0x3E, 0x7C, 0x00, 0x3E, 0x7C, 0x00, 0x3F, 0x7C, 0x00, 0x1F,
  0x00, 0x07, 0x80, 0x00, 0x0F, 0x00, 0x00, 0x1E, 0x00, 0x00, 0x38, 0x00, 0x00, 0x00, 0x00, 0x00,
  0x7E, 0x00, 0x00, 0x7F, 0x00, 0x00, 0x7F, 0x00, 0x00, 0xFF, 0x00, 0x00, 0xFF, 0x80, 0x01, 0xFF,
  0x80, 0x01, 0xFF, 0x80, 0x01, 0xF7, 0xC0, 0x03, 0xE7, 0xC0, 0x03, 0xE7, 0xC0, 0x03, 0xE3, 0xE0,
  0x07, 0xC3, 0xE0, 0x07, 0xC3, 0xE0, 0x07, 0xC1, 0xF0, 0x0F, 0x81, 0xF0, 0x0F, 0x81, 0xF0, 0x0F,
  0xFF, 0xF8, 0x1F, 0xFF, 0xF8, 0x1F, 0xFF, 0xFC, 0x1F, 0xFF, 0xFC, 0x3E, 0x00, 0x7C, 0x3E, 0x00,
  0x7E, 0x3E, 0x00, 0x3E, 0x7C, 0x00, 0x3E, 0x7C, 0x00, 0x3F, 0x7C, 0x00, 0x1F, 0x00, 0x3E, 0x00,
  0x00, 0x7E, 0x00, 0x00, 0xF7, 0x00, 0x01, 0xC3, 0x80, 0x00, 0x00, 0x00, 0x00, 0x7E, 0x00, 0x00,
  0x7F, 0x00, 0x00, 0x7F, 0x00, 0x00, 0xFF, 0x00, 0x00, 0xFF, 0x80, 0x01, 0xFF, 0x80, 0x01, 0xFF,
  0x80, 0x01, 0xF7, 0xC0, 0x03, 0xE7, 0xC0, 0x03, 0xE7, 0xC0, 0x03, 0xE3, 0xE0, 0x07, 0xC3, 0xE0,
  0x07, 0xC3, 0xE0, 0x07, 0xC1, 0xF0, 0x0F, 0x81, 0xF0, 0x0F, 0x81, 0xF0, 0x0F, 0xFF, 0xF8, 0x1F,
  0xFF, 0xF8, 0x1F, 0xFF, 0xFC, 0x1F, 0xFF, 0xFC, 0x3E, 0x00, 0x7C, 0x3E, 0x00, 0x7E, 0x3E, 0x00,
  0x3E, 0x7C, 0x00, 0x3E, 0x7C, 0x00, 0x3F, 0x7C, 0x00, 0x1F, 0x00, 0xF1, 0xC0, 0x01, 0xFF, 0x80,
  0x01, 0xFF, 0x80, 0x01, 0x8F, 0x00, 0x00, 0x00, 0x00, 0x00, 0x7E, 0x00, 0x00, 0x7F, 0x00, 0x00,
  0x7F, 0x00, 0x00, 0xFF, 0x00, 0x00, 0xFF, 0x80, 0x01, 0xFF, 0x80, 0x01, 0xFF, 0x80, 0x01, 0xF7,
  0xC0, 0x03, 0xE7, 0xC0, 0x03, 0xE7, 0xC0, 0x03, 0xE3, 0xE0, 0x07, 0xC3, 0xE0, 0x07, 0xC3, 0xE0,
  0x07, 0xC1, 0xF0, 0x0F, 0x81, 0xF0, 0x0F, 0x81, 0xF0, 0x0F, 0xFF, 0xF8, 0x1F, 0xFF, 0xF8, 0x1F,
  0xFF, 0xFC, 0x1F, 0xFF, 0xFC, 0x3E, 0x00, 0x7C, 0x3E, 0x00, 0x7E, 0x3E, 0x00, 0x3E, 0x7C, 0x00,
  0x3E, 0x7C, 0x00, 0x3F, 0x7C, 0x00, 0x1F, 0x01, 0xE3, 0xC0, 0x01, 0xE3, 0xC0, 0x01, 0xE3, 0xC0,
  0x01, 0xE3, 0xC0, 0x01, 0xE3, 0xC0, 0x00, 0x00, 0x00, 0x00, 0x7E, 0x00, 0x00, 0x7F, 0x00, 0x00,
  0x7F, 0x00, 0x00, 0xFF, 0x00, 0x00, 0xFF, 0x80, 0x01, 0xFF, 0x80, 0x01, 0xFF, 0x80, 0x01, 0xF7,
  0xC0, 0x03, 0xE7, 0xC0, 0x03, 0xE7, 0xC0, 0x03, 0xE3, 0xE0, 0x07, 0xC3, 0xE0, 0x07, 0xC3, 0xE0,
  0x07, 0xC1, 0xF0, 0x0F, 0x81, 0xF0, 0x0F, 0x81, 0xF0, 0x0F, 0xFF, 0xF8, 0x1F, 0xFF, 0xF8, 0x1F,
  0xFF, 0xFC, 0x1F, 0xFF, 0xFC, 0x3E, 0x00, 0x7C, 0x3E, 0x00, 0x7E, 0x3E, 0x00, 0x3E, 0x7C, 0x00,
  0x3E, 0x7C, 0x00, 0x3F, 0x7C, 0x00, 0x1F, 0x00, 0x3E, 0x00, 0x00, 0x63, 0x00, 0x00, 0xC3, 0x00,
  0x00, 0x63, 0x00, 0x00, 0x7E, 0x00, 0x00, 0x7E, 0x00, 0x00, 0x7F, 0x00, 0x00, 0x7F, 0x00, 0x00,
  0xFF, 0x00, 0x00, 0xFF, 0x80, 0x01, 0xFF, 0x80, 0x01, 0xFF, 0x80, 0x01, 0xF7, 0xC0, 0x03, 0xE7,
  0xC0, 0x03, 0xE7, 0xC0, 0x03, 0xE3, 0xE0, 0x07, 0xC3, 0xE0, 0x07, 0xC3, 0xE0, 0x07, 0xC1, 0xF0,
  0x0F, 0x81, 0xF0, 0x0F, 0x81, 0xF0, 0x0F, 0xFF, 0xF8, 0x1F, 0xFF, 0xF8, 0x1F, 0xFF, 0xFC, 0x1F,
  0xFF, 0xFC, 0x3E, 0x00, 0x7C, 0x3E, 0x00, 0x7E, 0x3E, 0x00, 0x3E, 0x7C, 0x00, 0x3E, 0x7C, 0x00,
  0x3F, 0x7C, 0x00, 0x1F, 0x00, 0x7F, 0xFF, 0xFF, 0x80, 0x3F, 0xFF, 0xFF, 0xC0, 0x3F, 0xFF, 0xFF,
  0xE0, 0x1F, 0xFF, 0xFF, 0xF0, 0x0F, 0x1F, 0x00, 0x00, 0x0F, 0x8F, 0x80, 0x00, 0x07, 0xC7, 0xC0,
  0x00, 0x03, 0xE3, 0xE0, 0x00, 0x03, 0xE1, 0xF0, 0x00, 0x01, 0xF0, 0xF8, 0x00, 0x01, 0xF8, 0x7C,
  0x00, 0x00, 0xF8, 0x3F, 0xFF, 0xE0, 0x7C, 0x1F, 0xFF, 0xF0, 0x7E, 0x0F, 0xFF, 0xF8, 0x3E, 0x07,
  0xFF, 0xFC, 0x1F, 0x03, 0xE0, 0x00, 0x1F, 0xFF, 0xF0, 0x00, 0x0F, 0xFF, 0xF8, 0x00, 0x07, 0xFF,
  0xFC, 0x00, 0x07, 0xFF, 0xFE, 0x00, 0x03, 0xE0, 0x1F, 0x00, 0x01, 0xF0, 0x0F, 0x80, 0x01, 0xF0,
  0x07, 0xFF, 0xFE, 0xF8, 0x03, 0xFF, 0xFF, 0xFC, 0x01, 0xFF, 0xFF, 0xFE, 0x00, 0xFF, 0xFF, 0xC0,
  0x00, 0xFF, 0x00, 0x07, 0xFF, 0x80, 0x3F, 0xFF, 0xC0, 0xFF, 0xFF, 0xC3, 0xFC, 0x1F, 0xC7, 0xE0,
  0x1F, 0x9F, 0x80, 0x1F, 0x3E, 0x00, 0x1F, 0x7C, 0x00, 0x3F, 0xF0, 0x00, 0x03, 0xE0, 0x00, 0x07,
  0xC0, 0x00, 0x0F, 0x80, 0x00, 0x1F, 0x00, 0x00, 0x3E, 0x00, 0x00, 0x7C, 0x00, 0x00, 0xF8, 0x00,
  0x01, 0xF8, 0x00, 0x7D, 0xF0, 0x00, 0xFB, 0xF0, 0x03, 0xF7, 0xF0, 0x0F, 0xC7, 0xF8, 0x3F, 0x87,
  0xFF, 0xFE, 0x0F, 0xFF, 0xF8, 0x07, 0xFF, 0xE0, 0x07, 0xFE, 0x00, 0x03, 0xC0, 0x00, 0x01, 0xE0,
  0x00, 0x03, 0xF0, 0x00, 0x0F, 0xE0, 0x00, 0x01, 0xC0, 0x01, 0x87, 0x80, 0x03, 0xFC, 0x00, 0x07,
  0x80, 0x00, 0x78, 0x00, 0x07, 0x80, 0x00, 0x38, 0x00, 0x00, 0x01, 0xFF, 0xFF, 0xBF, 0xFF, 0xF7,
  0xFF, 0xFE, 0xFF, 0xFF, 0xDF, 0x00, 0x03, 0xE0, 0x00, 0x7C, 0x00, 0x0F, 0x80, 0x01, 0xF0, 0x00,
  0x3E, 0x00, 0x07, 0xC0, 0x00, 0xFF, 0xFF, 0x9F, 0xFF, 0xF3, 0xFF, 0xFE, 0x7F, 0xFF, 0xCF, 0x80,
  0x01, 0xF0, 0x00, 0x3E, 0x00, 0x07, 0xC0, 0x00, 0xF8, 0x00, 0x1F, 0x00, 0x03, 0xE0, 0x00, 0x7F,
  0xFF, 0xFF, 0xFF, 0xFF, 0xFF, 0xFF, 0xFF, 0xFF, 0xF8, 0x00, 0x78, 0x00, 0x1E, 0x00, 0x07, 0x80,
  0x00, 0xC0, 0x00, 0x00, 0x01, 0xFF, 0xFF, 0xBF, 0xFF, 0xF7, 0xFF, 0xFE, 0xFF, 0xFF, 0xDF, 0x00,
  0x03, 0xE0, 0x00, 0x7C, 0x00, 0x0F, 0x80, 0x01, 0xF0, 0x00, 0x3E, 0x00, 0x07, 0xC0, 0x00, 0xFF,
  0xFF, 0x9F, 0xFF, 0xF3, 0xFF, 0xFE, 0x7F, 0xFF, 0xCF, 0x80, 0x01, 0xF0, 0x00, 0x3E, 0x00, 0x07,
  0xC0, 0x00, 0xF8, 0x00, 0x1F, 0x00, 0x03, 0xE0, 0x00, 0x7F, 0xFF, 0xFF, 0xFF, 0xFF, 0xFF, 0xFF,
  0xFF, 0xFF, 0xF8, 0x01, 0xE0, 0x00, 0x7E, 0x00, 0x1D, 0xE0, 0x07, 0x0E, 0x00, 0x00, 0x01, 0xFF,
  0xFF, 0xBF, 0xFF, 0xF7, 0xFF, 0xFE, 0xFF, 0xFF, 0xDF, 0x00, 0x03, 0xE0, 0x00, 0x7C, 0x00, 0x0F,
  0x80, 0x01, 0xF0, 0x00, 0x3E, 0x00, 0x07, 0xC0, 0x00, 0xFF, 0xFF, 0x9F, 0xFF, 0xF3, 0xFF, 0xFE,
  0x7F, 0xFF, 0xCF, 0x80, 0x01, 0xF0, 0x00, 0x3E, 0x00, 0x07, 0xC0, 0x00, 0xF8, 0x00, 0x1F, 0x00,
  0x03, 0xE0, 0x00, 0x7F, 0xFF, 0xFF, 0xFF, 0xFF, 0xFF, 0xFF, 0xFF, 0xFF, 0xF8, 0x0F, 0x1E, 0x01,
  0xE3, 0xC0, 0x3C, 0x78, 0x07, 0x8F, 0x00, 0xF1, 0xE0, 0x00, 0x00, 0x3F, 0xFF, 0xF7, 0xFF, 0xFE,
  0xFF, 0xFF, 0xDF, 0xFF, 0xFB, 0xE0, 0x00, 0x7C, 0x00, 0x0F, 0x80, 0x01, 0xF0, 0x00, 0x3E, 0x00,
  0x07, 0xC0, 0x00, 0xF8, 0x00, 0x1F, 0xFF, 0xF3, 0xFF, 0xFE, 0x7F, 0xFF, 0xCF, 0xFF, 0xF9, 0xF0,
  0x00, 0x3E, 0x00, 0x07, 0xC0, 0x00, 0xF8, 0x00, 0x1F, 0x00, 0x03, 0xE0, 0x00, 0x7C, 0x00, 0x0F,
  0xFF, 0xFF, 0xFF, 0xFF, 0xFF, 0xFF, 0xFF, 0xFF, 0xFF, 0xF8, 0x3C, 0x1C, 0x0E, 0x00, 0x1F, 0x1F,
  0x1F, 0x1F, 0x1F, 0x1F, 0x1F, 0x1F, 0x1F, 0x1F, 0x1F, 0x1F, 0x1F, 0x1F, 0x1F, 0x1F, 0x1F, 0x1F,
  0x1F, 0x1F, 0x1F, 0x1F, 0x1F, 0x1F, 0x1F, 0x1F, 0x1F, 0x3C, 0x78, 0x70, 0x00, 0x3E, 0x3E, 0x3E,
  0x3E, 0x3E, 0x3E, 0x3E, 0x3E, 0x3E, 0x3E, 0x3E, 0x3E, 0x3E, 0x3E, 0x3E, 0x3E, 0x3E, 0x3E, 0x3E,
  0x3E, 0x3E, 0x3E, 0x3E, 0x3E, 0x3E, 0x3E, 0x1F, 0x07, 0xE1, 0xCE, 0x70, 0xE0, 0x00, 0x3E, 0x07,
  0xC0, 0xF8, 0x1F, 0x03, 0xE0, 0x7C, 0x0F, 0x81, 0xF0, 0x3E, 0x07, 0xC0, 0xF8, 0x1F, 0x03, 0xE0,
  0x7C, 0x0F, 0x81, 0xF0, 0x3E, 0x07, 0xC0, 0xF8, 0x1F, 0x03, 0xE0, 0x7C, 0x0F, 0x81, 0xF0, 0x3E,
  0x07, 0xC0, 0xF1, 0xFE, 0x3F, 0xC7, 0xF8, 0xFF, 0x1E, 0x00, 0x07, 0xC0, 0xF8, 0x1F, 0x03, 0xE0,
  0x7C, 0x0F, 0x81, 0xF0, 0x3E, 0x07, 0xC0, 0xF8, 0x1F, 0x03, 0xE0, 0x7C, 0x0F, 0x81, 0xF0, 0x3E,
  0x07, 0xC0, 0xF8, 0x1F, 0x03, 0xE0, 0x7C, 0x0F, 0x81, 0xF0, 0x3E, 0x07, 0xC0, 0xF8, 0x3F, 0xFF,
  0x00, 0x3F, 0xFF, 0xE0, 0x3F, 0xFF, 0xF0, 0x3F, 0xFF, 0xF8, 0x3E, 0x01, 0xFC, 0x3E, 0x00, 0x7C,
  0x3E, 0x00, 0x7E, 0x3E, 0x00, 0x3E, 0x3E, 0x00, 0x3E, 0x3E, 0x00, 0x1F, 0x3E, 0x00, 0x1F, 0xFF,
  0xF0, 0x1F, 0xFF, 0xF0, 0x1F, 0xFF, 0xF0, 0x1F, 0xFF, 0xF0, 0x1F, 0x3E, 0x00, 0x1F, 0x3E, 0x00,
  0x1F, 0x3E, 0x00, 0x1F, 0x3E, 0x00, 0x3E, 0x3E, 0x00, 0x3E, 0x3E, 0x00, 0x7E, 0x3E, 0x01, 0xFC,
  0x3F, 0xFF, 0xF8, 0x3F, 0xFF, 0xF0, 0x3F, 0xFF, 0xE0, 0x3F, 0xFF, 0x00, 0x00, 0x06, 0x00, 0x7C,
  0xE0, 0x0F, 0xFE, 0x00, 0xFF, 0xC0, 0x0C, 0x18, 0x00, 0x00, 0x00, 0xF8, 0x01, 0xFF, 0xC0, 0x1F,
  0xFE, 0x01, 0xFF, 0xE0, 0x1F, 0xFF, 0x01, 0xFF, 0xF0, 0x1F, 0xFF, 0x81, 0xFF, 0xF8, 0x1F, 0xFF,
  0xC1, 0xFF, 0xBC, 0x1F, 0xFB, 0xE1, 0xFF, 0x9F, 0x1F, 0xF9, 0xF1, 0xFF, 0x8F, 0x9F, 0xF8, 0x79,
  0xFF, 0x87, 0xDF, 0xF8, 0x3D, 0xFF, 0x83, 0xFF, 0xF8, 0x1F, 0xFF, 0x81, 0xFF, 0xF8, 0x0F, 0xFF,
  0x80, 0xFF, 0xF8, 0x07, 0xFF, 0x80, 0x3F, 0xF8, 0x03, 0xFF, 0x80, 0x1F, 0x01, 0xF0, 0x00, 0x00,
  0x3C, 0x00, 0x00, 0x0E, 0x00, 0x00, 0x03, 0x80, 0x00, 0x00, 0x00, 0x00, 0x03, 0xF8, 0x00, 0x0F,
  0xFF, 0x80, 0x0F, 0xFF, 0xE0, 0x1F, 0xFF, 0xF8, 0x0F, 0xE0, 0xFE, 0x0F, 0xC0, 0x1F, 0x8F, 0xC0,
  0x07, 0xE7, 0xC0, 0x01, 0xF3, 0xE0, 0x00, 0xFB, 0xE0, 0x00, 0x3F, 0xF0, 0x00, 0x1F, 0xF8, 0x00,
  0x0F, 0xFC, 0x00, 0x07, 0xFE, 0x00, 0x03, 0xFF, 0x00, 0x01, 0xFF, 0x80, 0x00, 0xFF, 0xC0, 0x00,
  0x7D, 0xF0, 0x00, 0x7C, 0xF8, 0x00, 0x3E, 0x7E, 0x00, 0x3F, 0x1F, 0x80, 0x3F, 0x07, 0xF0, 0x7F,
  0x03, 0xFF, 0xFF, 0x00, 0x7F, 0xFF, 0x00, 0x1F, 0xFF, 0x00, 0x03, 0xFC, 0x00, 0x00, 0x07, 0x80,
  0x00, 0x07, 0x80, 0x00, 0x07, 0x80, 0x00, 0x07, 0x00, 0x00, 0x00, 0x00, 0x00, 0x03, 0xF8, 0x00,
  0x0F, 0xFF, 0x80, 0x0F, 0xFF, 0xE0, 0x1F, 0xFF, 0xF8, 0x0F, 0xE0, 0xFE, 0x0F, 0xC0, 0x1F, 0x8F,
  0xC0, 0x07, 0xE7, 0xC0, 0x01, 0xF3, 0xE0, 0x00, 0xFB, 0xE0, 0x00, 0x3F, 0xF0, 0x00, 0x1F, 0xF8,
  0x00, 0x0F, 0xFC, 0x00, 0x07, 0xFE, 0x00, 0x03, 0xFF, 0x00, 0x01, 0xFF, 0x80, 0x00, 0xFF, 0xC0,
  0x00, 0x7D, 0xF0, 0x00, 0x7C, 0xF8, 0x00, 0x3E, 0x7E, 0x00, 0x3F, 0x1F, 0x80, 0x3F, 0x07, 0xF0,
  0x7F, 0x03, 0xFF, 0xFF, 0x00, 0x7F, 0xFF, 0x00, 0x1F, 0xFF, 0x00, 0x03, 0xFC, 0x00, 0x00, 0x3E,
  0x00, 0x00, 0x3F, 0x80, 0x00, 0x3D, 0xE0, 0x00, 0x1C, 0x78, 0x00, 0x00, 0x00, 0x00, 0x03, 0xF8,
  0x00, 0x0F, 0xFF, 0x80, 0x0F, 0xFF, 0xE0, 0x1F, 0xFF, 0xF8, 0x0F, 0xE0, 0xFE, 0x0F, 0xC0, 0x1F,
  0x8F, 0xC0, 0x07, 0xE7, 0xC0, 0x01, 0xF3, 0xE0, 0x00, 0xFB, 0xE0, 0x00, 0x3F, 0xF0, 0x00, 0x1F,
  0xF8, 0x00, 0x0F, 0xFC, 0x00, 0x07, 0xFE, 0x00, 0x03, 0xFF, 0x00, 0x01, 0xFF, 0x80, 0x00, 0xFF,
  0xC0, 0x00, 0x7D, 0xF0, 0x00, 0x7C, 0xF8, 0x00, 0x3E, 0x7E, 0x00, 0x3F, 0x1F, 0x80, 0x3F, 0x07,
  0xF0, 0x7F, 0x03, 0xFF, 0xFF, 0x00, 0x7F, 0xFF, 0x00, 0x1F, 0xFF, 0x00, 0x03, 0xFC, 0x00, 0x00,
  0x00, 0xC0, 0x00, 0x7C, 0xE0, 0x00, 0x7F, 0xF0, 0x00, 0x3F, 0xF0, 0x00, 0x18, 0x30, 0x00, 0x00,
  0x00, 0x00, 0x01, 0xFC, 0x00, 0x07, 0xFF, 0xC0, 0x07, 0xFF, 0xF0, 0x0F, 0xFF, 0xFC, 0x07, 0xF0,
  0x7F, 0x07, 0xE0, 0x0F, 0xC7, 0xE0, 0x03, 0xF3, 0xE0, 0x00, 0xF9, 0xF0, 0x00, 0x7D, 0xF0, 0x00,
  0x1F, 0xF8, 0x00, 0x0F, 0xFC, 0x00, 0x07, 0xFE, 0x00, 0x03, 0xFF, 0x00, 0x01, 0xFF, 0x80, 0x00,
  0xFF, 0xC0, 0x00, 0x7F, 0xE0, 0x00, 0x3E, 0xF8, 0x00, 0x3E, 0x7C, 0x00, 0x1F, 0x3F, 0x00, 0x1F,
  0x8F, 0xC0, 0x1F, 0x83, 0xF8, 0x3F, 0x81, 0xFF, 0xFF, 0x80, 0x3F, 0xFF, 0x80, 0x0F, 0xFF, 0x80,
  0x01, 0xFE, 0x00, 0x01, 0xE3, 0xC0, 0x00, 0xF1, 0xE0, 0x00, 0x78, 0xF0, 0x00, 0x3C, 0x78, 0x00,
  0x1E, 0x3C, 0x00, 0x00, 0x00, 0x00, 0x01, 0xFC, 0x00, 0x07, 0xFF, 0xC0, 0x07, 0xFF, 0xF0, 0x0F,
  0xFF, 0xFC, 0x07, 0xF0, 0x7F, 0x07, 0xE0, 0x0F, 0xC7, 0xE0, 0x03, 0xF3, 0xE0, 0x00, 0xF9, 0xF0,
  0x00, 0x7D, 0xF0, 0x00, 0x1F, 0xF8, 0x00, 0x0F, 0xFC, 0x00, 0x07, 0xFE, 0x00, 0x03, 0xFF, 0x00,
  0x01, 0xFF, 0x80, 0x00, 0xFF, 0xC0, 0x00, 0x7F, 0xE0, 0x00, 0x3E, 0xF8, 0x00, 0x3E, 0x7C, 0x00,
  0x1F, 0x3F, 0x00, 0x1F, 0x8F, 0xC0, 0x1F, 0x83, 0xF8, 0x3F, 0x81, 0xFF, 0xFF, 0x80, 0x3F, 0xFF,
  0x80, 0x0F, 0xFF, 0x80, 0x01, 0xFE, 0x00, 0x00, 0x00, 0x60, 0x31, 0xE0, 0xF7, 0xE3, 0xF7, 0xEF,
  0xC7, 0xFF, 0x07, 0xFC, 0x07, 0xF0, 0x0F, 0xE0, 0x3F, 0xE0, 0xFF, 0xE3, 0xF7, 0xEF, 0xC7, 0xEF,
  0x07, 0x8C, 0x06, 0x00, 0x00, 0x7F, 0x81, 0x80, 0xFF, 0xF8, 0xE0, 0x7F, 0xFF, 0xF0, 0x3F, 0xFF,
  0xF8, 0x1F, 0xC1, 0xFE, 0x0F, 0xC0, 0x1F, 0x87, 0xE0, 0x07, 0xF1, 0xF0, 0x03, 0xFC, 0x7C, 0x01,
  0xFF, 0x3E, 0x00, 0xF3, 0xEF, 0x80, 0x78, 0xFB, 0xE0, 0x1C, 0x3E, 0xF8, 0x0E, 0x0F, 0xBE, 0x07,
  0x03, 0xEF, 0x83, 0x80, 0xFB, 0xE1, 0xC0, 0x3E, 0xF8, 0xE0, 0x0F, 0x9F, 0x70, 0x07, 0xC7, 0xF8,
  0x01, 0xF1, 0xFC, 0x00, 0xFC, 0x3F, 0x00, 0x7E, 0x0F, 0xF0, 0x7F, 0x03, 0xFF, 0xFF, 0x81, 0xFF,
  0xFF, 0xC0, 0xF3, 0xFF, 0xE0, 0x38, 0x3F, 0xC0, 0x04, 0x00, 0x00, 0x00, 0x07, 0x80, 0x00, 0x3C,
  0x00, 0x00, 0xE0, 0x00, 0x07, 0x00, 0x00, 0x00, 0x0F, 0x80, 0x1F, 0xF8, 0x01, 0xFF, 0x80, 0x1F,
  0xF8, 0x01, 0xFF, 0x80, 0x1F, 0xF8, 0x01, 0xFF, 0x80, 0x1F, 0xF8, 0x01, 0xFF, 0x80, 0x1F, 0xF8,
  0x01, 0xFF, 0x80, 0x1F, 0xF8, 0x01, 0xFF, 0x80, 0x1F, 0xF8, 0x01, 0xFF, 0x80, 0x1F, 0xF8, 0x01,
  0xFF, 0x80, 0x1F, 0xF8, 0x01, 0xFF, 0x80, 0x1F, 0xF8, 0x01, 0xF7, 0xC0, 0x3E, 0x7E, 0x07, 0xE3,
  0xFF, 0xFC, 0x3F, 0xFF, 0xC0, 0xFF, 0xF0, 0x03, 0xFC, 0x00, 0x00, 0x3C, 0x00, 0x07, 0x80, 0x00,
  0xF0, 0x00, 0x1C, 0x00, 0x00, 0x00, 0x0F, 0x80, 0x1F, 0xF8, 0x01, 0xFF, 0x80, 0x1F, 0xF8, 0x01,
  0xFF, 0x80, 0x1F, 0xF8, 0x01, 0xFF, 0x80, 0x1F, 0xF8, 0x01, 0xFF, 0x80, 0x1F, 0xF8, 0x01, 0xFF,
  0x80, 0x1F, 0xF8, 0x01, 0xFF, 0x80, 0x1F, 0xF8, 0x01, 0xFF, 0x80, 0x1F, 0xF8, 0x01, 0xFF, 0x80,
  0x1F, 0xF8, 0x01, 0xFF, 0x80, 0x1F, 0xF8, 0x01, 0xF7, 0xC0, 0x3E, 0x7E, 0x07, 0xE3, 0xFF, 0xFC,
  0x3F, 0xFF, 0xC0, 0xFF, 0xF0, 0x03, 0xFC, 0x00, 0x01, 0xF0, 0x00, 0x3F, 0x80, 0x07, 0xBC, 0x00,
  0xF1, 0xE0, 0x00, 0x00, 0x0F, 0x80, 0x1F, 0xF8, 0x01, 0xFF, 0x80, 0x1F, 0xF8, 0x01, 0xFF, 0x80,
  0x1F, 0xF8, 0x01, 0xFF, 0x80, 0x1F, 0xF8, 0x01, 0xFF, 0x80, 0x1F, 0xF8, 0x01, 0xFF, 0x80, 0x1F,
  0xF8, 0x01, 0xFF, 0x80, 0x1F, 0xF8, 0x01, 0xFF, 0x80, 0x1F, 0xF8, 0x01, 0xFF, 0x80, 0x1F, 0xF8,
  0x01, 0xFF, 0x80, 0x1F, 0xF8, 0x01, 0xF7, 0xC0, 0x3E, 0x7E, 0x07, 0xE3, 0xFF, 0xFC, 0x3F, 0xFF,
  0xC0, 0xFF, 0xF0, 0x03, 0xFC, 0x00, 0x0F, 0x9E, 0x00, 0xF9, 0xE0, 0x0F, 0x9E, 0x00, 0xF9, 0xE0,
  0x0F, 0x9E, 0x00, 0x00, 0x00, 0xF8, 0x01, 0xFF, 0x80, 0x1F, 0xF8, 0x01, 0xFF, 0x80, 0x1F, 0xF8,
  0x01, 0xFF, 0x80, 0x1F, 0xF8, 0x01, 0xFF, 0x80, 0x1F, 0xF8, 0x01, 0xFF, 0x80, 0x1F, 0xF8, 0x01,
  0xFF, 0x80, 0x1F, 0xF8, 0x01, 0xFF, 0x80, 0x1F, 0xF8, 0x01, 0xFF, 0x80, 0x1F, 0xF8, 0x01, 0xFF,
  0x80, 0x1F, 0xF8, 0x01, 0xFF, 0x80, 0x1F, 0x7C, 0x03, 0xE7, 0xE0, 0x7E, 0x3F, 0xFF, 0xC3, 0xFF,
  0xFC, 0x0F, 0xFF, 0x00, 0x3F, 0xC0, 0x00, 0x1F, 0x00, 0x01, 0xE0, 0x00, 0x0E, 0x00, 0x00, 0xE0,
  0x00, 0x00, 0x00, 0x7E, 0x00, 0xFF, 0xF0, 0x07, 0xCF, 0x80, 0x7E, 0x7E, 0x03, 0xE1, 0xF0, 0x3F,
  0x0F, 0xC1, 0xF0, 0x3E, 0x0F, 0x81, 0xF8, 0xF8, 0x07, 0xC7, 0xC0, 0x3F, 0x7C, 0x00, 0xFB, 0xE0,
  0x07, 0xFE, 0x00, 0x1F, 0xF0, 0x00, 0x7F, 0x00, 0x03, 0xF8, 0x00, 0x0F, 0x80, 0x00, 0x7C, 0x00,
  0x03, 0xE0, 0x00, 0x1F, 0x00, 0x00, 0xF8, 0x00, 0x07, 0xC0, 0x00, 0x3E, 0x00, 0x01, 0xF0, 0x00,
  0x0F, 0x80, 0x00, 0x7C, 0x00, 0x03, 0xE0, 0x00, 0xF8, 0x00, 0x1F, 0x00, 0x03, 0xE0, 0x00, 0x7C,
  0x00, 0x0F, 0xFF, 0xE1, 0xFF, 0xFE, 0x3F, 0xFF, 0xE7, 0xFF, 0xFE, 0xF8, 0x0F, 0xFF, 0x00, 0xFF,
  0xE0, 0x0F, 0xFC, 0x01, 0xFF, 0x80, 0x3F, 0xF0, 0x07, 0xFE, 0x01, 0xFF, 0xC0, 0x7E, 0xFF, 0xFF,
  0xDF, 0xFF, 0xF3, 0xFF, 0xFC, 0x7F, 0xFE, 0x0F, 0x80, 0x01, 0xF0, 0x00, 0x3E, 0x00, 0x07, 0xC0,
  0x00, 0xF8, 0x00, 0x1F, 0x00, 0x00, 0x0F, 0xE0, 0x0F, 0xFE, 0x07, 0xFF, 0xE1, 0xFF, 0xF8, 0xFC,
  0x3F, 0x3E, 0x07, 0xCF, 0x81, 0xF3, 0xE0, 0x7C, 0xF8, 0x1F, 0x3E, 0x0F, 0x8F, 0x8F, 0xC3, 0xE3,
  0xF8, 0xF8, 0xFF, 0x3E, 0x0F, 0xEF, 0x80, 0xFF, 0xE0, 0x1F, 0xF8, 0x07, 0xFE, 0x01, 0xFF, 0x80,
  0x7F, 0xE0, 0x1F, 0xF8, 0x0F, 0xFE, 0x07, 0xEF, 0x8F, 0xFB, 0xE3, 0xFC, 0xF8, 0xFE, 0x3E, 0x3E,
  0x00, 0x0F, 0x80, 0x01, 0xE0, 0x00, 0x3C, 0x00, 0x07, 0x00, 0x00, 0xE0, 0x00, 0x00, 0x00, 0x00,
  0x00, 0x1F, 0xE0, 0x1F, 0xFE, 0x0F, 0xFF, 0xC7, 0xFF, 0xF9, 0xF0, 0x7E, 0xF8, 0x0F, 0x80, 0x03,
  0xE0, 0x07, 0xF8, 0x3F, 0xFE, 0x3F, 0xFF, 0x9F, 0xE3, 0xEF, 0xC0, 0xFB, 0xE0, 0x3E, 0xF8, 0x1F,
  0xBF, 0x0F, 0xEF, 0xFF, 0xF9, 0xFF, 0xFE, 0x3F, 0xEF, 0xC7, 0xE3, 0xF0, 0x00, 0x78, 0x00, 0x3C,
  0x00, 0x0E, 0x00, 0x07, 0x00, 0x01, 0x80, 0x00, 0x00, 0x00, 0x00, 0x00, 0x1F, 0xE0, 0x1F, 0xFE,
  0x0F, 0xFF, 0xC7, 0xFF, 0xF9, 0xF0, 0x7E, 0xF8, 0x0F, 0x80, 0x03, 0xE0, 0x07, 0xF8, 0x3F, 0xFE,
  0x3F, 0xFF, 0x9F, 0xE3, 0xEF, 0xC0, 0xFB, 0xE0, 0x3E, 0xF8, 0x1F, 0xBF, 0x0F, 0xEF, 0xFF, 0xF9,
  0xFF, 0xFE, 0x3F, 0xEF, 0xC7, 0xE3, 0xF0, 0x03, 0xE0, 0x00, 0xFC, 0x00, 0x77, 0x00, 0x38, 0xE0,
  0x1C, 0x1C, 0x00, 0x00, 0x00, 0x00, 0x00, 0x1F, 0xE0, 0x1F, 0xFE, 0x0F, 0xFF, 0xC7, 0xFF, 0xF9,
  0xF0, 0x7E, 0xF8, 0x0F, 0x80, 0x03, 0xE0, 0x07, 0xF8, 0x3F, 0xFE, 0x3F, 0xFF, 0x9F, 0xE3, 0xEF,
  0xC0, 0xFB, 0xE0, 0x3E, 0xF8, 0x1F, 0xBF, 0x0F, 0xEF, 0xFF, 0xF9, 0xFF, 0xFE, 0x3F, 0xEF, 0xC7,
  0xE3, 0xF0, 0x07, 0x8C, 0x03, 0xFF, 0x00, 0xFF, 0xC0, 0x71, 0xE0, 0x00, 0x00, 0x00, 0x00, 0x00,
  0x00, 0x00, 0x1F, 0xE0, 0x1F, 0xFE, 0x0F, 0xFF, 0xC7, 0xFF, 0xF9, 0xF0, 0x7E, 0xF8, 0x0F, 0x80,
  0x03, 0xE0, 0x07, 0xF8, 0x3F, 0xFE, 0x3F, 0xFF, 0x9F, 0xE3, 0xEF, 0xC0, 0xFB, 0xE0, 0x3E, 0xF8,
  0x1F, 0xBF, 0x0F, 0xEF, 0xFF, 0xF9, 0xFF, 0xFE, 0x3F, 0xEF, 0xC7, 0xE3, 0xF0, 0x1E, 0x3C, 0x07,
  0x8F, 0x01, 0xE3, 0xC0, 0x78, 0xF0, 0x00, 0x00, 0x00, 0x00, 0x00, 0x00, 0x00, 0x1F, 0xE0, 0x1F,
  0xFE, 0x0F, 0xFF, 0xC7, 0xFF, 0xF9, 0xF0, 0x7E, 0xF8, 0x0F, 0x80, 0x03, 0xE0, 0x07, 0xF8, 0x3F,
  0xFE, 0x3F, 0xFF, 0x9F, 0xE3, 0xEF, 0xC0, 0xFB, 0xE0, 0x3E, 0xF8, 0x1F, 0xBF, 0x0F, 0xEF, 0xFF,
  0xF9, 0xFF, 0xFE, 0x3F, 0xEF, 0xC7, 0xE3, 0xF0, 0x03, 0xE0, 0x01, 0xF8, 0x00, 0x63, 0x00, 0x18,
  0xC0, 0x07, 0xE0, 0x00, 0xF8, 0x00, 0x08, 0x00, 0x00, 0x00, 0x07, 0xF8, 0x07, 0xFF, 0x83, 0xFF,
  0xF1, 0xFF, 0xFE, 0x7C, 0x1F, 0xBE, 0x03, 0xE0, 0x00, 0xF8, 0x01, 0xFE, 0x0F, 0xFF, 0x8F, 0xFF,
  0xE7, 0xF8, 0xFB, 0xF0, 0x3E, 0xF8, 0x0F, 0xBE, 0x07, 0xEF, 0xC3, 0xFB, 0xFF, 0xFE, 0x7F, 0xFF,
  0x8F, 0xFB, 0xF1, 0xF8, 0xFC, 0x07, 0xF0, 0xFC, 0x01, 0xFF, 0xDF, 0xF0, 0x3F, 0xFF, 0xFF, 0xC7,
  0xFF, 0xFF, 0xFC, 0x7C, 0x3F, 0xC3, 0xE7, 0x81, 0xF8, 0x1E, 0x00, 0x1F, 0x01, 0xF0, 0x07, 0xF0,
  0x0F, 0x0F, 0xFF, 0xFF, 0xF3, 0xFF, 0xFF, 0xFF, 0x7F, 0xDF, 0xFF, 0xFF, 0xC1, 0xF0, 0x00, 0xF8,
  0x1F, 0x00, 0x0F, 0x83, 0xF8, 0x1F, 0xFC, 0x7F, 0x83, 0xFF, 0xFF, 0x7F, 0xFE, 0x7F, 0xF3, 0xFF,
  0xC3, 0xFC, 0x1F, 0xF8, 0x1F, 0x80, 0x7E, 0x00, 0x03, 0xF8, 0x03, 0xFF, 0x83, 0xFF, 0xF0, 0xFF,
  0xFE, 0x7E, 0x1F, 0x9F, 0x03, 0xEF, 0x80, 0x7B, 0xE0, 0x00, 0xF8, 0x00, 0x3E, 0x00, 0x0F, 0x80,
  0x03, 0xE0, 0x00, 0xF8, 0x07, 0xBF, 0x03, 0xE7, 0xE1, 0xF9, 0xFF, 0xFC, 0x3F, 0xFF, 0x07, 0xFF,
  0x00, 0xFF, 0x80, 0x0E, 0x00, 0x01, 0xE0, 0x00, 0x7E, 0x00, 0x03, 0x80, 0x00, 0xE0, 0x0C, 0x78,
  0x07, 0xF8, 0x00, 0x07, 0x80, 0x00, 0xF0, 0x00, 0x1C, 0x00, 0x03, 0x80, 0x00, 0xE0, 0x00, 0x00,
  0x00, 0x00, 0x00, 0x1F, 0x80, 0x1F, 0xF8, 0x0F, 0xFF, 0x83, 0xFF, 0xE1, 0xF8, 0x7C, 0x7C, 0x0F,
  0x3E, 0x03, 0xEF, 0x80, 0x7B, 0xFF, 0xFE, 0xFF, 0xFF, 0xBF, 0xFF, 0xEF, 0x80, 0x03, 0xE0, 0x00,
  0xFC, 0x0F, 0x9F, 0x87, 0xE7, 0xFF, 0xF0, 0xFF, 0xF8, 0x1F, 0xFC, 0x01, 0xFC, 0x00, 0x00, 0x78,
  0x00, 0x3C, 0x00, 0x0E, 0x00, 0x07, 0x00, 0x01, 0xC0, 0x00, 0x00, 0x00, 0x00, 0x00, 0x1F, 0x80,
  0x1F, 0xF8, 0x0F, 0xFF, 0x83, 0xFF, 0xE1, 0xF8, 0x7C, 0x7C, 0x0F, 0x3E, 0x03, 0xEF, 0x80, 0x7B,
  0xFF, 0xFE, 0xFF, 0xFF, 0xBF, 0xFF, 0xEF, 0x80, 0x03, 0xE0, 0x00, 0xFC, 0x0F, 0x9F, 0x87, 0xE7,
  0xFF, 0xF0, 0xFF, 0xF8, 0x1F, 0xFC, 0x01, 0xFC, 0x00, 0x01, 0xE0, 0x00, 0xFC, 0x00, 0x77, 0x80,
  0x38, 0xE0, 0x0C, 0x1C, 0x00, 0x00, 0x00, 0x00, 0x00, 0x1F, 0x80, 0x1F, 0xF8, 0x0F, 0xFF, 0x83,
  0xFF, 0xE1, 0xF8, 0x7C, 0x7C, 0x0F, 0x3E, 0x03, 0xEF, 0x80, 0x7B, 0xFF, 0xFE, 0xFF, 0xFF, 0xBF,
  0xFF, 0xEF, 0x80, 0x03, 0xE0, 0x00, 0xFC, 0x0F, 0x9F, 0x87, 0xE7, 0xFF, 0xF0, 0xFF, 0xF8, 0x1F,
  0xFC, 0x01, 0xFC, 0x00, 0x0F, 0x1E, 0x03, 0xC7, 0x80, 0xF1, 0xE0, 0x3C, 0x78, 0x00, 0x00, 0x00,
  0x00, 0x00, 0x00, 0x00, 0x1F, 0x80, 0x1F, 0xF8, 0x0F, 0xFF, 0x83, 0xFF, 0xE1, 0xF8, 0x7C, 0x7C,
  0x0F, 0x3E, 0x03, 0xEF, 0x80, 0x7B, 0xFF, 0xFE, 0xFF, 0xFF, 0xBF, 0xFF, 0xEF, 0x80, 0x03, 0xE0,
  0x00, 0xFC, 0x0F, 0x9F, 0x87, 0xE7, 0xFF, 0xF0, 0xFF, 0xF8, 0x1F, 0xFC, 0x01, 0xFC, 0x00, 0xF8,
  0xF0, 0xF0, 0xE0, 0xE0, 0x00, 0x1F, 0x3E, 0x7C, 0xF9, 0xF3, 0xE7, 0xCF, 0x9F, 0x3E, 0x7C, 0xF9,
  0xF3, 0xE7, 0xCF, 0x9F, 0x3E, 0x7C, 0x1E, 0x78, 0xE3, 0x86, 0x00, 0x00, 0x7C, 0xF9, 0xF3, 0xE7,
  0xCF, 0x9F, 0x3E, 0x7C, 0xF9, 0xF3, 0xE7, 0xCF, 0x9F, 0x3E, 0x7C, 0xF9, 0xF0, 0x0F, 0x03, 0xF0,
  0xE7, 0x18, 0xE6, 0x0E, 0x00, 0x00, 0x00, 0xF8, 0x1F, 0x03, 0xE0, 0x7C, 0x0F, 0x81, 0xF0, 0x3E,
  0x07, 0xC0, 0xF8, 0x1F, 0x03, 0xE0, 0x7C, 0x0F, 0x81, 0xF0, 0x3E, 0x07, 0xC0, 0xF8, 0x1F, 0x03,
  0xE0, 0xF1, 0xFE, 0x3F, 0xC7, 0xF8, 0xF0, 0x00, 0x00, 0x00, 0x01, 0xF0, 0x3E, 0x07, 0xC0, 0xF8,
  0x1F, 0x03, 0xE0, 0x7C, 0x0F, 0x81, 0xF0, 0x3E, 0x07, 0xC0, 0xF8, 0x1F, 0x03, 0xE0, 0x7C, 0x0F,
  0x81, 0xF0, 0x3E, 0x07, 0xC0, 0x06, 0x18, 0x03, 0xFF, 0x80, 0x1F, 0xC0, 0x01, 0xF8, 0x00, 0xFF,
  0x80, 0x08, 0x7C, 0x00, 0x07, 0xC0, 0x1F, 0xF8, 0x0F, 0xFF, 0x87, 0xFF, 0xF8, 0xFF, 0xFF, 0x3F,
  0x07, 0xE7, 0xC0, 0x7F, 0xF8, 0x0F, 0xFE, 0x00, 0xFF, 0xC0, 0x1F, 0xF8, 0x03, 0xFF, 0x00, 0x7F,
  0xE0, 0x0F, 0xFE, 0x03, 0xF7, 0xC0, 0x7C, 0xFC, 0x1F, 0x8F, 0xFF, 0xE0, 0xFF, 0xF8, 0x0F, 0xFE,
  0x00, 0x7F, 0x00, 0x0F, 0x1C, 0x0F, 0xFC, 0x07, 0xFE, 0x03, 0x1E, 0x00, 0x00, 0x00, 0x00, 0x00,
  0x00, 0x01, 0xF1, 0xF0, 0xFB, 0xFE, 0x7F, 0xFF, 0xBF, 0xFF, 0xDF, 0xC3, 0xFF, 0xC0, 0xFF, 0xC0,
  0x7F, 0xE0, 0x3F, 0xF0, 0x1F, 0xF8, 0x0F, 0xFC, 0x07, 0xFE, 0x03, 0xFF, 0x01, 0xFF, 0x80, 0xFF,
  0xC0, 0x7F, 0xE0, 0x3F, 0xF0, 0x1F, 0xF8, 0x0F, 0xFC, 0x07, 0xC0, 0x07, 0xC0, 0x00, 0x78, 0x00,
  0x07, 0x80, 0x00, 0x70, 0x00, 0x07, 0x00, 0x00, 0x00, 0x00, 0x00, 0x00, 0x1F, 0xC0, 0x0F, 0xFE,
  0x03, 0xFF, 0xE0, 0xFF, 0xFE, 0x3F, 0x07, 0xE7, 0xC0, 0x7D, 0xF8, 0x0F, 0xFE, 0x00, 0xFF, 0xC0,
  0x1F, 0xF8, 0x03, 0xFF, 0x00, 0x7F, 0xE0, 0x0F, 0xFE, 0x03, 0xF7, 0xC0, 0x7C, 0xFC, 0x3F, 0x8F,
  0xFF, 0xE0, 0xFF, 0xF8, 0x0F, 0xFE, 0x00, 0x7F, 0x00, 0x00, 0x7C, 0x00, 0x0F, 0x00, 0x03, 0xC0,
  0x00, 0x70, 0x00, 0x1C, 0x00, 0x00, 0x00, 0x00, 0x00, 0x00, 0x1F, 0xC0, 0x0F, 0xFE, 0x03, 0xFF,
  0xE0, 0xFF, 0xFE, 0x3F, 0x07, 0xE7, 0xC0, 0x7D, 0xF8, 0x0F, 0xFE, 0x00, 0xFF, 0xC0, 0x1F, 0xF8,
  0x03, 0xFF, 0x00, 0x7F, 0xE0, 0x0F, 0xFE, 0x03, 0xF7, 0xC0, 0x7C, 0xFC, 0x3F, 0x8F, 0xFF, 0xE0,
  0xFF, 0xF8, 0x0F, 0xFE, 0x00, 0x7F, 0x00, 0x01, 0xF0, 0x00, 0x7E, 0x00, 0x0E, 0xE0, 0x03, 0x8E,
  0x00, 0xE0, 0xE0, 0x00, 0x00, 0x00, 0x00, 0x00, 0x1F, 0xC0, 0x0F, 0xFE, 0x03, 0xFF, 0xE0, 0xFF,
  0xFE, 0x3F, 0x07, 0xE7, 0xC0, 0x7D, 0xF8, 0x0F, 0xFE, 0x00, 0xFF, 0xC0, 0x1F, 0xF8, 0x03, 0xFF,
  0x00, 0x7F, 0xE0, 0x0F, 0xFE, 0x03, 0xF7, 0xC0, 0x7C, 0xFC, 0x3F, 0x8F, 0xFF, 0xE0, 0xFF, 0xF8,
  0x0F, 0xFE, 0x00, 0x7F, 0x00, 0x07, 0x8E, 0x01, 0xFF, 0xC0, 0x3F, 0xF0, 0x06, 0x3C, 0x00, 0x00,
  0x00, 0x00, 0x00, 0x00, 0x00, 0x00, 0x1F, 0xC0, 0x0F, 0xFE, 0x03, 0xFF, 0xE0, 0xFF, 0xFE, 0x3F,
  0x07, 0xE7, 0xC0, 0x7D, 0xF8, 0x0F, 0xFE, 0x00, 0xFF, 0xC0, 0x1F, 0xF8, 0x03, 0xFF, 0x00, 0x7F,
  0xE0, 0x0F, 0xFE, 0x03, 0xF7, 0xC0, 0x7C, 0xFC, 0x3F, 0x8F, 0xFF, 0xE0, 0xFF, 0xF8, 0x0F, 0xFE,
  0x00, 0x7F, 0x00, 0x0F, 0x1E, 0x01, 0xE3, 0xC0, 0x3C, 0x78, 0x07, 0x8F, 0x00, 0x00, 0x00, 0x00,
  0x00, 0x00, 0x00, 0x00, 0x1F, 0xC0, 0x0F, 0xFE, 0x03, 0xFF, 0xE0, 0xFF, 0xFE, 0x3F, 0x07, 0xE7,
  0xC0, 0x7D, 0xF8, 0x0F, 0xFE, 0x00, 0xFF, 0xC0, 0x1F, 0xF8, 0x03, 0xFF, 0x00, 0x7F, 0xE0, 0x0F,
  0xFE, 0x03, 0xF7, 0xC0, 0x7C, 0xFC, 0x3F, 0x8F, 0xFF, 0xE0, 0xFF, 0xF8, 0x0F, 0xFE, 0x00, 0x7F,
  0x00, 0x03, 0xC0, 0x01, 0xE0, 0x00, 0xF0, 0x00, 0x78, 0x00, 0x00, 0x00, 0x00, 0x03, 0xFF, 0xFF,
  0xFF, 0xFF, 0xFF, 0xFF, 0xFF, 0xFF, 0xC0, 0x00, 0x00, 0x00, 0x00, 0x3C, 0x00, 0x1E, 0x00, 0x0F,
  0x00, 0x07, 0x80, 0x01, 0xFC, 0x10, 0x3F, 0xF9, 0xC3, 0xFF, 0xFC, 0x3F, 0xFF, 0xC3, 0xF0, 0xFE,
  0x1F, 0x01, 0xF1, 0xF8, 0x3F, 0xCF, 0x83, 0xBE, 0x7C, 0x39, 0xF3, 0xE3, 0x8F, 0x9F, 0x38, 0x7C,
  0xFB, 0x83, 0xE7, 0xF8, 0x3F, 0x1F, 0x81, 0xF0, 0xFE, 0x3F, 0x83, 0xFF, 0xF8, 0x3F, 0xFF, 0x83,
  0xBF, 0xF8, 0x38, 0x7F, 0x00, 0x80, 0x00, 0x00, 0x07, 0x80, 0x03, 0xC0, 0x00, 0xF0, 0x00, 0x38,
  0x00, 0x0E, 0x00, 0x00, 0x00, 0x00, 0x01, 0xF0, 0x1F, 0xF8, 0x0F, 0xFC, 0x07, 0xFE, 0x03, 0xFF,
  0x01, 0xFF, 0x80, 0xFF, 0xC0, 0x7F, 0xE0, 0x3F, 0xF0, 0x1F, 0xF8, 0x0F, 0xFC, 0x07, 0xFE, 0x03,
  0xFF, 0x01, 0xFF, 0x81, 0xFF, 0xE1, 0xFF, 0xFF, 0xFE, 0xFF, 0xFF, 0x3F, 0xEF, 0x8F, 0xC7, 0xC0,
  0x00, 0x78, 0x00, 0x78, 0x00, 0x38, 0x00, 0x38, 0x00, 0x18, 0x00, 0x00, 0x00, 0x00, 0x01, 0xF0,
  0x1F, 0xF8, 0x0F, 0xFC, 0x07, 0xFE, 0x03, 0xFF, 0x01, 0xFF, 0x80, 0xFF, 0xC0, 0x7F, 0xE0, 0x3F,
  0xF0, 0x1F, 0xF8, 0x0F, 0xFC, 0x07, 0xFE, 0x03, 0xFF, 0x01, 0xFF, 0x81, 0xFF, 0xE1, 0xFF, 0xFF,
  0xFE, 0xFF, 0xFF, 0x3F, 0xEF, 0x8F, 0xC7, 0xC0, 0x03, 0xC0, 0x03, 0xF0, 0x03, 0x9C, 0x01, 0xC7,
  0x01, 0xC3, 0x80, 0x00, 0x00, 0x00, 0x01, 0xF0, 0x1F, 0xF8, 0x0F, 0xFC, 0x07, 0xFE, 0x03, 0xFF,
  0x01, 0xFF, 0x80, 0xFF, 0xC0, 0x7F, 0xE0, 0x3F, 0xF0, 0x1F, 0xF8, 0x0F, 0xFC, 0x07, 0xFE, 0x03,
  0xFF, 0x01, 0xFF, 0x81, 0xFF, 0xE1, 0xFF, 0xFF, 0xFE, 0xFF, 0xFF, 0x3F, 0xEF, 0x8F, 0xC7, 0xC0,
  0x1E, 0x3C, 0x0F, 0x1E, 0x07, 0x8F, 0x03, 0xC7, 0x80, 0x00, 0x00, 0x00, 0x00, 0x00, 0x01, 0xF0,
  0x1F, 0xF8, 0x0F, 0xFC, 0x07, 0xFE, 0x03, 0xFF, 0x01, 0xFF, 0x80, 0xFF, 0xC0, 0x7F, 0xE0, 0x3F,
  0xF0, 0x1F, 0xF8, 0x0F, 0xFC, 0x07, 0xFE, 0x03, 0xFF, 0x01, 0xFF, 0x81, 0xFF, 0xE1, 0xFF, 0xFF,
  0xFE, 0xFF, 0xFF, 0x3F, 0xEF, 0x8F, 0xC7, 0xC0, 0x00, 0x3C, 0x00, 0x0F, 0x00, 0x01, 0xC0, 0x00,
  0x70, 0x00, 0x0C, 0x00, 0x00, 0x00, 0x00, 0x00, 0x03, 0xE0, 0x1F, 0x7C, 0x07, 0xCF, 0xC0, 0xF8,
  0xF8, 0x1F, 0x1F, 0x07, 0xC3, 0xE0, 0xF8, 0x3E, 0x1F, 0x07, 0xC3, 0xC0, 0x78, 0xF8, 0x0F, 0x9E,
  0x01, 0xF3, 0xC0, 0x1E, 0xF8, 0x03, 0xFE, 0x00, 0x7F, 0xC0, 0x07, 0xF8, 0x00, 0xFE, 0x00, 0x0F,
  0xC0, 0x01, 0xF8, 0x00, 0x3E, 0x00, 0x07, 0xC0, 0x00, 0xF0, 0x00, 0x3E, 0x00, 0x3F, 0xC0, 0x07,
  0xF0, 0x00, 0xFC, 0x00, 0x1F, 0x00, 0x00, 0xF8, 0x00, 0x3E, 0x00, 0x0F, 0x80, 0x03, 0xE0, 0x00,
  0xF8, 0x00, 0x3E, 0x00, 0x0F, 0x80, 0x03, 0xE3, 0xE0, 0xFB, 0xFE, 0x3F, 0xFF, 0xCF, 0xFF, 0xF3,
  0xF8, 0x7E, 0xFC, 0x0F, 0xBF, 0x03, 0xFF, 0x80, 0x7F, 0xE0, 0x1F, 0xF8, 0x07, 0xFE, 0x01, 0xFF,
  0x80, 0x7F, 0xF0, 0x3F, 0xFC, 0x0F, 0xBF, 0x87, 0xEF, 0xFF, 0xF3, 0xFF, 0xFC, 0xFB, 0xFE, 0x3E,
  0x3E, 0x0F, 0x80, 0x03, 0xE0, 0x00, 0xF8, 0x00, 0x3E, 0x00, 0x0F, 0x80, 0x03, 0xE0, 0x00, 0xF8,
  0x00, 0x00, 0x0F, 0x1E, 0x01, 0xE3, 0xC0, 0x3C, 0x78, 0x07, 0x8F, 0x00, 0x00, 0x00, 0x00, 0x00,
  0x00, 0x00, 0x03, 0xE0, 0x1F, 0x7C, 0x07, 0xCF, 0xC0, 0xF8, 0xF8, 0x1F, 0x1F, 0x07, 0xC3, 0xE0,
  0xF8, 0x3E, 0x1F, 0x07, 0xC3, 0xC0, 0x78, 0xF8, 0x0F, 0x9E, 0x01, 0xF3, 0xC0, 0x1E, 0xF8, 0x03,
  0xFE, 0x00, 0x7F, 0xC0, 0x07, 0xF8, 0x00, 0xFE, 0x00, 0x0F, 0xC0, 0x01, 0xF8, 0x00, 0x3E, 0x00,
  0x07, 0xC0, 0x00, 0xF0, 0x00, 0x3E, 0x00, 0x3F, 0xC0, 0x07, 0xF0, 0x00, 0xFC, 0x00, 0x1F, 0x00,
  0x00, 0x00, 0xFF, 0xC0, 0x00, 0xFF, 0xC0, 0x00, 0xFF, 0xC0, 0x00, 0x00, 0x00, 0x00, 0x00, 0x00,
  0x00, 0x7E, 0x00, 0x00, 0x7F, 0x00, 0x00, 0x7F, 0x00, 0x00, 0xFF, 0x00, 0x00, 0xFF, 0x80, 0x01,
  0xFF, 0x80, 0x01, 0xFF, 0x80, 0x01, 0xF7, 0xC0, 0x03, 0xE7, 0xC0, 0x03, 0xE7, 0xC0, 0x03, 0xE3,
  0xE0, 0x07, 0xC3, 0xE0, 0x07, 0xC3, 0xE0, 0x07, 0xC1, 0xF0, 0x0F, 0x81, 0xF0, 0x0F, 0x81, 0xF0,
  0x0F, 0xFF, 0xF8, 0x1F, 0xFF, 0xF8, 0x1F, 0xFF, 0xFC, 0x1F, 0xFF, 0xFC, 0x3E, 0x00, 0x7C, 0x3E,
  0x00, 0x7E, 0x3E, 0x00, 0x3E, 0x7C, 0x00, 0x3E, 0x7C, 0x00, 0x3F, 0x7C, 0x00, 0x1F, 0x0F, 0xFC,
  0x03, 0xFF, 0x00, 0xFF, 0xC0, 0x00, 0x00, 0x00, 0x00, 0x00, 0x00, 0x00, 0x7F, 0x80, 0x7F, 0xF8,
  0x3F, 0xFF, 0x1F, 0xFF, 0xE7, 0xC1, 0xFB, 0xE0, 0x3E, 0x00, 0x0F, 0x80, 0x1F, 0xE0, 0xFF, 0xF8,
  0xFF, 0xFE, 0x7F, 0x8F, 0xBF, 0x03, 0xEF, 0x80, 0xFB, 0xE0, 0x7E, 0xFC, 0x3F, 0xBF, 0xFF, 0xE7,
  0xFF, 0xF8, 0xFF, 0xBF, 0x1F, 0x8F, 0xC0, 0x00, 0xC1, 0xC0, 0x00, 0xE3, 0xC0, 0x00, 0xFF, 0x80,
  0x00, 0x7F, 0x00, 0x00, 0x0C, 0x00, 0x00, 0x7E, 0x00, 0x00, 0x7F, 0x00, 0x00, 0x7F, 0x00, 0x00,
  0xFF, 0x00, 0x00, 0xFF, 0x80, 0x01, 0xFF, 0x80, 0x01, 0xFF, 0x80, 0x01, 0xF7, 0xC0, 0x03, 0xE7,
  0xC0, 0x03, 0xE7, 0xC0, 0x03, 0xE3, 0xE0, 0x07, 0xC3, 0xE0, 0x07, 0xC3, 0xE0, 0x07, 0xC1, 0xF0,
  0x0F, 0x81, 0xF0, 0x0F, 0x81, 0xF0, 0x0F, 0xFF, 0xF8, 0x1F, 0xFF, 0xF8, 0x1F, 0xFF, 0xFC, 0x1F,
  0xFF, 0xFC, 0x3E, 0x00, 0x7C, 0x3E, 0x00, 0x7E, 0x3E, 0x00, 0x3E, 0x7C, 0x00, 0x3E, 0x7C, 0x00,
  0x3F, 0x7C, 0x00, 0x1F, 0x0C, 0x0C, 0x03, 0x87, 0x00, 0x7F, 0xC0, 0x1F, 0xE0, 0x01, 0xE0, 0x00,
  0x00, 0x00, 0x00, 0x00, 0x1F, 0xE0, 0x1F, 0xFE, 0x0F, 0xFF, 0xC7, 0xFF, 0xF9, 0xF0, 0x7E, 0xF8,
  0x0F, 0x80, 0x03, 0xE0, 0x07, 0xF8, 0x3F, 0xFE, 0x3F, 0xFF, 0x9F, 0xE3, 0xEF, 0xC0, 0xFB, 0xE0,
  0x3E, 0xF8, 0x1F, 0xBF, 0x0F, 0xEF, 0xFF, 0xF9, 0xFF, 0xFE, 0x3F, 0xEF, 0xC7, 0xE3, 0xF0, 0x00,
  0x7E, 0x00, 0x00, 0x3F, 0x80, 0x00, 0x1F, 0xC0, 0x00, 0x1F, 0xE0, 0x00, 0x0F, 0xF8, 0x00, 0x07,
  0xFC, 0x00, 0x07, 0xDE, 0x00, 0x03, 0xEF, 0x80, 0x03, 0xF7, 0xC0, 0x01, 0xF1, 0xE0, 0x00, 0xF8,
  0xF8, 0x00, 0xFC, 0x7C, 0x00, 0x7C, 0x1E, 0x00, 0x3E, 0x0F, 0x80, 0x3F, 0x07, 0xC0, 0x1F, 0x01,
  0xE0, 0x0F, 0xFF, 0xF8, 0x0F, 0xFF, 0xFC, 0x07, 0xFF, 0xFE, 0x03, 0xFF, 0xFF, 0x83, 0xE0, 0x07,
  0xC1, 0xF0, 0x03, 0xE0, 0xF8, 0x00, 0xF8, 0xF8, 0x00, 0x7C, 0x7C, 0x00, 0x3E, 0x3E, 0x00, 0x1F,
  0x80, 0x00, 0x03, 0x80, 0x00, 0x03, 0x80, 0x00, 0x03, 0x80, 0x00, 0x03, 0x80, 0x00, 0x01, 0xC0,
  0x00, 0x00, 0xE0, 0x00, 0x00, 0x78, 0x00, 0x00, 0x0F, 0xC0, 0x07, 0xF8, 0x03, 0xFF, 0xC0, 0xFF,
  0xFC, 0x3F, 0xFF, 0xC7, 0xC1, 0xF9, 0xF0, 0x1F, 0x00, 0x03, 0xE0, 0x01, 0xFC, 0x0F, 0xFF, 0x87,
  0xFF, 0xF1, 0xFE, 0x3E, 0x7E, 0x07, 0xCF, 0x80, 0xF9, 0xF0, 0x3F, 0x3F, 0x0F, 0xE7, 0xFF, 0xFC,
  0x7F, 0xFF, 0x87, 0xFD, 0xF8, 0x7E, 0x3F, 0x00, 0x01, 0xC0, 0x00, 0x70, 0x00, 0x1C, 0x00, 0x07,
  0x00, 0x00, 0xE0, 0x00, 0x1C, 0x00, 0x03, 0xC0, 0x00, 0x3F, 0x80, 0x00, 0x0F, 0x80, 0x00, 0x3C,
  0x00, 0x00, 0xF0, 0x00, 0x01, 0xC0, 0x00, 0x00, 0x00, 0x00, 0x1F, 0xE0, 0x00, 0xFF, 0xF0, 0x07,
  0xFF, 0xF8, 0x1F, 0xFF, 0xF8, 0x7F, 0x03, 0xF0, 0xFC, 0x03, 0xF3, 0xF0, 0x03, 0xE7, 0xC0, 0x03,
  0xEF, 0x80, 0x07, 0xFE, 0x00, 0x00, 0x7C, 0x00, 0x00, 0xF8, 0x00, 0x01, 0xF0, 0x00, 0x03, 0xE0,
  0x00, 0x07, 0xC0, 0x00, 0x0F, 0x80, 0x00, 0x1F, 0x00, 0x00, 0x1F, 0x00, 0x0F, 0xBE, 0x00, 0x1F,
  0x7E, 0x00, 0x7E, 0x7E, 0x01, 0xF8, 0xFE, 0x07, 0xF0, 0xFF, 0xFF, 0xC0, 0xFF, 0xFF, 0x00, 0x7F,
  0xF8, 0x00, 0x3F, 0xC0, 0x00, 0x00, 0x78, 0x00, 0x78, 0x00, 0x38, 0x00, 0x38, 0x00, 0x1C, 0x00,
  0x00, 0x00, 0x00, 0x00, 0x07, 0xE0, 0x0F, 0xFC, 0x1F, 0xFF, 0x0F, 0xFF, 0xCF, 0xC3, 0xF7, 0xC0,
  0xFF, 0xC0, 0x7F, 0xE0, 0x01, 0xF0, 0x00, 0xF8, 0x00, 0x7C, 0x00, 0x3E, 0x00, 0x1F, 0x01, 0xF7,
  0xC0, 0xFB, 0xF0, 0xFC, 0xFF, 0xFC, 0x7F, 0xFC, 0x1F, 0xFC, 0x03, 0xF8, 0x00, 0x00, 0x3C, 0x00,
  0x00, 0xFC, 0x00, 0x03, 0x9C, 0x00, 0x0E, 0x1C, 0x00, 0x00, 0x00, 0x00, 0x1F, 0xE0, 0x00, 0xFF,
  0xF0, 0x07, 0xFF, 0xF8, 0x1F, 0xFF, 0xF8, 0x7F, 0x03, 0xF0, 0xFC, 0x03, 0xF3, 0xF0, 0x03, 0xE7,
  0xC0, 0x03, 0xEF, 0x80, 0x07, 0xFE, 0x00, 0x00, 0x7C, 0x00, 0x00, 0xF8, 0x00, 0x01, 0xF0, 0x00,
  0x03, 0xE0, 0x00, 0x07, 0xC0, 0x00, 0x0F, 0x80, 0x00, 0x1F, 0x00, 0x00, 0x1F, 0x00, 0x0F, 0xBE,
  0x00, 0x1F, 0x7E, 0x00, 0x7E, 0x7E, 0x01, 0xF8, 0xFE, 0x07, 0xF0, 0xFF, 0xFF, 0xC0, 0xFF, 0xFF,
  0x00, 0x7F, 0xF8, 0x00, 0x3F, 0xC0, 0x00, 0x01, 0xE0, 0x01, 0xF8, 0x01, 0xCE, 0x00, 0xC3, 0x80,
  0xE0, 0xC0, 0x00, 0x00, 0x00, 0x00, 0x07, 0xE0, 0x0F, 0xFC, 0x1F, 0xFF, 0x0F, 0xFF, 0xCF, 0xC3,
  0xF7, 0xC0, 0xFF, 0xC0, 0x7F, 0xE0, 0x01, 0xF0, 0x00, 0xF8, 0x00, 0x7C, 0x00, 0x3E, 0x00, 0x1F,
  0x01, 0xF7, 0xC0, 0xFB, 0xF0, 0xFC, 0xFF, 0xFC, 0x7F, 0xFC, 0x1F, 0xFC, 0x03, 0xF8, 0x00, 0x00,
  0x3C, 0x00, 0x00, 0x78, 0x00, 0x00, 0xF0, 0x00, 0x01, 0xE0, 0x00, 0x03, 0xC0, 0x00, 0x00, 0x00,
  0x00, 0x3F, 0xC0, 0x01, 0xFF, 0xE0, 0x0F, 0xFF, 0xF0, 0x3F, 0xFF, 0xF0, 0xFE, 0x07, 0xE1, 0xF8,
  0x07, 0xE7, 0xE0, 0x07, 0xCF, 0x80, 0x07, 0xDF, 0x00, 0x0F, 0xFC, 0x00, 0x00, 0xF8, 0x00, 0x01,
  0xF0, 0x00, 0x03, 0xE0, 0x00, 0x07, 0xC0, 0x00, 0x0F, 0x80, 0x00, 0x1F, 0x00, 0x00, 0x3E, 0x00,
  0x00, 0x3E, 0x00, 0x1F, 0x7C, 0x00, 0x3E, 0xFC, 0x00, 0xFC, 0xFC, 0x03, 0xF1, 0xFC, 0x0F, 0xE1,
  0xFF, 0xFF, 0x81, 0xFF, 0xFE, 0x00, 0xFF, 0xF0, 0x00, 0x7F, 0x80, 0x00, 0xF0, 0x00, 0x78, 0x00,
  0x3C, 0x00, 0x1E, 0x00, 0x00, 0x00, 0x00, 0x00, 0x00, 0x00, 0x07, 0xE0, 0x0F, 0xFC, 0x1F, 0xFF,
  0x0F, 0xFF, 0xCF, 0xC3, 0xF7, 0xC0, 0xFF, 0xC0, 0x7F, 0xE0, 0x01, 0xF0, 0x00, 0xF8, 0x00, 0x7C,
  0x00, 0x3E, 0x00, 0x1F, 0x01, 0xF7, 0xC0, 0xFB, 0xF0, 0xFC, 0xFF, 0xFC, 0x7F, 0xFC, 0x1F, 0xFC,
  0x03, 0xF8, 0x00, 0x01, 0xC3, 0x80, 0x01, 0xDE, 0x00, 0x03, 0xF8, 0x00, 0x03, 0xE0, 0x00, 0x00,
  0x00, 0x00, 0x1F, 0xE0, 0x00, 0xFF, 0xF0, 0x07, 0xFF, 0xF8, 0x1F, 0xFF, 0xF8, 0x7F, 0x03, 0xF0,
  0xFC, 0x03, 0xF3, 0xF0, 0x03, 0xE7, 0xC0, 0x03, 0xEF, 0x80, 0x07, 0xFE, 0x00, 0x00, 0x7C, 0x00,
  0x00, 0xF8, 0x00, 0x01, 0xF0, 0x00, 0x03, 0xE0, 0x00, 0x07, 0xC0, 0x00, 0x0F, 0x80, 0x00, 0x1F,
  0x00, 0x00, 0x1F, 0x00, 0x0F, 0xBE, 0x00, 0x1F, 0x7E, 0x00, 0x7E, 0x7E, 0x01, 0xF8, 0xFE, 0x07,
  0xF0, 0xFF, 0xFF, 0xC0, 0xFF, 0xFF, 0x00, 0x7F, 0xF8, 0x00, 0x3F, 0xC0, 0x00, 0x0C, 0x1C, 0x07,
  0x1C, 0x01, 0xDC, 0x00, 0x7E, 0x00, 0x3E, 0x00, 0x00, 0x00, 0x00, 0x00, 0x07, 0xE0, 0x0F, 0xFC,
  0x1F, 0xFF, 0x0F, 0xFF, 0xCF, 0xC3, 0xF7, 0xC0, 0xFF, 0xC0, 0x7F, 0xE0, 0x01, 0xF0, 0x00, 0xF8,
  0x00, 0x7C, 0x00, 0x3E, 0x00, 0x1F, 0x01, 0xF7, 0xC0, 0xFB, 0xF0, 0xFC, 0xFF, 0xFC, 0x7F, 0xFC,
  0x1F, 0xFC, 0x03, 0xF8, 0x00, 0x0E, 0x1C, 0x00, 0x7B, 0xC0, 0x01, 0xFC, 0x00, 0x07, 0xC0, 0x00,
  0x00, 0x00, 0x7F, 0xFE, 0x03, 0xFF, 0xFC, 0x1F, 0xFF, 0xF0, 0xFF, 0xFF, 0xC7, 0xC0, 0x7F, 0x3E,
  0x00, 0xF9, 0xF0, 0x03, 0xEF, 0x80, 0x1F, 0x7C, 0x00, 0xFF, 0xE0, 0x03, 0xFF, 0x00, 0x1F, 0xF8,
  0x00, 0xFF, 0xC0, 0x07, 0xFE, 0x00, 0x3F, 0xF0, 0x01, 0xFF, 0x80, 0x0F, 0xFC, 0x00, 0x7F, 0xE0,
  0x07, 0xFF, 0x00, 0x3E, 0xF8, 0x01, 0xF7, 0xC0, 0x1F, 0xBE, 0x03, 0xF9, 0xFF, 0xFF, 0x8F, 0xFF,
  0xF8, 0x7F, 0xFF, 0x83, 0xFF, 0xF0, 0x00, 0x00, 0x00, 0x07, 0xC0, 0x00, 0xF9, 0xF0, 0x00, 0x3E,
  0x7C, 0x00, 0x0F, 0x83, 0x00, 0x03, 0xE1, 0x80, 0x00, 0xF9, 0xC0, 0x00, 0x3E, 0x00, 0x00, 0x0F,
  0x80, 0x07, 0xE3, 0xE0, 0x03, 0xFE, 0xF8, 0x01, 0xFF, 0xFE, 0x00, 0xFF, 0xFF, 0x80, 0x7F, 0x1F,
  0xE0, 0x1F, 0x01, 0xF8, 0x0F, 0xC0, 0x7E, 0x03, 0xE0, 0x0F, 0x80, 0xF8, 0x03, 0xE0, 0x3E, 0x00,
  0xF8, 0x0F, 0x80, 0x3E, 0x03, 0xE0, 0x0F, 0x80, 0xFC, 0x07, 0xE0, 0x1F, 0x01, 0xF8, 0x07, 0xF1,
  0xFE, 0x00, 0xFF, 0xFF, 0x80, 0x1F, 0xFF, 0xE0, 0x03, 0xFE, 0xF8, 0x00, 0x7E, 0x3E, 0x00, 0x3F,
  0xFF, 0x00, 0x3F, 0xFF, 0xE0, 0x3F, 0xFF, 0xF0, 0x3F, 0xFF, 0xF8, 0x3E, 0x01, 0xFC, 0x3E, 0x00,
  0x7C, 0x3E, 0x00, 0x7E, 0x3E, 0x00, 0x3E, 0x3E, 0x00, 0x3E, 0x3E, 0x00, 0x1F, 0x3E, 0x00, 0x1F,
  0xFF, 0xF0, 0x1F, 0xFF, 0xF0, 0x1F, 0xFF, 0xF0, 0x1F, 0xFF, 0xF0, 0x1F, 0x3E, 0x00, 0x1F, 0x3E,
  0x00, 0x1F, 0x3E, 0x00, 0x1F, 0x3E, 0x00, 0x3E, 0x3E, 0x00, 0x3E, 0x3E, 0x00, 0x7E, 0x3E, 0x01,
  0xFC, 0x3F, 0xFF, 0xF8, 0x3F, 0xFF, 0xF0, 0x3F, 0xFF, 0xE0, 0x3F, 0xFF, 0x00, 0x00, 0x03, 0xE0,
  0x00, 0x1F, 0x00, 0x0F, 0xFE, 0x00, 0x7F, 0xF0, 0x03, 0xFF, 0x80, 0x01, 0xF0, 0x00, 0x0F, 0x80,
  0xFC, 0x7C, 0x0F, 0xFB, 0xE0, 0xFF, 0xFF, 0x0F, 0xFF, 0xF8, 0xFE, 0x3F, 0xC7, 0xC0, 0x7E, 0x7E,
  0x03, 0xF3, 0xE0, 0x0F, 0x9F, 0x00, 0x7C, 0xF8, 0x03, 0xE7, 0xC0, 0x1F, 0x3E, 0x00, 0xF9, 0xF8,
  0x0F, 0xC7, 0xC0, 0x7E, 0x3F, 0x8F, 0xF0, 0xFF, 0xFF, 0x87, 0xFF, 0xFC, 0x0F, 0xFB, 0xE0, 0x3F,
  0x1F, 0x00, 0x0F, 0xFC, 0x01, 0xFF, 0x80, 0x3F, 0xF0, 0x00, 0x00, 0x00, 0x00, 0x01, 0xFF, 0xFF,
  0xBF, 0xFF, 0xF7, 0xFF, 0xFE, 0xFF, 0xFF, 0xDF, 0x00, 0x03, 0xE0, 0x00, 0x7C, 0x00, 0x0F, 0x80,
  0x01, 0xF0, 0x00, 0x3E, 0x00, 0x07, 0xC0, 0x00, 0xFF, 0xFF, 0x9F, 0xFF, 0xF3, 0xFF, 0xFE, 0x7F,
  0xFF, 0xCF, 0x80, 0x01, 0xF0, 0x00, 0x3E, 0x00, 0x07, 0xC0, 0x00, 0xF8, 0x00, 0x1F, 0x00, 0x03,
  0xE0, 0x00, 0x7F, 0xFF, 0xFF, 0xFF, 0xFF, 0xFF, 0xFF, 0xFF, 0xFF, 0xF8, 0x0F, 0xFC, 0x03, 0xFF,
  0x00, 0xFF, 0xC0, 0x00, 0x00, 0x00, 0x00, 0x00, 0x00, 0x00, 0x7E, 0x00, 0x7F, 0xE0, 0x3F, 0xFE,
  0x0F, 0xFF, 0x87, 0xE1, 0xF1, 0xF0, 0x3C, 0xF8, 0x0F, 0xBE, 0x01, 0xEF, 0xFF, 0xFB, 0xFF, 0xFE,
  0xFF, 0xFF, 0xBE, 0x00, 0x0F, 0x80, 0x03, 0xF0, 0x3E, 0x7E, 0x1F, 0x9F, 0xFF, 0xC3, 0xFF, 0xE0,
  0x7F, 0xF0, 0x07, 0xF0, 0x00, 0x06, 0x1C, 0x00, 0xFF, 0x00, 0x0F, 0xE0, 0x00, 0xF0, 0x00, 0x00,
  0x01, 0xFF, 0xFF, 0xBF, 0xFF, 0xF7, 0xFF, 0xFE, 0xFF, 0xFF, 0xDF, 0x00, 0x03, 0xE0, 0x00, 0x7C,
  0x00, 0x0F, 0x80, 0x01, 0xF0, 0x00, 0x3E, 0x00, 0x07, 0xC0, 0x00, 0xFF, 0xFF, 0x9F, 0xFF, 0xF3,
  0xFF, 0xFE, 0x7F, 0xFF, 0xCF, 0x80, 0x01, 0xF0, 0x00, 0x3E, 0x00, 0x07, 0xC0, 0x00, 0xF8, 0x00,
  0x1F, 0x00, 0x03, 0xE0, 0x00, 0x7F, 0xFF, 0xFF, 0xFF, 0xFF, 0xFF, 0xFF, 0xFF, 0xFF, 0xF8, 0x0E,
  0x0C, 0x03, 0x87, 0x00, 0x7F, 0xC0, 0x1F, 0xE0, 0x01, 0xF0, 0x00, 0x00, 0x00, 0x00, 0x00, 0x1F,
  0x80, 0x1F, 0xF8, 0x0F, 0xFF, 0x83, 0xFF, 0xE1, 0xF8, 0x7C, 0x7C, 0x0F, 0x3E, 0x03, 0xEF, 0x80,
  0x7B, 0xFF, 0xFE, 0xFF, 0xFF, 0xBF, 0xFF, 0xEF, 0x80, 0x03, 0xE0, 0x00, 0xFC, 0x0F, 0x9F, 0x87,
  0xE7, 0xFF, 0xF0, 0xFF, 0xF8, 0x1F, 0xFC, 0x01, 0xFC, 0x00, 0x01, 0xE0, 0x00, 0x3C, 0x00, 0x07,
  0x80, 0x00, 0xF0, 0x00, 0x1E, 0x00, 0x00, 0x00, 0x3F, 0xFF, 0xF7, 0xFF, 0xFE, 0xFF, 0xFF, 0xDF,
  0xFF, 0xFB, 0xE0, 0x00, 0x7C, 0x00, 0x0F, 0x80, 0x01, 0xF0, 0x00, 0x3E, 0x00, 0x07, 0xC0, 0x00,
  0xF8, 0x00, 0x1F, 0xFF, 0xF3, 0xFF, 0xFE, 0x7F, 0xFF, 0xCF, 0xFF, 0xF9, 0xF0, 0x00, 0x3E, 0x00,
  0x07, 0xC0, 0x00, 0xF8, 0x00, 0x1F, 0x00, 0x03, 0xE0, 0x00, 0x7C, 0x00, 0x0F, 0xFF, 0xFF, 0xFF,
  0xFF, 0xFF, 0xFF, 0xFF, 0xFF, 0xFF, 0x01, 0xE0, 0x00, 0x78, 0x00, 0x1E, 0x00, 0x07, 0x80, 0x00,
  0x00, 0x00, 0x00, 0x00, 0x00, 0x00, 0x1F, 0x80, 0x1F, 0xF8, 0x0F, 0xFF, 0x83, 0xFF, 0xE1, 0xF8,
  0x7C, 0x7C, 0x0F, 0x3E, 0x03, 0xEF, 0x80, 0x7B, 0xFF, 0xFE, 0xFF, 0xFF, 0xBF, 0xFF, 0xEF, 0x80,
  0x03, 0xE0, 0x00, 0xFC, 0x0F, 0x9F, 0x87, 0xE7, 0xFF, 0xF0, 0xFF, 0xF8, 0x1F, 0xFC, 0x01, 0xFC,
  0x00, 0xFF, 0xFF, 0xCF, 0xFF, 0xFC, 0xFF, 0xFF, 0xCF, 0xFF, 0xFC, 0xF8, 0x00, 0x0F, 0x80, 0x00,
  0xF8, 0x00, 0x0F, 0x80, 0x00, 0xF8, 0x00, 0x0F, 0x80, 0x00, 0xF8, 0x00, 0x0F, 0xFF, 0xF8, 0xFF,
  0xFF, 0x8F, 0xFF, 0xF8, 0xFF, 0xFF, 0x8F, 0x80, 0x00, 0xF8, 0x00, 0x0F, 0x80, 0x00, 0xF8, 0x00,
  0x0F, 0x80, 0x00, 0xF8, 0x00, 0x0F, 0x80, 0x00, 0xFF, 0xFF, 0xCF, 0xFF, 0xFC, 0xFF, 0xFF, 0xCF,
  0xFF, 0xFC, 0x00, 0x01, 0x80, 0x00, 0x30, 0x00, 0x07, 0x00, 0x00, 0xE0, 0x00, 0x0E, 0x00, 0x00,
  0xE0, 0x00, 0x0F, 0x00, 0x00, 0x3F, 0x03, 0xF0, 0x03, 0xFF, 0x01, 0xFF, 0xE0, 0xFF, 0xFC, 0x7E,
  0x1F, 0x9F, 0x03, 0xEF, 0x80, 0x7F, 0xE0, 0x1F, 0xFF, 0xFF, 0xFF, 0xFF, 0xFF, 0xFF, 0xFF, 0xE0,
  0x00, 0xF8, 0x00, 0x1F, 0x01, 0xF7, 0xE0, 0xFC, 0xFF, 0xFE, 0x3F, 0xFF, 0x03, 0xFF, 0xC0, 0x3F,
  0xE0, 0x00, 0x70, 0x00, 0x38, 0x00, 0x0E, 0x00, 0x07, 0x00, 0x01, 0xC0, 0x00, 0x70, 0x00, 0x1E,
  0x00, 0x01, 0xF8, 0x0E, 0x1C, 0x00, 0xEF, 0x00, 0x1F, 0xC0, 0x01, 0xF0, 0x00, 0x00, 0x01, 0xFF,
  0xFF, 0xBF, 0xFF, 0xF7, 0xFF, 0xFE, 0xFF, 0xFF, 0xDF, 0x00, 0x03, 0xE0, 0x00, 0x7C, 0x00, 0x0F,
  0x80, 0x01, 0xF0, 0x00, 0x3E, 0x00, 0x07, 0xC0, 0x00, 0xFF, 0xFF, 0x9F, 0xFF, 0xF3, 0xFF, 0xFE,
  0x7F, 0xFF, 0xCF, 0x80, 0x01, 0xF0, 0x00, 0x3E, 0x00, 0x07, 0xC0, 0x00, 0xF8, 0x00, 0x1F, 0x00,
  0x03, 0xE0, 0x00, 0x7F, 0xFF, 0xFF, 0xFF, 0xFF, 0xFF, 0xFF, 0xFF, 0xFF, 0xF8, 0x1C, 0x1C, 0x03,
  0x8E, 0x00, 0x77, 0x00, 0x1F, 0x80, 0x03, 0xE0, 0x00, 0x00, 0x00, 0x00, 0x00, 0x1F, 0x80, 0x1F,
  0xF8, 0x0F, 0xFF, 0x83, 0xFF, 0xE1, 0xF8, 0x7C, 0x7C, 0x0F, 0x3E, 0x03, 0xEF, 0x80, 0x7B, 0xFF,
  0xFE, 0xFF, 0xFF, 0xBF, 0xFF, 0xEF, 0x80, 0x03, 0xE0, 0x00, 0xFC, 0x0F, 0x9F, 0x87, 0xE7, 0xFF,
  0xF0, 0xFF, 0xF8, 0x1F, 0xFC, 0x01, 0xFC, 0x00, 0x00, 0x3E, 0x00, 0x00, 0x7F, 0x00, 0x00, 0xF7,
  0x80, 0x01, 0xE3, 0xC0, 0x00, 0x00, 0x00, 0x00, 0x7F, 0x80, 0x03, 0xFF, 0xE0, 0x07, 0xFF, 0xF8,
  0x0F, 0xFF, 0xFC, 0x1F, 0xC0, 0xFE, 0x3F, 0x00, 0x7E, 0x7E, 0x00, 0x3F, 0x7C, 0x00, 0x1F, 0x7C,
  0x00, 0x00, 0xF8, 0x00, 0x00, 0xF8, 0x00, 0x00, 0xF8, 0x00, 0x00, 0xF8, 0x03, 0xFF, 0xF8, 0x03,
  0xFF, 0xF8, 0x03, 0xFF, 0xF8, 0x03, 0xFF, 0xFC, 0x00, 0x0F, 0x7C, 0x00, 0x1F, 0x7C, 0x00, 0x1F,
  0x7E, 0x00, 0x3F, 0x3F, 0x00, 0x7F, 0x1F, 0xC1, 0xFF, 0x0F, 0xFF, 0xFF, 0x07, 0xFF, 0xE7, 0x03,
  0xFF, 0xC7, 0x00, 0xFF, 0x07, 0x01, 0xF0, 0x00, 0xFE, 0x00, 0x3B, 0x80, 0x1C, 0x70, 0x0E, 0x0E,
  0x00, 0x00, 0x00, 0x00, 0x00, 0x00, 0x00, 0x07, 0xC7, 0xC3, 0xFD, 0xF3, 0xFF, 0xFC, 0xFF, 0xFF,
  0x7E, 0x1F, 0xDF, 0x03, 0xFF, 0xC0, 0xFF, 0xE0, 0x1F, 0xF8, 0x07, 0xFE, 0x01, 0xFF, 0x80, 0x7F,
  0xE0, 0x1F, 0xFC, 0x0F, 0xDF, 0x03, 0xF7, 0xE1, 0xFD, 0xFF, 0xFF, 0x3F, 0xFF, 0xC7, 0xFD, 0xF0,
  0x7C, 0x7C, 0x00, 0x1F, 0x00, 0x07, 0xFF, 0x03, 0xF7, 0xE1, 0xF9, 0xFF, 0xFC, 0x3F, 0xFE, 0x01,
  0xFE, 0x00, 0x00, 0xC1, 0xC0, 0x00, 0xE3, 0xC0, 0x00, 0xFF, 0x80, 0x00, 0x7F, 0x00, 0x00, 0x0C,
  0x00, 0x00, 0x7F, 0x80, 0x03, 0xFF, 0xE0, 0x07, 0xFF, 0xF8, 0x0F, 0xFF, 0xFC, 0x1F, 0xC0, 0xFE,
  0x3F, 0x00, 0x7E, 0x7E, 0x00, 0x3F, 0x7C, 0x00, 0x1F, 0x7C, 0x00, 0x00, 0xF8, 0x00, 0x00, 0xF8,
  0x00, 0x00, 0xF8, 0x00, 0x00, 0xF8, 0x03, 0xFF, 0xF8, 0x03, 0xFF, 0xF8, 0x03, 0xFF, 0xF8, 0x03,
  0xFF, 0xFC, 0x00, 0x0F, 0x7C, 0x00, 0x1F, 0x7C, 0x00, 0x1F, 0x7E, 0x00, 0x3F, 0x3F, 0x00, 0x7F,
  0x1F, 0xC1, 0xFF, 0x0F, 0xFF, 0xFF, 0x07, 0xFF, 0xE7, 0x03, 0xFF, 0xC7, 0x00, 0xFF, 0x07, 0x06,
  0x06, 0x01, 0xC3, 0x80, 0x7F, 0xC0, 0x0F, 0xF0, 0x00, 0xF0, 0x00, 0x00, 0x00, 0x00, 0x00, 0x1F,
  0x1F, 0x0F, 0xF7, 0xCF, 0xFF, 0xF3, 0xFF, 0xFD, 0xF8, 0x7F, 0x7C, 0x0F, 0xFF, 0x03, 0xFF, 0x80,
  0x7F, 0xE0, 0x1F, 0xF8, 0x07, 0xFE, 0x01, 0xFF, 0x80, 0x7F, 0xF0, 0x3F, 0x7C, 0x0F, 0xDF, 0x87,
  0xF7, 0xFF, 0xFC, 0xFF, 0xFF, 0x1F, 0xF7, 0xC1, 0xF1, 0xF0, 0x00, 0x7C, 0x00, 0x1F, 0xFC, 0x0F,
  0xDF, 0x87, 0xE7, 0xFF, 0xF0, 0xFF, 0xF8, 0x07, 0xF8, 0x00, 0x00, 0x1E, 0x00, 0x00, 0x1E, 0x00,
  0x00, 0x1E, 0x00, 0x00, 0x1E, 0x00, 0x00, 0x1E, 0x00, 0x00, 0x00, 0x00, 0x00, 0x7F, 0x80, 0x03,
  0xFF, 0xE0, 0x07, 0xFF, 0xF8, 0x0F, 0xFF, 0xFC, 0x1F, 0xC0, 0xFE, 0x3F, 0x00, 0x7E, 0x7E, 0x00,
  0x3F, 0x7C, 0x00, 0x1F, 0x7C, 0x00, 0x00, 0xF8, 0x00, 0x00, 0xF8, 0x00, 0x00, 0xF8, 0x00, 0x00,
  0xF8, 0x03, 0xFF, 0xF8, 0x03, 0xFF, 0xF8, 0x03, 0xFF, 0xF8, 0x03, 0xFF, 0xFC, 0x00, 0x0F, 0x7C,
  0x00, 0x1F, 0x7C, 0x00, 0x1F, 0x7E, 0x00, 0x3F, 0x3F, 0x00, 0x7F, 0x1F, 0xC1, 0xFF, 0x0F, 0xFF,
  0xFF, 0x07, 0xFF, 0xE7, 0x03, 0xFF, 0xC7, 0x00, 0xFF, 0x07, 0x00, 0xF0, 0x00, 0x3C, 0x00, 0x0F,
  0x00, 0x03, 0xC0, 0x00, 0x00, 0x00, 0x00, 0x00, 0x00, 0x00, 0x00, 0x00, 0x07, 0xC7, 0xC3, 0xFD,
  0xF3, 0xFF, 0xFC, 0xFF, 0xFF, 0x7E, 0x1F, 0xDF, 0x03, 0xFF, 0xC0, 0xFF, 0xE0, 0x1F, 0xF8, 0x07,
  0xFE, 0x01, 0xFF, 0x80, 0x7F, 0xE0, 0x1F, 0xFC, 0x0F, 0xDF, 0x03, 0xF7, 0xE1, 0xFD, 0xFF, 0xFF,
  0x3F, 0xFF, 0xC7, 0xFD, 0xF0, 0x7C, 0x7C, 0x00, 0x1F, 0x00, 0x07, 0xFF, 0x03, 0xF7, 0xE1, 0xF9,
  0xFF, 0xFC, 0x3F, 0xFE, 0x01, 0xFE, 0x00, 0x00, 0x7F, 0x80, 0x03, 0xFF, 0xE0, 0x07, 0xFF, 0xF8,
  0x0F, 0xFF, 0xFC, 0x1F, 0xC0, 0xFE, 0x3F, 0x00, 0x7E, 0x7E, 0x00, 0x3F, 0x7C, 0x00, 0x1F, 0x7C,
  0x00, 0x00, 0xF8, 0x00, 0x00, 0xF8, 0x00, 0x00, 0xF8, 0x00, 0x00, 0xF8, 0x03, 0xFF, 0xF8, 0x03,
  0xFF, 0xF8, 0x03, 0xFF, 0xF8, 0x03, 0xFF, 0xFC, 0x00, 0x0F, 0x7C, 0x00, 0x1F, 0x7C, 0x00, 0x1F,
  0x7E, 0x00, 0x3F, 0x3F, 0x00, 0x7F, 0x1F, 0xC1, 0xFF, 0x0F, 0xFF, 0xFF, 0x07, 0xFF, 0xE7, 0x03,
  0xFF, 0xC7, 0x00, 0xFF, 0x07, 0x00, 0x00, 0x00, 0x00, 0x00, 0x00, 0x00, 0x3C, 0x00, 0x00, 0x3C,
  0x00, 0x00, 0x3C, 0x00, 0x00, 0x3C, 0x00, 0x00, 0x0C, 0x00, 0x00, 0x0C, 0x00, 0x00, 0x0C, 0x00,
  0x00, 0x18, 0x00, 0x00, 0x30, 0x00, 0x00, 0x30, 0x00, 0x18, 0x00, 0x0C, 0x00, 0x03, 0x00, 0x00,
  0xC0, 0x00, 0x3C, 0x00, 0x0F, 0x00, 0x03, 0xC0, 0x00, 0xF0, 0x00, 0x00, 0x00, 0x00, 0x00, 0x1F,
  0x1F, 0x0F, 0xF7, 0xCF, 0xFF, 0xF3, 0xFF, 0xFD, 0xF8, 0x7F, 0x7C, 0x0F, 0xFF, 0x03, 0xFF, 0x80,
  0x7F, 0xE0, 0x1F, 0xF8, 0x07, 0xFE, 0x01, 0xFF, 0x80, 0x7F, 0xF0, 0x3F, 0x7C, 0x0F, 0xDF, 0x87,
  0xF7, 0xFF, 0xFC, 0xFF, 0xFF, 0x1F, 0xF7, 0xC1, 0xF1, 0xF0, 0x00, 0x7C, 0x00, 0x1F, 0xFC, 0x0F,
  0xDF, 0x87, 0xE7, 0xFF, 0xF0, 0xFF, 0xF8, 0x07, 0xF8, 0x00, 0x01, 0xF0, 0x00, 0x3F, 0x80, 0x07,
  0xBC, 0x00, 0xE1, 0xC0, 0x00, 0x00, 0x0F, 0x80, 0x1F, 0xF8, 0x01, 0xFF, 0x80, 0x1F, 0xF8, 0x01,
  0xFF, 0x80, 0x1F, 0xF8, 0x01, 0xFF, 0x80, 0x1F, 0xF8, 0x01, 0xFF, 0x80, 0x1F, 0xF8, 0x01, 0xFF,
  0xFF, 0xFF, 0xFF, 0xFF, 0xFF, 0xFF, 0xFF, 0xFF, 0xFF, 0xFF, 0x80, 0x1F, 0xF8, 0x01, 0xFF, 0x80,
  0x1F, 0xF8, 0x01, 0xFF, 0x80, 0x1F, 0xF8, 0x01, 0xFF, 0x80, 0x1F, 0xF8, 0x01, 0xFF, 0x80, 0x1F,
  0xF8, 0x01, 0xFF, 0x80, 0x1F, 0xF8, 0x01, 0xF0, 0x01, 0xF0, 0x01, 0xF8, 0x00, 0xEE, 0x00, 0xE3,
  0x80, 0xE0, 0xC7, 0xC0, 0x03, 0xE0, 0x01, 0xF0, 0x00, 0xF8, 0x00, 0x7C, 0x00, 0x3E, 0x00, 0x1F,
  0x00, 0x0F, 0x8F, 0x87, 0xDF, 0xF3, 0xFF, 0xFD, 0xFF, 0xFE, 0xFE, 0x1F, 0xFE, 0x07, 0xFE, 0x03,
  0xFF, 0x01, 0xFF, 0x80, 0xFF, 0xC0, 0x7F, 0xE0, 0x3F, 0xF0, 0x1F, 0xF8, 0x0F, 0xFC, 0x07, 0xFE,
  0x03, 0xFF, 0x01, 0xFF, 0x80, 0xFF, 0xC0, 0x7F, 0xE0, 0x3E, 0x3E, 0x00, 0x3E, 0x1F, 0x00, 0x1F,
  0x0F, 0x80, 0x0F, 0x9F, 0xFF, 0xFF, 0xFF, 0xFF, 0xFF, 0xFF, 0xFF, 0xFF, 0xFF, 0xFF, 0xFF, 0xFE,
  0x7C, 0x00, 0x7C, 0x3E, 0x00, 0x3E, 0x1F, 0x00, 0x1F, 0x0F, 0xFF, 0xFF, 0x87, 0xFF, 0xFF, 0xC3,
  0xFF, 0xFF, 0xE1, 0xFF, 0xFF, 0xF0, 0xF8, 0x00, 0xF8, 0x7C, 0x00, 0x7C, 0x3E, 0x00, 0x3E, 0x1F,
  0x00, 0x1F, 0x0F, 0x80, 0x0F, 0x87, 0xC0, 0x07, 0xC3, 0xE0, 0x03, 0xE1, 0xF0, 0x01, 0xF0, 0xF8,
  0x00, 0xF8, 0x7C, 0x00, 0x7C, 0x3E, 0x00, 0x3E, 0x1F, 0x00, 0x1F, 0x00, 0x7C, 0x00, 0x1F, 0x00,
  0x0F, 0xFC, 0x03, 0xFF, 0x00, 0xFF, 0xC0, 0x1F, 0x00, 0x07, 0xC0, 0x01, 0xF1, 0xF0, 0x7D, 0xFF,
  0x1F, 0xFF, 0xE7, 0xFF, 0xF9, 0xFC, 0x3F, 0x7E, 0x07, 0xDF, 0x01, 0xF7, 0xC0, 0x7D, 0xF0, 0x1F,
  0x7C, 0x07, 0xDF, 0x01, 0xF7, 0xC0, 0x7D, 0xF0, 0x1F, 0x7C, 0x07, 0xDF, 0x01, 0xF7, 0xC0, 0x7D,
  0xF0, 0x1F, 0x7C, 0x07, 0xDF, 0x01, 0xF0, 0x00, 0xEF, 0x9B, 0xFF, 0x7F, 0xEC, 0x30, 0x00, 0x07,
  0xC0, 0xF8, 0x1F, 0x03, 0xE0, 0x7C, 0x0F, 0x81, 0xF0, 0x3E, 0x07, 0xC0, 0xF8, 0x1F, 0x03, 0xE0,
  0x7C, 0x0F, 0x81, 0xF0, 0x3E, 0x07, 0xC0, 0xF8, 0x1F, 0x03, 0xE0, 0x7C, 0x0F, 0x81, 0xF0, 0x3E,
  0x07, 0xC0, 0xF8, 0x20, 0xFF, 0xFB, 0xFF, 0x7F, 0xE0, 0x00, 0x00, 0x00, 0x01, 0xF0, 0x3E, 0x07,
  0xC0, 0xF8, 0x1F, 0x03, 0xE0, 0x7C, 0x0F, 0x81, 0xF0, 0x3E, 0x07, 0xC0, 0xF8, 0x1F, 0x03, 0xE0,
  0x7C, 0x0F, 0x81, 0xF0, 0x3E, 0x07, 0xC0, 0xFF, 0xFF, 0xFF, 0xE0, 0x00, 0x01, 0xF0, 0xF8, 0x7C,
  0x3E, 0x1F, 0x0F, 0x87, 0xC3, 0xE1, 0xF0, 0xF8, 0x7C, 0x3E, 0x1F, 0x0F, 0x87, 0xC3, 0xE1, 0xF0,
  0xF8, 0x7C, 0x3E, 0x1F, 0x0F, 0x87, 0xC3, 0xE1, 0xF0, 0xF8, 0xFF, 0xFF, 0xFF, 0x00, 0x00, 0x00,
  0x7C, 0x7C, 0x7C, 0x7C, 0x7C, 0x7C, 0x7C, 0x7C, 0x7C, 0x7C, 0x7C, 0x7C, 0x7C, 0x7C, 0x7C, 0x7C,
  0x7C, 0x7C, 0x7C, 0xC3, 0xFF, 0xDF, 0xC7, 0xC0, 0x01, 0xF0, 0xF8, 0x7C, 0x3E, 0x1F, 0x0F, 0x87,
  0xC3, 0xE1, 0xF0, 0xF8, 0x7C, 0x3E, 0x1F, 0x0F, 0x87, 0xC3, 0xE1, 0xF0, 0xF8, 0x7C, 0x3E, 0x1F,
  0x0F, 0x87, 0xC3, 0xE1, 0xF0, 0xF8, 0xC1, 0xF0, 0x6F, 0xF9, 0xFC, 0x3E, 0x00, 0x00, 0x01, 0xF0,
  0x7C, 0x1F, 0x07, 0xC1, 0xF0, 0x7C, 0x1F, 0x07, 0xC1, 0xF0, 0x7C, 0x1F, 0x07, 0xC1, 0xF0, 0x7C,
  0x1F, 0x07, 0xC1, 0xF0, 0x7C, 0x1F, 0x00, 0x7C, 0xF9, 0xF3, 0xE7, 0xCF, 0x9F, 0x3E, 0x7C, 0xF9,
  0xF3, 0xE7, 0xCF, 0x9F, 0x3E, 0x7C, 0xF9, 0xF3, 0xE7, 0xCF, 0x9F, 0x3E, 0x7C, 0xF8, 0x31, 0xC7,
  0x1C, 0x38, 0x70, 0xF0, 0x7C, 0x7C, 0xF9, 0xF3, 0xE0, 0x00, 0x00, 0x3E, 0x7C, 0xF9, 0xF3, 0xE7,
  0xCF, 0x9F, 0x3E, 0x7C, 0xF9, 0xF3, 0xE7, 0xCF, 0x9F, 0x3E, 0x7C, 0xF8, 0x31, 0xC7, 0x1C, 0x38,
  0x70, 0xF0, 0x7C, 0x7B, 0xDE, 0xF7, 0x83, 0xFF, 0xFF, 0xFF, 0xFF, 0xFF, 0xFF, 0xFF, 0xFF, 0xFF,
  0xFF, 0xFF, 0xFF, 0xFF, 0xFF, 0xFF, 0xFF, 0xFF, 0xFF, 0xFF, 0xFF, 0xFF, 0xFF, 0xFF, 0xFF, 0xFF,
  0xFF, 0xFF, 0xFE, 0xF8, 0x1F, 0xF8, 0x1F, 0xF8, 0x1F, 0xF8, 0x1F, 0xF8, 0x1F, 0xF8, 0x1F, 0xF8,
  0x1F, 0xF8, 0x1F, 0xF8, 0x1F, 0xF8, 0x1F, 0xF8, 0x1F, 0xF8, 0x1F, 0xF8, 0x1F, 0x00, 0x1F, 0x00,
  0x1F, 0x00, 0x1F, 0x00, 0x1F, 0xF8, 0x1F, 0xF8, 0x1F, 0xF8, 0x1F, 0xF8, 0x1F, 0xFC, 0x3F, 0x7F,
  0xFE, 0x3F, 0xFC, 0x1F, 0xF8, 0x07, 0xE0, 0xF8, 0x7F, 0xE1, 0xFF, 0x87, 0xFE, 0x1F, 0x00, 0x00,
  0x00, 0x00, 0x00, 0x3E, 0x1F, 0xF8, 0x7F, 0xE1, 0xFF, 0x87, 0xFE, 0x1F, 0xF8, 0x7F, 0xE1, 0xFF,
  0x87, 0xFE, 0x1F, 0xF8, 0x7F, 0xE1, 0xFF, 0x87, 0xFE, 0x1F, 0xF8, 0x7F, 0xE1, 0xFF, 0x87, 0xFE,
  0x1F, 0xF8, 0x7F, 0xE1, 0xF0, 0x07, 0xC0, 0x1F, 0x00, 0x7C, 0x07, 0xF0, 0x1F, 0xC0, 0x7F, 0x01,
  0xF8, 0x03, 0xC0, 0x07, 0xE0, 0x0E, 0x70, 0x1C, 0x38, 0x00, 0x00, 0x00, 0x1F, 0x00, 0x1F, 0x00,
  0x1F, 0x00, 0x1F, 0x00, 0x1F, 0x00, 0x1F, 0x00, 0x1F, 0x00, 0x1F, 0x00, 0x1F, 0x00, 0x1F, 0x00,
  0x1F, 0x00, 0x1F, 0x00, 0x1F, 0x00, 0x1F, 0x00, 0x1F, 0x00, 0x1F, 0xF8, 0x1F, 0xF8, 0x1F, 0xF8,
  0x1F, 0xF8, 0x1F, 0xF8, 0x1F, 0xFC, 0x3F, 0x7F, 0xFE, 0x3F, 0xFC, 0x1F, 0xF8, 0x07, 0xE0, 0x0F,
  0x03, 0xE0, 0xEE, 0x38, 0xE6, 0x0E, 0x00, 0x00, 0x00, 0x00, 0x1F, 0x03, 0xE0, 0x7C, 0x0F, 0x81,
  0xF0, 0x3E, 0x07, 0xC0, 0xF8, 0x1F, 0x03, 0xE0, 0x7C, 0x0F, 0x81, 0xF0, 0x3E, 0x07, 0xC0, 0xF8,
  0x1F, 0x03, 0xE0, 0x7C, 0x0F, 0x81, 0xF0, 0x3E, 0x1F, 0xC3, 0xF8, 0x7E, 0x0F, 0x80, 0xF8, 0x01,
  0xFB, 0xE0, 0x0F, 0xCF, 0x80, 0x7E, 0x3E, 0x03, 0xF0, 0xF8, 0x1F, 0x83, 0xE0, 0xFC, 0x0F, 0x87,
  0xE0, 0x3E, 0x3F, 0x00, 0xF8, 0xF8, 0x03, 0xE7, 0xE0, 0x0F, 0xBF, 0x00, 0x3F, 0xF8, 0x00, 0xFF,
  0xF0, 0x03, 0xFF, 0xE0, 0x0F, 0xFF, 0x80, 0x3F, 0xBF, 0x00, 0xFC, 0x7E, 0x03, 0xE0, 0xFC, 0x0F,
  0x81, 0xF8, 0x3E, 0x07, 0xE0, 0xF8, 0x0F, 0xC3, 0xE0, 0x1F, 0x8F, 0x80, 0x7F, 0x3E, 0x00, 0xFC,
  0xF8, 0x01, 0xFB, 0xE0, 0x03, 0xF0, 0x00, 0x00, 0x00, 0x00, 0x00, 0x00, 0xF0, 0x00, 0x03, 0xC0,
  0x00, 0x0F, 0x00, 0x00, 0x3C, 0x00, 0x00, 0x30, 0x00, 0x00, 0xC0, 0x00, 0x03, 0x00, 0x00, 0x18,
  0x00, 0x00, 0xC0, 0x00, 0xF8, 0x00, 0x7C, 0x00, 0x3E, 0x00, 0x1F, 0x00, 0x0F, 0x80, 0x07, 0xC0,
  0x03, 0xE0, 0x01, 0xF0, 0x3E, 0xF8, 0x3E, 0x7C, 0x3F, 0x3E, 0x3F, 0x1F, 0x3F, 0x0F, 0x9F, 0x07,
  0xDF, 0x03, 0xFF, 0x81, 0xFF, 0xC0, 0xFF, 0xF0, 0x7F, 0xF8, 0x3F, 0x7E, 0x1F, 0x1F, 0x0F, 0x87,
  0xC7, 0xC3, 0xF3, 0xE0, 0xF9, 0xF0, 0x7E, 0xF8, 0x1F, 0x7C, 0x0F, 0xC0, 0x00, 0x00, 0x00, 0x00,
  0x78, 0x00, 0x3C, 0x00, 0x1E, 0x00, 0x0F, 0x00, 0x01, 0x80, 0x00, 0xC0, 0x00, 0x60, 0x00, 0x60,
  0x00, 0x60, 0x00, 0xF8, 0x3F, 0x7C, 0x1F, 0x3E, 0x1F, 0x1F, 0x1F, 0x0F, 0x9F, 0x07, 0xDF, 0x03,
  0xFF, 0x01, 0xFF, 0x00, 0xFF, 0x80, 0x7F, 0xC0, 0x3F, 0xF0, 0x1F, 0xFC, 0x0F, 0xBF, 0x07, 0xDF,
  0xC3, 0xE7, 0xF1, 0xF1, 0xF8, 0xF8, 0x7E, 0x7C, 0x1F, 0xBE, 0x07, 0xE0, 0x1E, 0x00, 0x1E, 0x00,
  0x1E, 0x00, 0x1C, 0x00, 0x00, 0x00, 0x07, 0xC0, 0x03, 0xE0, 0x01, 0xF0, 0x00, 0xF8, 0x00, 0x7C,
  0x00, 0x3E, 0x00, 0x1F, 0x00, 0x0F, 0x80, 0x07, 0xC0, 0x03, 0xE0, 0x01, 0xF0, 0x00, 0xF8, 0x00,
  0x7C, 0x00, 0x3E, 0x00, 0x1F, 0x00, 0x0F, 0x80, 0x07, 0xC0, 0x03, 0xE0, 0x01, 0xF0, 0x00, 0xF8,
  0x00, 0x7C, 0x00, 0x3E, 0x00, 0x1F, 0xFF, 0xFF, 0xFF, 0xFF, 0xFF, 0xFF, 0xFF, 0xFE, 0x1F, 0x3C,
  0x78, 0x70, 0x00, 0x7C, 0x7C, 0x7C, 0x7C, 0x7C, 0x7C, 0x7C, 0x7C, 0x7C, 0x7C, 0x7C, 0x7C, 0x7C,
  0x7C, 0x7C, 0x7C, 0x7C, 0x7C, 0x7C, 0x7C, 0x7C, 0x7C, 0x7C, 0x7C, 0x7C, 0x7C, 0xF8, 0x00, 0x7C,
  0x00, 0x3E, 0x00, 0x1F, 0x00, 0x0F, 0x80, 0x07, 0xC0, 0x03, 0xE0, 0x01, 0xF0, 0x00, 0xF8, 0x00,
  0x7C, 0x00, 0x3E, 0x00, 0x1F, 0x00, 0x0F, 0x80, 0x07, 0xC0, 0x03, 0xE0, 0x01, 0xF0, 0x00, 0xF8,
  0x00, 0x7C, 0x00, 0x3E, 0x00, 0x1F, 0x00, 0x0F, 0x80, 0x07, 0xC0, 0x03, 0xFF, 0xFF, 0xFF, 0xFF,
  0xFF, 0xFF, 0xFF, 0xFF, 0xC0, 0x00, 0x00, 0x00, 0x00, 0x3C, 0x00, 0x1E, 0x00, 0x0F, 0x00, 0x07,
  0x80, 0x00, 0xC0, 0x00, 0x60, 0x00, 0x30, 0x00, 0x30, 0x00, 0x30, 0x00, 0xFF, 0xFF, 0xFF, 0xFF,
  0xFF, 0xFF, 0xFF, 0xFF, 0xFF, 0xFF, 0xFF, 0xFF, 0xFF, 0xFF, 0xFF, 0xFF, 0xC0, 0x0F, 0x7B, 0xDE,
  0x31, 0x8C, 0xCC, 0x00, 0x00, 0x7C, 0x7C, 0x3E, 0x3E, 0x1F, 0x1F, 0x01, 0x8F, 0x81, 0x87, 0xC3,
  0x83, 0xE0, 0x01, 0xF0, 0x00, 0xF8, 0x00, 0x7C, 0x00, 0x3E, 0x00, 0x1F, 0x00, 0x0F, 0x80, 0x07,
  0xC0, 0x03, 0xE0, 0x01, 0xF0, 0x00, 0xF8, 0x00, 0x7C, 0x00, 0x3E, 0x00, 0x1F, 0x00, 0x0F, 0x80,
  0x07, 0xC0, 0x03, 0xE0, 0x01, 0xFF, 0xFF, 0xFF, 0xFF, 0xFF, 0xFF, 0xFF, 0xFF, 0xE0, 0x00, 0xFF,
  0xC7, 0xFE, 0x3F, 0xF0, 0x3F, 0x83, 0x7C, 0x63, 0xE0, 0x1F, 0x00, 0xF8, 0x07, 0xC0, 0x3E, 0x01,
  0xF0, 0x0F, 0x80, 0x7C, 0x03, 0xE0, 0x1F, 0x00, 0xF8, 0x07, 0xC0, 0x3E, 0x01, 0xF0, 0x0F, 0x80,
  0x7C, 0x03, 0xE0, 0x1F, 0x00, 0xF8, 0x07, 0xC0, 0x3E, 0x00, 0xF8, 0x00, 0x7C, 0x00, 0x3E, 0x00,
  0x1F, 0x00, 0x0F, 0x80, 0x07, 0xC0, 0x03, 0xE0, 0x01, 0xF0, 0x00, 0xF8, 0x00, 0x7C, 0x00, 0x3E,
  0x00, 0x1F, 0x03, 0xCF, 0x81, 0xE7, 0xC0, 0xF3, 0xE0, 0x79, 0xF0, 0x00, 0xF8, 0x00, 0x7C, 0x00,
  0x3E, 0x00, 0x1F, 0x00, 0x0F, 0x80, 0x07, 0xC0, 0x03, 0xFF, 0xFF, 0xFF, 0xFF, 0xFF, 0xFF, 0xFF,
  0xFF, 0xC0, 0xF8, 0x0F, 0x80, 0xF8, 0x0F, 0x80, 0xF8, 0x0F, 0x80, 0xF8, 0x0F, 0x80, 0xF8, 0x0F,
  0x80, 0xF8, 0x0F, 0x8F, 0xF8, 0xFF, 0x8F, 0xF8, 0xFF, 0x80, 0xF8, 0x0F, 0x80, 0xF8, 0x0F, 0x80,
  0xF8, 0x0F, 0x80, 0xF8, 0x0F, 0x80, 0xF8, 0x0F, 0x80, 0x1F, 0x00, 0x00, 0xF8, 0x00, 0x07, 0xC0,
  0x00, 0x3E, 0x00, 0x01, 0xF0, 0x00, 0x0F, 0x80, 0x00, 0x7C, 0x00, 0x03, 0xE0, 0x80, 0x1F, 0x0C,
  0x00, 0xF9, 0xE0, 0x07, 0xDE, 0x00, 0x3F, 0xE0, 0x01, 0xFE, 0x00, 0x0F, 0xC0, 0x00, 0xFC, 0x00,
  0x0F, 0xE0, 0x00, 0xFF, 0x00, 0x07, 0xF8, 0x00, 0x27, 0xC0, 0x00, 0x3E, 0x00, 0x01, 0xF0, 0x00,
  0x0F, 0x80, 0x00, 0x7F, 0xFF, 0xE3, 0xFF, 0xFF, 0x1F, 0xFF, 0xF8, 0xFF, 0xFF, 0xC0, 0x7C, 0xF9,
  0xF3, 0xE7, 0xCF, 0x9F, 0x3E, 0x7C, 0xF9, 0xFB, 0xF7, 0xDF, 0xBF, 0x7E, 0x7C, 0xF9, 0xF3, 0xE7,
  0xCF, 0x9F, 0x3E, 0x7C, 0xF8, 0x00, 0x7C, 0x00, 0x07, 0x00, 0x00, 0xE0, 0x00, 0x1C, 0x00, 0x00,
  0x00, 0x0F, 0x80, 0x1F, 0xFC, 0x01, 0xFF, 0xE0, 0x1F, 0xFE, 0x01, 0xFF, 0xF0, 0x1F, 0xFF, 0x01,
  0xFF, 0xF8, 0x1F, 0xFF, 0x81, 0xFF, 0xFC, 0x1F, 0xFB, 0xC1, 0xFF, 0xBE, 0x1F, 0xF9, 0xF1, 0xFF,
  0x9F, 0x1F, 0xF8, 0xF9, 0xFF, 0x87, 0x9F, 0xF8, 0x7D, 0xFF, 0x83, 0xDF, 0xF8, 0x3F, 0xFF, 0x81,
  0xFF, 0xF8, 0x1F, 0xFF, 0x80, 0xFF, 0xF8, 0x0F, 0xFF, 0x80, 0x7F, 0xF8, 0x03, 0xFF, 0x80, 0x3F,
  0xF8, 0x01, 0xF0, 0x00, 0x78, 0x00, 0x78, 0x00, 0x38, 0x00, 0x38, 0x00, 0x18, 0x00, 0x00, 0x00,
  0x00, 0x01, 0xF1, 0xF0, 0xFB, 0xFE, 0x7F, 0xFF, 0xBF, 0xFF, 0xDF, 0xC3, 0xFF, 0xC0, 0xFF, 0xC0,
  0x7F, 0xE0, 0x3F, 0xF0, 0x1F, 0xF8, 0x0F, 0xFC, 0x07, 0xFE, 0x03, 0xFF, 0x01, 0xFF, 0x80, 0xFF,
  0xC0, 0x7F, 0xE0, 0x3F, 0xF0, 0x1F, 0xF8, 0x0F, 0xFC, 0x07, 0xC0, 0xF8, 0x01, 0xFF, 0xC0, 0x1F,
  0xFE, 0x01, 0xFF, 0xE0, 0x1F, 0xFF, 0x01, 0xFF, 0xF0, 0x1F, 0xFF, 0x81, 0xFF, 0xF8, 0x1F, 0xFF,
  0xC1, 0xFF, 0xBC, 0x1F, 0xFB, 0xE1, 0xFF, 0x9F, 0x1F, 0xF9, 0xF1, 0xFF, 0x8F, 0x9F, 0xF8, 0x79,
  0xFF, 0x87, 0xDF, 0xF8, 0x3D, 0xFF, 0x83, 0xFF, 0xF8, 0x1F, 0xFF, 0x81, 0xFF, 0xF8, 0x0F, 0xFF,
  0x80, 0xFF, 0xF8, 0x07, 0xFF, 0x80, 0x3F, 0xF8, 0x03, 0xFF, 0x80, 0x1F, 0x00, 0x00, 0x00, 0x00,
  0x00, 0x00, 0xF0, 0x00, 0x0F, 0x00, 0x00, 0xF0, 0x00, 0x0F, 0x00, 0x00, 0x30, 0x00, 0x03, 0x00,
  0x00, 0x30, 0x00, 0x06, 0x00, 0x00, 0xC0, 0x00, 0xF8, 0xF8, 0x7D, 0xFF, 0x3F, 0xFF, 0xDF, 0xFF,
  0xEF, 0xE1, 0xFF, 0xE0, 0x7F, 0xE0, 0x3F, 0xF0, 0x1F, 0xF8, 0x0F, 0xFC, 0x07, 0xFE, 0x03, 0xFF,
  0x01, 0xFF, 0x80, 0xFF, 0xC0, 0x7F, 0xE0, 0x3F, 0xF0, 0x1F, 0xF8, 0x0F, 0xFC, 0x07, 0xFE, 0x03,
  0xE0, 0x00, 0x00, 0x00, 0x00, 0x1E, 0x00, 0x0F, 0x00, 0x07, 0x80, 0x03, 0xC0, 0x00, 0x60, 0x00,
  0x30, 0x00, 0x18, 0x00, 0x18, 0x00, 0x18, 0x00, 0x0F, 0x1E, 0x00, 0x7B, 0xC0, 0x03, 0xF8, 0x00,
  0x1F, 0x00, 0x00, 0x00, 0x0F, 0x80, 0x1F, 0xFC, 0x01, 0xFF, 0xE0, 0x1F, 0xFE, 0x01, 0xFF, 0xF0,
  0x1F, 0xFF, 0x01, 0xFF, 0xF8, 0x1F, 0xFF, 0x81, 0xFF, 0xFC, 0x1F, 0xFB, 0xC1, 0xFF, 0xBE, 0x1F,
  0xF9, 0xF1, 0xFF, 0x9F, 0x1F, 0xF8, 0xF9, 0xFF, 0x87, 0x9F, 0xF8, 0x7D, 0xFF, 0x83, 0xDF, 0xF8,
  0x3F, 0xFF, 0x81, 0xFF, 0xF8, 0x1F, 0xFF, 0x80, 0xFF, 0xF8, 0x0F, 0xFF, 0x80, 0x7F, 0xF8, 0x03,
  0xFF, 0x80, 0x3F, 0xF8, 0x01, 0xF0, 0x1C, 0x18, 0x07, 0x1C, 0x03, 0xDC, 0x00, 0xFC, 0x00, 0x3C,
  0x00, 0x00, 0x00, 0x00, 0x01, 0xF1, 0xF0, 0xFB, 0xFE, 0x7F, 0xFF, 0xBF, 0xFF, 0xDF, 0xC3, 0xFF,
  0xC0, 0xFF, 0xC0, 0x7F, 0xE0, 0x3F, 0xF0, 0x1F, 0xF8, 0x0F, 0xFC, 0x07, 0xFE, 0x03, 0xFF, 0x01,
  0xFF, 0x80, 0xFF, 0xC0, 0x7F, 0xE0, 0x3F, 0xF0, 0x1F, 0xF8, 0x0F, 0xFC, 0x07, 0xC0, 0xF0, 0x00,
  0x07, 0x80, 0x00, 0x3C, 0x00, 0x01, 0xE0, 0x00, 0x03, 0x00, 0x00, 0x18, 0x00, 0x01, 0x80, 0x00,
  0x0C, 0x00, 0x00, 0xCF, 0x8F, 0xC0, 0x7D, 0xFF, 0x03, 0xFF, 0xFC, 0x1F, 0xFF, 0xF0, 0xFE, 0x1F,
  0x87, 0xE0, 0x7C, 0x3E, 0x03, 0xE1, 0xF0, 0x1F, 0x0F, 0x80, 0xF8, 0x7C, 0x07, 0xC3, 0xE0, 0x3E,
  0x1F, 0x01, 0xF0, 0xF8, 0x0F, 0x87, 0xC0, 0x7C, 0x3E, 0x03, 0xE1, 0xF0, 0x1F, 0x0F, 0x80, 0xF8,
  0x7C, 0x07, 0xC3, 0xE0, 0x3E, 0xF8, 0xFC, 0x03, 0xEF, 0xFE, 0x0F, 0xFF, 0xFC, 0x3F, 0xFF, 0xF8,
  0xFF, 0x03, 0xF3, 0xF8, 0x07, 0xEF, 0xC0, 0x0F, 0xBF, 0x00, 0x3E, 0xF8, 0x00, 0x7F, 0xE0, 0x01,
  0xFF, 0x80, 0x07, 0xFE, 0x00, 0x1F, 0xF8, 0x00, 0x7F, 0xE0, 0x01, 0xFF, 0x80, 0x07, 0xFE, 0x00,
  0x1F, 0xF8, 0x00, 0x7F, 0xE0, 0x03, 0xEF, 0x80, 0x0F, 0xBE, 0x00, 0x7E, 0xF8, 0x01, 0xF3, 0xE0,
  0x0F, 0xCF, 0x87, 0xFE, 0x3E, 0x1F, 0xF0, 0xF8, 0x7F, 0x83, 0xE1, 0xF8, 0x00, 0xF8, 0xFC, 0x7D,
  0xFF, 0x3F, 0xFF, 0xDF, 0xFF, 0xFF, 0xE1, 0xFF, 0xE0, 0x7F, 0xE0, 0x3F, 0xF0, 0x1F, 0xF8, 0x0F,
  0xFC, 0x07, 0xFE, 0x03, 0xFF, 0x01, 0xFF, 0x80, 0xFF, 0xC0, 0x7F, 0xE0, 0x3F, 0xF0, 0x1F, 0xF8,
  0x0F, 0xFC, 0x07, 0xFE, 0x03, 0xE0, 0x01, 0xF0, 0x00, 0xF8, 0x00, 0x7C, 0x00, 0xFE, 0x00, 0x7F,
  0x00, 0x3F, 0x00, 0x1F, 0x00, 0x00, 0xFF, 0xC0, 0x00, 0x7F, 0xE0, 0x00, 0x3F, 0xF0, 0x00, 0x00,
  0x00, 0x00, 0x00, 0x00, 0x00, 0x03, 0xF8, 0x00, 0x0F, 0xFF, 0x80, 0x0F, 0xFF, 0xE0, 0x1F, 0xFF,
  0xF8, 0x0F, 0xE0, 0xFE, 0x0F, 0xC0, 0x1F, 0x8F, 0xC0, 0x07, 0xE7, 0xC0, 0x01, 0xF3, 0xE0, 0x00,
  0xFB, 0xE0, 0x00, 0x3F, 0xF0, 0x00, 0x1F, 0xF8, 0x00, 0x0F, 0xFC, 0x00, 0x07, 0xFE, 0x00, 0x03,
  0xFF, 0x00, 0x01, 0xFF, 0x80, 0x00, 0xFF, 0xC0, 0x00, 0x7D, 0xF0, 0x00, 0x7C, 0xF8, 0x00, 0x3E,
  0x7E, 0x00, 0x3F, 0x1F, 0x80, 0x3F, 0x07, 0xF0, 0x7F, 0x03, 0xFF, 0xFF, 0x00, 0x7F, 0xFF, 0x00,
  0x1F, 0xFF, 0x00, 0x03, 0xFC, 0x00, 0x07, 0xFE, 0x00, 0xFF, 0xC0, 0x1F, 0xF8, 0x00, 0x00, 0x00,
  0x00, 0x00, 0x00, 0x00, 0x00, 0xFE, 0x00, 0x7F, 0xF0, 0x1F, 0xFF, 0x07, 0xFF, 0xF1, 0xF8, 0x3F,
  0x3E, 0x03, 0xEF, 0xC0, 0x7F, 0xF0, 0x07, 0xFE, 0x00, 0xFF, 0xC0, 0x1F, 0xF8, 0x03, 0xFF, 0x00,
  0x7F, 0xF0, 0x1F, 0xBE, 0x03, 0xE7, 0xE1, 0xFC, 0x7F, 0xFF, 0x07, 0xFF, 0xC0, 0x7F, 0xF0, 0x03,
  0xF8, 0x00, 0x00, 0xC1, 0x80, 0x00, 0x7F, 0xC0, 0x00, 0x1F, 0xC0, 0x00, 0x07, 0xC0, 0x00, 0x00,
  0x00, 0x00, 0x03, 0xF8, 0x00, 0x0F, 0xFF, 0x80, 0x0F, 0xFF, 0xE0, 0x1F, 0xFF, 0xF8, 0x0F, 0xE0,
  0xFE, 0x0F, 0xC0, 0x1F, 0x8F, 0xC0, 0x07, 0xE7, 0xC0, 0x01, 0xF3, 0xE0, 0x00, 0xFB, 0xE0, 0x00,
  0x3F, 0xF0, 0x00, 0x1F, 0xF8, 0x00, 0x0F, 0xFC, 0x00, 0x07, 0xFE, 0x00, 0x03, 0xFF, 0x00, 0x01,
  0xFF, 0x80, 0x00, 0xFF, 0xC0, 0x00, 0x7D, 0xF0, 0x00, 0x7C, 0xF8, 0x00, 0x3E, 0x7E, 0x00, 0x3F,
  0x1F, 0x80, 0x3F, 0x07, 0xF0, 0x7F, 0x03, 0xFF, 0xFF, 0x00, 0x7F, 0xFF, 0x00, 0x1F, 0xFF, 0x00,
  0x03, 0xFC, 0x00, 0x06, 0x06, 0x00, 0xE1, 0xC0, 0x1F, 0xF8, 0x01, 0xFE, 0x00, 0x1F, 0x80, 0x00,
  0x00, 0x00, 0x00, 0x00, 0x1F, 0xC0, 0x0F, 0xFE, 0x03, 0xFF, 0xE0, 0xFF, 0xFE, 0x3F, 0x07, 0xE7,
  0xC0, 0x7D, 0xF8, 0x0F, 0xFE, 0x00, 0xFF, 0xC0, 0x1F, 0xF8, 0x03, 0xFF, 0x00, 0x7F, 0xE0, 0x0F,
  0xFE, 0x03, 0xF7, 0xC0, 0x7C, 0xFC, 0x3F, 0x8F, 0xFF, 0xE0, 0xFF, 0xF8, 0x0F, 0xFE, 0x00, 0x7F,
  0x00, 0x00, 0x1E, 0x7C, 0x00, 0x1E, 0x38, 0x00, 0x1C, 0x38, 0x00, 0x1C, 0x38, 0x00, 0x00, 0x00,
  0x00, 0x03, 0xF8, 0x00, 0x0F, 0xFF, 0x80, 0x0F, 0xFF, 0xE0, 0x1F, 0xFF, 0xF8, 0x0F, 0xE0, 0xFE,
  0x0F, 0xC0, 0x1F, 0x8F, 0xC0, 0x07, 0xE7, 0xC0, 0x01, 0xF3, 0xE0, 0x00, 0xFB, 0xE0, 0x00, 0x3F,
  0xF0, 0x00, 0x1F, 0xF8, 0x00, 0x0F, 0xFC, 0x00, 0x07, 0xFE, 0x00, 0x03, 0xFF, 0x00, 0x01, 0xFF,
  0x80, 0x00, 0xFF, 0xC0, 0x00, 0x7D, 0xF0, 0x00, 0x7C, 0xF8, 0x00, 0x3E, 0x7E, 0x00, 0x3F, 0x1F,
  0x80, 0x3F, 0x07, 0xF0, 0x7F, 0x03, 0xFF, 0xFF, 0x00, 0x7F, 0xFF, 0x00, 0x1F, 0xFF, 0x00, 0x03,
  0xFC, 0x00, 0x01, 0xF3, 0xC0, 0x3C, 0xF0, 0x0F, 0x1C, 0x01, 0xC7, 0x80, 0x70, 0xE0, 0x00, 0x00,
  0x00, 0x00, 0x00, 0x00, 0x00, 0x03, 0xF8, 0x01, 0xFF, 0xC0, 0x7F, 0xFC, 0x1F, 0xFF, 0xC7, 0xE0,
  0xFC, 0xF8, 0x0F, 0xBF, 0x01, 0xFF, 0xC0, 0x1F, 0xF8, 0x03, 0xFF, 0x00, 0x7F, 0xE0, 0x0F, 0xFC,
  0x01, 0xFF, 0xC0, 0x7E, 0xF8, 0x0F, 0x9F, 0x87, 0xF1, 0xFF, 0xFC, 0x1F, 0xFF, 0x01, 0xFF, 0xC0,
  0x0F, 0xE0, 0x00, 0x01, 0xFC, 0xFF, 0xFF, 0x03, 0xFF, 0xFF, 0xFF, 0x83, 0xFF, 0xFF, 0xFF, 0xC3,
  0xFF, 0xFF, 0xFF, 0xE3, 0xF8, 0x3F, 0x80, 0x01, 0xF8, 0x0F, 0xC0, 0x01, 0xF8, 0x03, 0xE0, 0x00,
  0xF8, 0x01, 0xF0, 0x00, 0x7C, 0x00, 0xF8, 0x00, 0x7E, 0x00, 0x7C, 0x00, 0x3E, 0x00, 0x3E, 0x00,
  0x1F, 0x00, 0x1F, 0xFF, 0xCF, 0x80, 0x0F, 0xFF, 0xE7, 0xC0, 0x07, 0xFF, 0xF3, 0xE0, 0x03, 0xFF,
  0xF9, 0xF0, 0x01, 0xF0, 0x00, 0xF8, 0x00, 0xF8, 0x00, 0x7E, 0x00, 0x7C, 0x00, 0x1F, 0x00, 0x3E,
  0x00, 0x0F, 0xC0, 0x1F, 0x00, 0x03, 0xF0, 0x0F, 0x80, 0x01, 0xFC, 0x1F, 0xC0, 0x00, 0x7F, 0xFF,
  0xFF, 0xFE, 0x1F, 0xFF, 0xFF, 0xFF, 0x07, 0xFE, 0xFF, 0xFF, 0x80, 0xFE, 0x7F, 0xFF, 0xC0, 0x03,
  0xF8, 0x1F, 0xC0, 0x1F, 0xFC, 0x7F, 0xC0, 0x7F, 0xFD, 0xFF, 0xE1, 0xFF, 0xFF, 0xFF, 0xC7, 0xF1,
  0xFF, 0x87, 0xCF, 0x80, 0xFE, 0x07, 0xBF, 0x01, 0xF8, 0x0F, 0xFC, 0x01, 0xF0, 0x0F, 0xF8, 0x03,
  0xFF, 0xFF, 0xF0, 0x07, 0xFF, 0xFF, 0xE0, 0x0F, 0xFF, 0xFF, 0xC0, 0x1F, 0x00, 0x0F, 0xC0, 0x7E,
  0x00, 0x0F, 0x80, 0xFE, 0x07, 0xDF, 0x83, 0xFC, 0x1F, 0x9F, 0xFF, 0xFF, 0xFE, 0x1F, 0xFF, 0x7F,
  0xF8, 0x1F, 0xFC, 0x7F, 0xE0, 0x0F, 0xE0, 0x3F, 0x00, 0x00, 0x7C, 0x00, 0x03, 0x80, 0x00, 0x38,
  0x00, 0x03, 0x80, 0x00, 0x00, 0x00, 0x7F, 0xFF, 0x83, 0xFF, 0xFF, 0x1F, 0xFF, 0xFC, 0xFF, 0xFF,
  0xE7, 0xC0, 0x1F, 0xBE, 0x00, 0x7D, 0xF0, 0x03, 0xEF, 0x80, 0x1F, 0x7C, 0x00, 0xFB, 0xE0, 0x07,
  0xDF, 0x00, 0x7C, 0xFF, 0xFF, 0xC7, 0xFF, 0xFC, 0x3F, 0xFF, 0xE1, 0xFF, 0xFF, 0x8F, 0x80, 0x7E,
  0x7C, 0x01, 0xF3, 0xE0, 0x0F, 0x9F, 0x00, 0x7C, 0xF8, 0x03, 0xE7, 0xC0, 0x1F, 0x3E, 0x00, 0xF9,
  0xF0, 0x07, 0xCF, 0x80, 0x3E, 0x7C, 0x01, 0xFB, 0xE0, 0x07, 0xE0, 0x07, 0xC0, 0xF0, 0x3C, 0x07,
  0x01, 0xC0, 0x00, 0x00, 0x07, 0xC7, 0xFB, 0xFF, 0xFF, 0xFF, 0xFF, 0x0F, 0xC1, 0xF0, 0x3E, 0x07,
  0xC0, 0xF8, 0x1F, 0x03, 0xE0, 0x7C, 0x0F, 0x81, 0xF0, 0x3E, 0x07, 0xC0, 0xF8, 0x1F, 0x00, 0xFF,
  0xFF, 0x07, 0xFF, 0xFE, 0x3F, 0xFF, 0xF9, 0xFF, 0xFF, 0xCF, 0x80, 0x3F, 0x7C, 0x00, 0xFB, 0xE0,
  0x07, 0xDF, 0x00, 0x3E, 0xF8, 0x01, 0xF7, 0xC0, 0x0F, 0xBE, 0x00, 0xF9, 0xFF, 0xFF, 0x8F, 0xFF,
  0xF8, 0x7F, 0xFF, 0xC3, 0xFF, 0xFF, 0x1F, 0x00, 0xFC, 0xF8, 0x03, 0xE7, 0xC0, 0x1F, 0x3E, 0x00,
  0xF9, 0xF0, 0x07, 0xCF, 0x80, 0x3E, 0x7C, 0x01, 0xF3, 0xE0, 0x0F, 0x9F, 0x00, 0x7C, 0xF8, 0x03,
  0xF7, 0xC0, 0x0F, 0xC0, 0x00, 0x00, 0x00, 0x00, 0x00, 0x0F, 0x00, 0x00, 0x78, 0x00, 0x03, 0xC0,
  0x00, 0x1E, 0x00, 0x00, 0x30, 0x00, 0x01, 0x80, 0x00, 0x18, 0x00, 0x00, 0xC0, 0x00, 0x0C, 0x00,
  0x00, 0xF8, 0xFF, 0x7F, 0xFF, 0xFF, 0xFF, 0xE1, 0xF8, 0x3E, 0x07, 0xC0, 0xF8, 0x1F, 0x03, 0xE0,
  0x7C, 0x0F, 0x81, 0xF0, 0x3E, 0x07, 0xC0, 0xF8, 0x1F, 0x03, 0xE0, 0x00, 0x00, 0x00, 0xF0, 0x1E,
  0x03, 0xC0, 0x78, 0x03, 0x00, 0x60, 0x18, 0x03, 0x00, 0xC0, 0x00, 0x0E, 0x1C, 0x00, 0x3D, 0xC0,
  0x00, 0xFC, 0x00, 0x03, 0xC0, 0x00, 0x00, 0x00, 0x7F, 0xFF, 0x83, 0xFF, 0xFF, 0x1F, 0xFF, 0xFC,
  0xFF, 0xFF, 0xE7, 0xC0, 0x1F, 0xBE, 0x00, 0x7D, 0xF0, 0x03, 0xEF, 0x80, 0x1F, 0x7C, 0x00, 0xFB,
  0xE0, 0x07, 0xDF, 0x00, 0x7C, 0xFF, 0xFF, 0xC7, 0xFF, 0xFC, 0x3F, 0xFF, 0xE1, 0xFF, 0xFF, 0x8F,
  0x80, 0x7E, 0x7C, 0x01, 0xF3, 0xE0, 0x0F, 0x9F, 0x00, 0x7C, 0xF8, 0x03, 0xE7, 0xC0, 0x1F, 0x3E,
  0x00, 0xF9, 0xF0, 0x07, 0xCF, 0x80, 0x3E, 0x7C, 0x01, 0xFB, 0xE0, 0x07, 0xE0, 0xE0, 0xCE, 0x39,
  0xEE, 0x1F, 0x81, 0xE0, 0x00, 0x00, 0x07, 0xC7, 0xFB, 0xFF, 0xFF, 0xFF, 0xFF, 0x0F, 0xC1, 0xF0,
  0x3E, 0x07, 0xC0, 0xF8, 0x1F, 0x03, 0xE0, 0x7C, 0x0F, 0x81, 0xF0, 0x3E, 0x07, 0xC0, 0xF8, 0x1F,
  0x00, 0x00, 0x78, 0x00, 0x0F, 0x00, 0x01, 0xE0, 0x00, 0x38, 0x00, 0x00, 0x00, 0x00, 0x7F, 0x80,
  0x1F, 0xFF, 0x03, 0xFF, 0xF8, 0x7F, 0xFF, 0xC7, 0xE0, 0xFC, 0xFC, 0x07, 0xEF, 0x80, 0x3E, 0xF8,
  0x03, 0xEF, 0x80, 0x00, 0xFC, 0x00, 0x0F, 0xF8, 0x00, 0x7F, 0xFC, 0x03, 0xFF, 0xF8, 0x1F, 0xFF,
  0xC0, 0x3F, 0xFE, 0x00, 0x1F, 0xF0, 0x00, 0x3F, 0x00, 0x01, 0xFF, 0x80, 0x1F, 0xF8, 0x01, 0xFF,
  0xC0, 0x3F, 0xFE, 0x07, 0xE7, 0xFF, 0xFE, 0x3F, 0xFF, 0xC1, 0xFF, 0xF0, 0x03, 0xFC, 0x00, 0x00,
  0xF8, 0x00, 0x78, 0x00, 0x78, 0x00, 0x38, 0x00, 0x38, 0x00, 0x00, 0x00, 0x00, 0x00, 0x0F, 0xE0,
  0x1F, 0xFC, 0x1F, 0xFF, 0x0F, 0xFF, 0xCF, 0xC3, 0xE7, 0xC0, 0xF3, 0xF0, 0x01, 0xFF, 0x00, 0x7F,
  0xF8, 0x3F, 0xFF, 0x07, 0xFF, 0x80, 0x7F, 0xE0, 0x03, 0xFF, 0x80, 0xFB, 0xE0, 0xFD, 0xFF, 0xFC,
  0x7F, 0xFE, 0x1F, 0xFE, 0x03, 0xFC, 0x00, 0x01, 0xF0, 0x00, 0x3F, 0x80, 0x07, 0xBC, 0x00, 0xF1,
  0xE0, 0x00, 0x00, 0x00, 0x7F, 0x80, 0x1F, 0xFF, 0x03, 0xFF, 0xF8, 0x7F, 0xFF, 0xC7, 0xE0, 0xFC,
  0xFC, 0x07, 0xEF, 0x80, 0x3E, 0xF8, 0x03, 0xEF, 0x80, 0x00, 0xFC, 0x00, 0x0F, 0xF8, 0x00, 0x7F,
  0xFC, 0x03, 0xFF, 0xF8, 0x1F, 0xFF, 0xC0, 0x3F, 0xFE, 0x00, 0x1F, 0xF0, 0x00, 0x3F, 0x00, 0x01,
  0xFF, 0x80, 0x1F, 0xF8, 0x01, 0xFF, 0xC0, 0x3F, 0xFE, 0x07, 0xE7, 0xFF, 0xFE, 0x3F, 0xFF, 0xC1,
  0xFF, 0xF0, 0x03, 0xFC, 0x00, 0x03, 0xE0, 0x03, 0xF8, 0x01, 0xDC, 0x01, 0xC7, 0x01, 0xC1, 0xC0,
  0x00, 0x00, 0x00, 0x00, 0x00, 0x00, 0x07, 0xF0, 0x0F, 0xFE, 0x0F, 0xFF, 0x87, 0xFF, 0xE7, 0xE1,
  0xF3, 0xE0, 0x79, 0xF8, 0x00, 0xFF, 0x80, 0x3F, 0xFC, 0x1F, 0xFF, 0x83, 0xFF, 0xC0, 0x3F, 0xF0,
  0x01, 0xFF, 0xC0, 0x7D, 0xF0, 0x7E, 0xFF, 0xFE, 0x3F, 0xFF, 0x0F, 0xFF, 0x01, 0xFE, 0x00, 0x03,
  0xFC, 0x01, 0xFF, 0xF0, 0x3F, 0xFF, 0x87, 0xFF, 0xFC, 0x7E, 0x0F, 0xCF, 0xC0, 0x7E, 0xF8, 0x03,
  0xEF, 0x80, 0x3E, 0xF8, 0x00, 0x0F, 0xC0, 0x00, 0xFE, 0x00, 0x07, 0xFE, 0x00, 0x3F, 0xFF, 0x01,
  0xFF, 0xFC, 0x03, 0xFF, 0xE0, 0x01, 0xFF, 0x00, 0x03, 0xF0, 0x00, 0x1F, 0xF8, 0x01, 0xFF, 0x80,
  0x1F, 0xFC, 0x03, 0xFF, 0xE0, 0x7E, 0x7F, 0xFF, 0xE7, 0xFF, 0xFC, 0x3F, 0xFF, 0x80, 0xFF, 0xC0,
  0x03, 0xC0, 0x00, 0x07, 0x00, 0x00, 0xFC, 0x00, 0x0F, 0xC0, 0x00, 0x1C, 0x00, 0x63, 0xC0, 0x07,
  0xF0, 0x00, 0x07, 0xF0, 0x0F, 0xFE, 0x0F, 0xFF, 0x87, 0xFF, 0xE7, 0xE1, 0xF3, 0xE0, 0xF9, 0xF8,
  0x00, 0xFF, 0x80, 0x3F, 0xFC, 0x1F, 0xFF, 0x83, 0xFF, 0xC0, 0x3F, 0xF0, 0x01, 0xFF, 0xC0, 0x7D,
  0xF0, 0x7E, 0xFF, 0xFE, 0x7F, 0xFF, 0x1F, 0xFF, 0x07, 0xFE, 0x00, 0xE0, 0x00, 0x1C, 0x00, 0x0F,
  0x80, 0x01, 0xC0, 0x00, 0xE0, 0x0C, 0x70, 0x07, 0xF0, 0x00, 0x0E, 0x1C, 0x00, 0x7B, 0x80, 0x03,
  0xF0, 0x00, 0x1E, 0x00, 0x00, 0x00, 0x00, 0x7F, 0x80, 0x1F, 0xFF, 0x03, 0xFF, 0xF8, 0x7F, 0xFF,
  0xC7, 0xE0, 0xFC, 0xFC, 0x07, 0xEF, 0x80, 0x3E, 0xF8, 0x03, 0xEF, 0x80, 0x00, 0xFC, 0x00, 0x0F,
  0xF8, 0x00, 0x7F, 0xFC, 0x03, 0xFF, 0xF8, 0x1F, 0xFF, 0xC0, 0x3F, 0xFE, 0x00, 0x1F, 0xF0, 0x00,
  0x3F, 0x00, 0x01, 0xFF, 0x80, 0x1F, 0xF8, 0x01, 0xFF, 0xC0, 0x3F, 0xFE, 0x07, 0xE7, 0xFF, 0xFE,
  0x3F, 0xFF, 0xC1, 0xFF, 0xF0, 0x03, 0xFC, 0x00, 0x1C, 0x1C, 0x07, 0x1C, 0x01, 0xDC, 0x00, 0xFC,
  0x00, 0x3E, 0x00, 0x00, 0x00, 0x00, 0x00, 0x0F, 0xE0, 0x1F, 0xFC, 0x1F, 0xFF, 0x0F, 0xFF, 0xCF,
  0xC3, 0xE7, 0xC0, 0xF3, 0xF0, 0x01, 0xFF, 0x00, 0x7F, 0xF8, 0x3F, 0xFF, 0x07, 0xFF, 0x80, 0x7F,
  0xE0, 0x03, 0xFF, 0x80, 0xFB, 0xE0, 0xFD, 0xFF, 0xFC, 0x7F, 0xFE, 0x1F, 0xFE, 0x03, 0xFC, 0x00,
  0xFF, 0xFF, 0xFF, 0xFF, 0xFF, 0xFF, 0xFF, 0xFF, 0xFF, 0xF0, 0x1F, 0x00, 0x03, 0xE0, 0x00, 0x7C,
  0x00, 0x0F, 0x80, 0x01, 0xF0, 0x00, 0x3E, 0x00, 0x07, 0xC0, 0x00, 0xF8, 0x00, 0x1F, 0x00, 0x03,
  0xE0, 0x00, 0x7C, 0x00, 0x0F, 0x80, 0x01, 0xF0, 0x00, 0x3E, 0x00, 0x07, 0xC0, 0x00, 0xF8, 0x00,
  0x1F, 0x00, 0x03, 0xE0, 0x00, 0x7C, 0x00, 0x0F, 0x80, 0x01, 0xF0, 0x00, 0x3E, 0x00, 0x01, 0x80,
  0x00, 0x20, 0x00, 0x0F, 0x80, 0x00, 0x78, 0x00, 0x07, 0x00, 0x31, 0xE0, 0x07, 0xF0, 0x00, 0x3E,
  0x0F, 0x83, 0xE0, 0xF8, 0x3E, 0x3F, 0xEF, 0xFB, 0xFE, 0x3E, 0x0F, 0x83, 0xE0, 0xF8, 0x3E, 0x0F,
  0x83, 0xE0, 0xF8, 0x3E, 0x0F, 0x83, 0xE0, 0xFE, 0x3F, 0x8F, 0xE1, 0xF8, 0x38, 0x02, 0x01, 0x60,
  0x7C, 0x07, 0x01, 0xCC, 0x77, 0xF8, 0x1E, 0x38, 0x01, 0xEF, 0x00, 0x1F, 0xC0, 0x01, 0xF0, 0x00,
  0x00, 0x01, 0xFF, 0xFF, 0xFF, 0xFF, 0xFF, 0xFF, 0xFF, 0xFF, 0xFF, 0xE0, 0x3E, 0x00, 0x07, 0xC0,
  0x00, 0xF8, 0x00, 0x1F, 0x00, 0x03, 0xE0, 0x00, 0x7C, 0x00, 0x0F, 0x80, 0x01, 0xF0, 0x00, 0x3E,
  0x00, 0x07, 0xC0, 0x00, 0xF8, 0x00, 0x1F, 0x00, 0x03, 0xE0, 0x00, 0x7C, 0x00, 0x0F, 0x80, 0x01,
  0xF0, 0x00, 0x3E, 0x00, 0x07, 0xC0, 0x00, 0xF8, 0x00, 0x1F, 0x00, 0x03, 0xE0, 0x00, 0x7C, 0x00,
  0x00, 0x3E, 0x00, 0x7C, 0x00, 0xF8, 0x00, 0x33, 0xE0, 0xC7, 0xC7, 0x0F, 0x80, 0x1F, 0x00, 0x3E,
  0x01, 0xFF, 0x03, 0xFE, 0x07, 0xFC, 0x03, 0xE0, 0x07, 0xC0, 0x0F, 0x80, 0x1F, 0x00, 0x3E, 0x00,
  0x7C, 0x00, 0xF8, 0x01, 0xF0, 0x03, 0xE0, 0x07, 0xC0, 0x0F, 0x80, 0x1F, 0xC0, 0x3F, 0x80, 0x3F,
  0x00, 0x3E, 0x00, 0xFF, 0xFF, 0xFF, 0xFF, 0xFF, 0xFF, 0xFF, 0xFF, 0xFF, 0xF0, 0x1F, 0x00, 0x03,
  0xE0, 0x00, 0x7C, 0x00, 0x0F, 0x80, 0x01, 0xF0, 0x00, 0x3E, 0x00, 0x07, 0xC0, 0x0F, 0xFF, 0x81,
  0xFF, 0xF0, 0x3F, 0xFE, 0x07, 0xFF, 0xC0, 0x0F, 0x80, 0x01, 0xF0, 0x00, 0x3E, 0x00, 0x07, 0xC0,
  0x00, 0xF8, 0x00, 0x1F, 0x00, 0x03, 0xE0, 0x00, 0x7C, 0x00, 0x0F, 0x80, 0x01, 0xF0, 0x00, 0x3E,
  0x00, 0x1F, 0x03, 0xE0, 0x7C, 0x0F, 0x81, 0xF0, 0xFF, 0xDF, 0xFB, 0xFF, 0x1F, 0x03, 0xE0, 0x7C,
  0x0F, 0x8F, 0xFF, 0xFF, 0xFF, 0xF8, 0xF8, 0x1F, 0x03, 0xE0, 0x7C, 0x0F, 0xF1, 0xFE, 0x1F, 0xC1,
  0xF8, 0x00, 0x06, 0x00, 0x7C, 0xE0, 0x0F, 0xFE, 0x00, 0xFF, 0xC0, 0x0C, 0x18, 0x00, 0x00, 0x00,
  0xF8, 0x01, 0xFF, 0x80, 0x1F, 0xF8, 0x01, 0xFF, 0x80, 0x1F, 0xF8, 0x01, 0xFF, 0x80, 0x1F, 0xF8,
  0x01, 0xFF, 0x80, 0x1F, 0xF8, 0x01, 0xFF, 0x80, 0x1F, 0xF8, 0x01, 0xFF, 0x80, 0x1F, 0xF8, 0x01,
  0xFF, 0x80, 0x1F, 0xF8, 0x01, 0xFF, 0x80, 0x1F, 0xF8, 0x01, 0xFF, 0x80, 0x1F, 0xF8, 0x01, 0xFF,
  0x80, 0x1F, 0x7C, 0x03, 0xE7, 0xE0, 0x7E, 0x3F, 0xFF, 0xC3, 0xFF, 0xFC, 0x0F, 0xFF, 0x00, 0x3F,
  0xC0, 0x02, 0x0C, 0x07, 0xFE, 0x07, 0xFF, 0x03, 0xBF, 0x00, 0x00, 0x00, 0x00, 0x00, 0x00, 0x01,
  0xF0, 0x1F, 0xF8, 0x0F, 0xFC, 0x07, 0xFE, 0x03, 0xFF, 0x01, 0xFF, 0x80, 0xFF, 0xC0, 0x7F, 0xE0,
  0x3F, 0xF0, 0x1F, 0xF8, 0x0F, 0xFC, 0x07, 0xFE, 0x03, 0xFF, 0x01, 0xFF, 0x81, 0xFF, 0xE1, 0xFF,
  0xFF, 0xFE, 0xFF, 0xFF, 0x3F, 0xEF, 0x8F, 0xC7, 0xC0, 0x07, 0xFE, 0x00, 0x7F, 0xE0, 0x07, 0xFE,
  0x00, 0x00, 0x00, 0x00, 0x00, 0x0F, 0x80, 0x1F, 0xF8, 0x01, 0xFF, 0x80, 0x1F, 0xF8, 0x01, 0xFF,
  0x80, 0x1F, 0xF8, 0x01, 0xFF, 0x80, 0x1F, 0xF8, 0x01, 0xFF, 0x80, 0x1F, 0xF8, 0x01, 0xFF, 0x80,
  0x1F, 0xF8, 0x01, 0xFF, 0x80, 0x1F, 0xF8, 0x01, 0xFF, 0x80, 0x1F, 0xF8, 0x01, 0xFF, 0x80, 0x1F,
  0xF8, 0x01, 0xFF, 0x80, 0x1F, 0xF8, 0x01, 0xF7, 0xC0, 0x3E, 0x7E, 0x07, 0xE3, 0xFF, 0xFC, 0x3F,
  0xFF, 0xC0, 0xFF, 0xF0, 0x03, 0xFC, 0x00, 0x0F, 0xFC, 0x07, 0xFE, 0x03, 0xFF, 0x00, 0x00, 0x00,
  0x00, 0x00, 0x00, 0x03, 0xE0, 0x3F, 0xF0, 0x1F, 0xF8, 0x0F, 0xFC, 0x07, 0xFE, 0x03, 0xFF, 0x01,
  0xFF, 0x80, 0xFF, 0xC0, 0x7F, 0xE0, 0x3F, 0xF0, 0x1F, 0xF8, 0x0F, 0xFC, 0x07, 0xFE, 0x03, 0xFF,
  0x03, 0xFF, 0xC3, 0xFF, 0xFF, 0xFD, 0xFF, 0xFE, 0x7F, 0xDF, 0x1F, 0x8F, 0x80, 0x07, 0x0C, 0x00,
  0x3F, 0xC0, 0x03, 0xF8, 0x00, 0x0F, 0x00, 0x00, 0x00, 0x0F, 0x80, 0x1F, 0xF8, 0x01, 0xFF, 0x80,
  0x1F, 0xF8, 0x01, 0xFF, 0x80, 0x1F, 0xF8, 0x01, 0xFF, 0x80, 0x1F, 0xF8, 0x01, 0xFF, 0x80, 0x1F,
  0xF8, 0x01, 0xFF, 0x80, 0x1F, 0xF8, 0x01, 0xFF, 0x80, 0x1F, 0xF8, 0x01, 0xFF, 0x80, 0x1F, 0xF8,
  0x01, 0xFF, 0x80, 0x1F, 0xF8, 0x01, 0xFF, 0x80, 0x1F, 0xF8, 0x01, 0xF7, 0xC0, 0x3E, 0x7E, 0x07,
  0xE3, 0xFF, 0xFC, 0x3F, 0xFF, 0xC0, 0xFF, 0xF0, 0x03, 0xFC, 0x00, 0x0C, 0x1C, 0x06, 0x0E, 0x03,
  0xFE, 0x00, 0xFF, 0x00, 0x3E, 0x00, 0x00, 0x00, 0x00, 0x01, 0xF0, 0x1F, 0xF8, 0x0F, 0xFC, 0x07,
  0xFE, 0x03, 0xFF, 0x01, 0xFF, 0x80, 0xFF, 0xC0, 0x7F, 0xE0, 0x3F, 0xF0, 0x1F, 0xF8, 0x0F, 0xFC,
  0x07, 0xFE, 0x03, 0xFF, 0x01, 0xFF, 0x81, 0xFF, 0xE1, 0xFF, 0xFF, 0xFE, 0xFF, 0xFF, 0x3F, 0xEF,
  0x8F, 0xC7, 0xC0, 0x01, 0xF8, 0x00, 0x30, 0xC0, 0x03, 0x0C, 0x00, 0x30, 0xC0, 0x01, 0xF8, 0x0F,
  0x80, 0x1F, 0xF8, 0x01, 0xFF, 0x80, 0x1F, 0xF8, 0x01, 0xFF, 0x80, 0x1F, 0xF8, 0x01, 0xFF, 0x80,
  0x1F, 0xF8, 0x01, 0xFF, 0x80, 0x1F, 0xF8, 0x01, 0xFF, 0x80, 0x1F, 0xF8, 0x01, 0xFF, 0x80, 0x1F,
  0xF8, 0x01, 0xFF, 0x80, 0x1F, 0xF8, 0x01, 0xFF, 0x80, 0x1F, 0xF8, 0x01, 0xFF, 0x80, 0x1F, 0xF8,
  0x01, 0xF7, 0xC0, 0x3E, 0x7E, 0x07, 0xE3, 0xFF, 0xFC, 0x3F, 0xFF, 0xC0, 0xFF, 0xF0, 0x03, 0xFC,
  0x00, 0x03, 0xC0, 0x03, 0xF0, 0x01, 0x98, 0x00, 0xC6, 0x00, 0x67, 0x00, 0x3F, 0x00, 0x0F, 0x00,
  0x00, 0x00, 0xF8, 0x0F, 0xFC, 0x07, 0xFE, 0x03, 0xFF, 0x01, 0xFF, 0x80, 0xFF, 0xC0, 0x7F, 0xE0,
  0x3F, 0xF0, 0x1F, 0xF8, 0x0F, 0xFC, 0x07, 0xFE, 0x03, 0xFF, 0x01, 0xFF, 0x80, 0xFF, 0xC0, 0xFF,
  0xF0, 0xFF, 0xFF, 0xFF, 0x7F, 0xFF, 0x9F, 0xF7, 0xC7, 0xE3, 0xE0, 0x00, 0xF3, 0xE0, 0x1E, 0x78,
  0x03, 0x87, 0x00, 0x70, 0xE0, 0x00, 0x00, 0x0F, 0x80, 0x1F, 0xF8, 0x01, 0xFF, 0x80, 0x1F, 0xF8,
  0x01, 0xFF, 0x80, 0x1F, 0xF8, 0x01, 0xFF, 0x80, 0x1F, 0xF8, 0x01, 0xFF, 0x80, 0x1F, 0xF8, 0x01,
  0xFF, 0x80, 0x1F, 0xF8, 0x01, 0xFF, 0x80, 0x1F, 0xF8, 0x01, 0xFF, 0x80, 0x1F, 0xF8, 0x01, 0xFF,
  0x80, 0x1F, 0xF8, 0x01, 0xFF, 0x80, 0x1F, 0xF8, 0x01, 0xF7, 0xC0, 0x3E, 0x7E, 0x07, 0xE3, 0xFF,
  0xFC, 0x3F, 0xFF, 0xC0, 0xFF, 0xF0, 0x03, 0xFC, 0x00, 0x03, 0xE7, 0x80, 0xF3, 0xC0, 0x78, 0xE0,
  0x1C, 0x70, 0x0E, 0x1C, 0x00, 0x00, 0x00, 0x00, 0x00, 0x00, 0x00, 0xF8, 0x0F, 0xBE, 0x03, 0xEF,
  0x80, 0xFB, 0xE0, 0x3E, 0xF8, 0x0F, 0xBE, 0x03, 0xEF, 0x80, 0xFB, 0xE0, 0x3E, 0xF8, 0x0F, 0xBE,
  0x03, 0xEF, 0x80, 0xFB, 0xE0, 0x3E, 0xF8, 0x0F, 0xBE, 0x07, 0xEF, 0xC3, 0xFB, 0xFF, 0xFE, 0x7F,
  0xFF, 0x8F, 0xFB, 0xE1, 0xF8, 0xF8, 0xF8, 0x01, 0xFF, 0x80, 0x1F, 0xF8, 0x01, 0xFF, 0x80, 0x1F,
  0xF8, 0x01, 0xFF, 0x80, 0x1F, 0xF8, 0x01, 0xFF, 0x80, 0x1F, 0xF8, 0x01, 0xFF, 0x80, 0x1F, 0xF8,
  0x01, 0xFF, 0x80, 0x1F, 0xF8, 0x01, 0xFF, 0x80, 0x1F, 0xF8, 0x01, 0xFF, 0x80, 0x1F, 0xF8, 0x01,
  0xFF, 0x80, 0x1F, 0xF8, 0x01, 0xFF, 0x80, 0x1F, 0xFC, 0x03, 0xE7, 0xE0, 0x7E, 0x3F, 0xFF, 0xE3,
  0xFF, 0xFC, 0x0F, 0xFF, 0x80, 0x3F, 0xF0, 0x00, 0x0E, 0x00, 0x01, 0xC0, 0x00, 0x1C, 0x00, 0x03,
  0x80, 0x00, 0x38, 0x00, 0x03, 0x80, 0x00, 0x3C, 0x00, 0x00, 0xFC, 0xF8, 0x0F, 0xBE, 0x03, 0xEF,
  0x80, 0xFB, 0xE0, 0x3E, 0xF8, 0x0F, 0xBE, 0x03, 0xEF, 0x80, 0xFB, 0xE0, 0x3E, 0xF8, 0x0F, 0xBE,
  0x03, 0xEF, 0x80, 0xFB, 0xE0, 0x3E, 0xF8, 0x0F, 0xBE, 0x07, 0xEF, 0xC3, 0xFB, 0xFF, 0xFE, 0x7F,
  0xFF, 0x8F, 0xFB, 0xE1, 0xF8, 0xF8, 0x00, 0x1C, 0x00, 0x0E, 0x00, 0x07, 0x00, 0x03, 0x80, 0x00,
  0xE0, 0x00, 0x38, 0x00, 0x0F, 0x00, 0x00, 0xFC, 0x00, 0x07, 0xC0, 0x00, 0x00, 0x0F, 0xE0, 0x00,
  0x00, 0x1E, 0xE0, 0x00, 0x00, 0x38, 0x70, 0x00, 0x00, 0x00, 0x00, 0x00, 0xF8, 0x07, 0xC0, 0x3F,
  0xF8, 0x07, 0xE0, 0x3E, 0xFC, 0x07, 0xE0, 0x3E, 0x7C, 0x0F, 0xE0, 0x3E, 0x7C, 0x0F, 0xE0, 0x7E,
  0x7C, 0x0F, 0xE0, 0x7C, 0x7C, 0x0F, 0xF0, 0x7C, 0x3E, 0x0F, 0xF0, 0x7C, 0x3E, 0x1E, 0xF0, 0x78,
  0x3E, 0x1E, 0x70, 0xF8, 0x1E, 0x1E, 0x70, 0xF8, 0x1E, 0x1E, 0x78, 0xF8, 0x1F, 0x1E, 0x78, 0xF0,
  0x1F, 0x3C, 0x78, 0xF0, 0x0F, 0x3C, 0x39, 0xF0, 0x0F, 0x3C, 0x3D, 0xF0, 0x0F, 0x3C, 0x3D, 0xE0,
  0x0F, 0xBC, 0x3D, 0xE0, 0x07, 0xF8, 0x3D, 0xE0, 0x07, 0xF8, 0x1F, 0xE0, 0x07, 0xF8, 0x1F, 0xC0,
  0x03, 0xF8, 0x1F, 0xC0, 0x03, 0xF8, 0x1F, 0xC0, 0x03, 0xF0, 0x0F, 0x80, 0x03, 0xF0, 0x0F, 0x80,
  0x01, 0xF0, 0x0F, 0x80, 0x00, 0x1F, 0x00, 0x00, 0x07, 0xE0, 0x00, 0x01, 0xCE, 0x00, 0x00, 0x30,
  0xE0, 0x00, 0x0E, 0x0C, 0x00, 0x00, 0x00, 0x00, 0x00, 0x00, 0x00, 0x00, 0x00, 0x00, 0x00, 0xFC,
  0x1F, 0x03, 0xEF, 0x83, 0xE0, 0x7D, 0xF0, 0x7E, 0x1F, 0x3E, 0x0F, 0xC3, 0xE3, 0xC3, 0xF8, 0x7C,
  0x7C, 0x7F, 0x0F, 0x0F, 0x8F, 0xF3, 0xE1, 0xF1, 0xDE, 0x7C, 0x1E, 0x7B, 0xCF, 0x83, 0xEF, 0x39,
  0xE0, 0x7D, 0xE7, 0x3C, 0x07, 0xB8, 0xFF, 0x80, 0xF7, 0x1F, 0xE0, 0x1F, 0xE3, 0xFC, 0x03, 0xFC,
  0x3F, 0x80, 0x3F, 0x07, 0xF0, 0x07, 0xE0, 0xFC, 0x00, 0xFC, 0x1F, 0x80, 0x0F, 0x83, 0xF0, 0x00,
  0x00, 0xF8, 0x00, 0x0F, 0xE0, 0x00, 0xF7, 0x80, 0x0F, 0x1E, 0x00, 0x00, 0x00, 0x7E, 0x00, 0xFF,
  0xF0, 0x07, 0xCF, 0x80, 0x7E, 0x7E, 0x03, 0xE1, 0xF0, 0x3F, 0x0F, 0xC1, 0xF0, 0x3E, 0x0F, 0x81,
  0xF8, 0xF8, 0x07, 0xC7, 0xC0, 0x3F, 0x7C, 0x00, 0xFB, 0xE0, 0x07, 0xFE, 0x00, 0x1F, 0xF0, 0x00,
  0xFF, 0x00, 0x03, 0xF8, 0x00, 0x0F, 0x80, 0x00, 0x7C, 0x00, 0x03, 0xE0, 0x00, 0x1F, 0x00, 0x00,
  0xF8, 0x00, 0x07, 0xC0, 0x00, 0x3E, 0x00, 0x01, 0xF0, 0x00, 0x0F, 0x80, 0x00, 0x7C, 0x00, 0x03,
  0xE0, 0x00, 0x01, 0xF0, 0x00, 0x7E, 0x00, 0x1C, 0xE0, 0x03, 0x0E, 0x00, 0xE0, 0xC0, 0x00, 0x00,
  0x00, 0x00, 0x00, 0x00, 0x00, 0x7C, 0x03, 0xEF, 0x80, 0xF9, 0xF8, 0x1F, 0x1F, 0x03, 0xE3, 0xE0,
  0xF8, 0x7C, 0x1F, 0x07, 0xC3, 0xE0, 0xF8, 0x78, 0x0F, 0x1F, 0x01, 0xF3, 0xC0, 0x3E, 0x78, 0x03,
  0xDF, 0x00, 0x7F, 0xC0, 0x0F, 0xF8, 0x00, 0xFF, 0x00, 0x1F, 0xC0, 0x01, 0xF8, 0x00, 0x3F, 0x00,
  0x07, 0xC0, 0x00, 0xF8, 0x00, 0x1E, 0x00, 0x07, 0xC0, 0x07, 0xF8, 0x00, 0xFE, 0x00, 0x1F, 0x80,
  0x03, 0xE0, 0x00, 0x07, 0x8F, 0x00, 0x3C, 0x78, 0x01, 0xE3, 0xC0, 0x0F, 0x1E, 0x00, 0x78, 0xF0,
  0x00, 0x00, 0x03, 0xF0, 0x07, 0xFF, 0x80, 0x3E, 0x7C, 0x03, 0xF3, 0xF0, 0x1F, 0x0F, 0x81, 0xF8,
  0x7E, 0x0F, 0x81, 0xF0, 0x7C, 0x0F, 0xC7, 0xC0, 0x3E, 0x3E, 0x01, 0xFB, 0xE0, 0x07, 0xDF, 0x00,
  0x3F, 0xF0, 0x00, 0xFF, 0x80, 0x03, 0xF8, 0x00, 0x1F, 0xC0, 0x00, 0x7C, 0x00, 0x03, 0xE0, 0x00,
  0x1F, 0x00, 0x00, 0xF8, 0x00, 0x07, 0xC0, 0x00, 0x3E, 0x00, 0x01, 0xF0, 0x00, 0x0F, 0x80, 0x00,
  0x7C, 0x00, 0x03, 0xE0, 0x00, 0x1F, 0x00, 0x00, 0x3C, 0x00, 0x0F, 0x00, 0x03, 0x80, 0x00, 0xE0,
  0x00, 0x00, 0x01, 0xFF, 0xFF, 0xFF, 0xFF, 0xFF, 0xFF, 0xFF, 0xFF, 0xFF, 0xE0, 0x00, 0xFC, 0x00,
  0x3F, 0x00, 0x0F, 0xC0, 0x01, 0xF8, 0x00, 0x7E, 0x00, 0x1F, 0x80, 0x07, 0xF0, 0x00, 0xFC, 0x00,
  0x3F, 0x00, 0x0F, 0xC0, 0x03, 0xF8, 0x00, 0x7E, 0x00, 0x1F, 0x80, 0x07, 0xE0, 0x00, 0xFC, 0x00,
  0x3F, 0x00, 0x0F, 0xC0, 0x03, 0xF8, 0x00, 0x7F, 0xFF, 0xFF, 0xFF, 0xFF, 0xFF, 0xFF, 0xFF, 0xFF,
  0xF8, 0x00, 0xF0, 0x01, 0xE0, 0x01, 0xC0, 0x03, 0x80, 0x03, 0x00, 0x00, 0x00, 0x00, 0x00, 0x7F,
  0xFE, 0x7F, 0xFE, 0x7F, 0xFE, 0x7F, 0xFE, 0x00, 0x7E, 0x00, 0xFC, 0x01, 0xF8, 0x03, 0xF0, 0x03,
  0xF0, 0x07, 0xE0, 0x0F, 0xC0, 0x1F, 0x80, 0x3F, 0x00, 0x7E, 0x00, 0xFE, 0x00, 0xFF, 0xFF, 0xFF,
  0xFF, 0xFF, 0xFF, 0xFF, 0xFF, 0x00, 0xF0, 0x00, 0x1E, 0x00, 0x03, 0xC0, 0x00, 0x78, 0x00, 0x0F,
  0x00, 0x00, 0x00, 0x3F, 0xFF, 0xFF, 0xFF, 0xFF, 0xFF, 0xFF, 0xFF, 0xFF, 0xFC, 0x00, 0x1F, 0x80,
  0x07, 0xE0, 0x01, 0xF8, 0x00, 0x3F, 0x00, 0x0F, 0xC0, 0x03, 0xF0, 0x00, 0xFE, 0x00, 0x1F, 0x80,
  0x07, 0xE0, 0x01, 0xF8, 0x00, 0x7F, 0x00, 0x0F, 0xC0, 0x03, 0xF0, 0x00, 0xFC, 0x00, 0x1F, 0x80,
  0x07, 0xE0, 0x01, 0xF8, 0x00, 0x7F, 0x00, 0x0F, 0xFF, 0xFF, 0xFF, 0xFF, 0xFF, 0xFF, 0xFF, 0xFF,
  0xFF, 0x03, 0xC0, 0x03, 0xC0, 0x03, 0xC0, 0x03, 0xC0, 0x00, 0x00, 0x00, 0x00, 0x00, 0x00, 0x7F,
  0xFE, 0x7F, 0xFE, 0x7F, 0xFE, 0x7F, 0xFE, 0x00, 0x7E, 0x00, 0xFC, 0x01, 0xF8, 0x03, 0xF0, 0x03,
  0xF0, 0x07, 0xE0, 0x0F, 0xC0, 0x1F, 0x80, 0x3F, 0x00, 0x7E, 0x00, 0xFE, 0x00, 0xFF, 0xFF, 0xFF,
  0xFF, 0xFF, 0xFF, 0xFF, 0xFF, 0x0F, 0x1C, 0x00, 0xF7, 0x80, 0x0F, 0xE0, 0x00, 0xF8, 0x00, 0x00,
  0x01, 0xFF, 0xFF, 0xFF, 0xFF, 0xFF, 0xFF, 0xFF, 0xFF, 0xFF, 0xE0, 0x00, 0xFC, 0x00, 0x3F, 0x00,
  0x0F, 0xC0, 0x01, 0xF8, 0x00, 0x7E, 0x00, 0x1F, 0x80, 0x07, 0xF0, 0x00, 0xFC, 0x00, 0x3F, 0x00,
  0x0F, 0xC0, 0x03, 0xF8, 0x00, 0x7E, 0x00, 0x1F, 0x80, 0x07, 0xE0, 0x00, 0xFC, 0x00, 0x3F, 0x00,
  0x0F, 0xC0, 0x03, 0xF8, 0x00, 0x7F, 0xFF, 0xFF, 0xFF, 0xFF, 0xFF, 0xFF, 0xFF, 0xFF, 0xF8, 0x38,
  0x38, 0x1C, 0x70, 0x0E, 0xE0, 0x0F, 0xC0, 0x07, 0xC0, 0x00, 0x00, 0x00, 0x00, 0x7F, 0xFE, 0x7F,
  0xFE, 0x7F, 0xFE, 0x7F, 0xFE, 0x00, 0x7E, 0x00, 0xFC, 0x01, 0xF8, 0x03, 0xF0, 0x03, 0xF0, 0x07,
  0xE0, 0x0F, 0xC0, 0x1F, 0x80, 0x3F, 0x00, 0x7E, 0x00, 0xFE, 0x00, 0xFF, 0xFF, 0xFF, 0xFF, 0xFF,
  0xFF, 0xFF, 0xFF, 0x0F, 0xC7, 0xF3, 0xFC, 0xFF, 0x3E, 0x0F, 0x83, 0xE3, 0xF8, 0xFE, 0x3F, 0x83,
  0xE0, 0xF8, 0x3E, 0x0F, 0x83, 0xE0, 0xF8, 0x3E, 0x0F, 0x83, 0xE0, 0xF8, 0x3E, 0x0F, 0x83, 0xE0,
  0xF8, 0x3E, 0x0F, 0x80, 0x00, 0x7E, 0x00, 0x00, 0x7F, 0x00, 0x00, 0x7F, 0x00, 0x00, 0xFF, 0x00,
  0x00, 0xFF, 0x80, 0x01, 0xFF, 0x80, 0x01, 0xFF, 0x80, 0x01, 0xF7, 0xC0, 0x03, 0xE7, 0xC0, 0x03,
  0xE7, 0xC0, 0x03, 0xE3, 0xE0, 0x07, 0xC3, 0xE0, 0x07, 0xC3, 0xE0, 0x07, 0xC1, 0xF0, 0x0F, 0x81,
  0xF0, 0x0F, 0x81, 0xF0, 0x0F, 0xFF, 0xF8, 0x1F, 0xFF, 0xF8, 0x1F, 0xFF, 0xFC, 0x1F, 0xFF, 0xFC,
  0x3E, 0x00, 0x7C, 0x3E, 0x00, 0x7E, 0x3E, 0x00, 0x3E, 0x7C, 0x00, 0x3E, 0x7C, 0x00, 0x3F, 0x7C,
  0x00, 0x1F, 0xFF, 0xFC, 0x0F, 0xFF, 0xF0, 0xFF, 0xFF, 0x8F, 0xFF, 0xFC, 0xF8, 0x0F, 0xCF, 0x80,
  0x7E, 0xF8, 0x03, 0xEF, 0x80, 0x3E, 0xF8, 0x03, 0xEF, 0x80, 0x7C, 0xF8, 0x07, 0xCF, 0xFF, 0xF8,
  0xFF, 0xFF, 0x0F, 0xFF, 0xF8, 0xFF, 0xFF, 0xCF, 0x80, 0x7E, 0xF8, 0x03, 0xEF, 0x80, 0x1F, 0xF8,
  0x01, 0xFF, 0x80, 0x1F, 0xF8, 0x03, 0xFF, 0x80, 0x7E, 0xFF, 0xFF, 0xEF, 0xFF, 0xFC, 0xFF, 0xFF,
  0x8F, 0xFF, 0xE0, 0xFF, 0xFF, 0xFF, 0xFF, 0xFF, 0xFF, 0xFF, 0xFF, 0xFF, 0xF8, 0x00, 0x3E, 0x00,
  0x0F, 0x80, 0x03, 0xE0, 0x00, 0xF8, 0x00, 0x3E, 0x00, 0x0F, 0x80, 0x03, 0xE0, 0x00, 0xF8, 0x00,
  0x3E, 0x00, 0x0F, 0x80, 0x03, 0xE0, 0x00, 0xF8, 0x00, 0x3E, 0x00, 0x0F, 0x80, 0x03, 0xE0, 0x00,
  0xF8, 0x00, 0x3E, 0x00, 0x0F, 0x80, 0x03, 0xE0, 0x00, 0xF8, 0x00, 0x3E, 0x00, 0x00, 0x00, 0x3E,
  0x00, 0x00, 0x0F, 0xC0, 0x00, 0x07, 0xF0, 0x00, 0x01, 0xFE, 0x00, 0x00, 0xFF, 0x80, 0x00, 0x3F,
  0xE0, 0x00, 0x0F, 0xFC, 0x00, 0x07, 0xDF, 0x00, 0x01, 0xF7, 0xE0, 0x00, 0x7C, 0xF8, 0x00, 0x3E,
  0x3E, 0x00, 0x0F, 0x87, 0xC0, 0x07, 0xE1, 0xF0, 0x01, 0xF0, 0x7E, 0x00, 0x7C, 0x0F, 0x80, 0x3F,
  0x03, 0xE0, 0x0F, 0x80, 0xFC, 0x03, 0xE0, 0x1F, 0x01, 0xF8, 0x07, 0xE0, 0x7C, 0x00, 0xF8, 0x3F,
  0x00, 0x3E, 0x0F, 0xC0, 0x0F, 0xC3, 0xFF, 0xFF, 0xF1, 0xFF, 0xFF, 0xFE, 0x7F, 0xFF, 0xFF, 0x9F,
  0xFF, 0xFF, 0xE0, 0xFF, 0xFF, 0xDF, 0xFF, 0xFB, 0xFF, 0xFF, 0x7F, 0xFF, 0xEF, 0x80, 0x01, 0xF0,
  0x00, 0x3E, 0x00, 0x07, 0xC0, 0x00, 0xF8, 0x00, 0x1F, 0x00, 0x03, 0xE0, 0x00, 0x7F, 0xFF, 0xCF,
  0xFF, 0xF9, 0xFF, 0xFF, 0x3F, 0xFF, 0xE7, 0xC0, 0x00, 0xF8, 0x00, 0x1F, 0x00, 0x03, 0xE0, 0x00,
  0x7C, 0x00, 0x0F, 0x80, 0x01, 0xF0, 0x00, 0x3F, 0xFF, 0xFF, 0xFF, 0xFF, 0xFF, 0xFF, 0xFF, 0xFF,
  0xFC, 0xFF, 0xFF, 0xFF, 0xFF, 0xFF, 0xFF, 0xFF, 0xFF, 0xFF, 0xF0, 0x00, 0x7E, 0x00, 0x1F, 0x80,
  0x07, 0xE0, 0x00, 0xFC, 0x00, 0x3F, 0x00, 0x0F, 0xC0, 0x03, 0xF8, 0x00, 0x7E, 0x00, 0x1F, 0x80,
  0x07, 0xE0, 0x01, 0xFC, 0x00, 0x3F, 0x00, 0x0F, 0xC0, 0x03, 0xF0, 0x00, 0x7E, 0x00, 0x1F, 0x80,
  0x07, 0xE0, 0x01, 0xFC, 0x00, 0x3F, 0xFF, 0xFF, 0xFF, 0xFF, 0xFF, 0xFF, 0xFF, 0xFF, 0xFC, 0xF8,
  0x01, 0xFF, 0x80, 0x1F, 0xF8, 0x01, 0xFF, 0x80, 0x1F, 0xF8, 0x01, 0xFF, 0x80, 0x1F, 0xF8, 0x01,
  0xFF, 0x80, 0x1F, 0xF8, 0x01, 0xFF, 0x80, 0x1F, 0xFF, 0xFF, 0xFF, 0xFF, 0xFF, 0xFF, 0xFF, 0xFF,
  0xFF, 0xFF, 0xF8, 0x01, 0xFF, 0x80, 0x1F, 0xF8, 0x01, 0xFF, 0x80, 0x1F, 0xF8, 0x01, 0xFF, 0x80,
  0x1F, 0xF8, 0x01, 0xFF, 0x80, 0x1F, 0xF8, 0x01, 0xFF, 0x80, 0x1F, 0xF8, 0x01, 0xFF, 0x80, 0x1F,
  0x00, 0x7F, 0x80, 0x01, 0xFF, 0xF0, 0x01, 0xFF, 0xFE, 0x03, 0xFF, 0xFF, 0x83, 0xFC, 0x1F, 0xE1,
  0xF8, 0x03, 0xF1, 0xF8, 0x00, 0xFC, 0xF8, 0x00, 0x3E, 0xFC, 0x00, 0x1F, 0xFC, 0x00, 0x07, 0xFE,
  0xFF, 0xFB, 0xFF, 0x7F, 0xFD, 0xFF, 0xBF, 0xFE, 0xFF, 0xDF, 0xFF, 0x7F, 0xE0, 0x00, 0x3F, 0xF0,
  0x00, 0x1F, 0xFC, 0x00, 0x1F, 0x3E, 0x00, 0x0F, 0x9F, 0x80, 0x0F, 0xC7, 0xE0, 0x0F, 0xC3, 0xFC,
  0x1F, 0xC0, 0xFF, 0xFF, 0xE0, 0x3F, 0xFF, 0xC0, 0x07, 0xFF, 0xC0, 0x00, 0x7F, 0x00, 0x00, 0xFF,
  0xFF, 0xFF, 0xFF, 0xFF, 0xFF, 0xFF, 0xFF, 0xFF, 0xFF, 0xFF, 0xFF, 0xFF, 0xFF, 0xFF, 0xFF, 0xC0,
  0xF8, 0x01, 0xFB, 0xE0, 0x0F, 0xCF, 0x80, 0x7E, 0x3E, 0x03, 0xF0, 0xF8, 0x1F, 0x83, 0xE0, 0xFC,
  0x0F, 0x87, 0xE0, 0x3E, 0x3F, 0x00, 0xF8, 0xF8, 0x03, 0xE7, 0xE0, 0x0F, 0xBF, 0x00, 0x3F, 0xF8,
  0x00, 0xFF, 0xF0, 0x03, 0xFF, 0xE0, 0x0F, 0xFF, 0x80, 0x3F, 0xBF, 0x00, 0xFC, 0x7E, 0x03, 0xE0,
  0xFC, 0x0F, 0x81, 0xF8, 0x3E, 0x07, 0xE0, 0xF8, 0x0F, 0xC3, 0xE0, 0x1F, 0x8F, 0x80, 0x7F, 0x3E,
  0x00, 0xFC, 0xF8, 0x01, 0xFB, 0xE0, 0x03, 0xF0, 0x00, 0x3E, 0x00, 0x00, 0x3F, 0x00, 0x00, 0x1F,
  0x80, 0x00, 0x0F, 0xE0, 0x00, 0x0F, 0xF0, 0x00, 0x07, 0xFC, 0x00, 0x03, 0xFE, 0x00, 0x03, 0xFF,
  0x00, 0x01, 0xF7, 0xC0, 0x01, 0xF3, 0xE0, 0x00, 0xF8, 0xF8, 0x00, 0x7C, 0x7C, 0x00, 0x7C, 0x3E,
  0x00, 0x3E, 0x0F, 0x80, 0x1E, 0x07, 0xC0, 0x1F, 0x03, 0xE0, 0x0F, 0x80, 0xF8, 0x0F, 0x80, 0x7C,
  0x07, 0xC0, 0x1F, 0x03, 0xE0, 0x0F, 0x83, 0xE0, 0x07, 0xC1, 0xF0, 0x01, 0xF0, 0xF8, 0x00, 0xF8,
  0xF8, 0x00, 0x7E, 0x7C, 0x00, 0x1F, 0x3E, 0x00, 0x0F, 0x80, 0xFF, 0x00, 0xFF, 0xFF, 0x00, 0xFF,
  0xFF, 0x00, 0xFF, 0xFF, 0x01, 0xFF, 0xFF, 0x81, 0xFF, 0xFF, 0x81, 0xFF, 0xFF, 0x81, 0xFF, 0xFF,
  0x81, 0xFF, 0xFB, 0xC3, 0xDF, 0xFB, 0xC3, 0xDF, 0xFB, 0xC3, 0xDF, 0xFB, 0xC3, 0xDF, 0xF9, 0xC7,
  0xDF, 0xF9, 0xE7, 0x9F, 0xF9, 0xE7, 0x9F, 0xF9, 0xE7, 0x9F, 0xF9, 0xE7, 0x9F, 0xF8, 0xFF, 0x1F,
  0xF8, 0xFF, 0x1F, 0xF8, 0xFF, 0x1F, 0xF8, 0xFF, 0x1F, 0xF8, 0x7F, 0x1F, 0xF8, 0x7E, 0x1F, 0xF8,
  0x7E, 0x1F, 0xF8, 0x7E, 0x1F, 0xF8, 0x3E, 0x1F, 0xF8, 0x01, 0xFF, 0xC0, 0x1F, 0xFE, 0x01, 0xFF,
  0xE0, 0x1F, 0xFF, 0x01, 0xFF, 0xF0, 0x1F, 0xFF, 0x81, 0xFF, 0xF8, 0x1F, 0xFF, 0xC1, 0xFF, 0xBC,
  0x1F, 0xFB, 0xE1, 0xFF, 0x9F, 0x1F, 0xF9, 0xF1, 0xFF, 0x8F, 0x9F, 0xF8, 0x79, 0xFF, 0x87, 0xDF,
  0xF8, 0x3D, 0xFF, 0x83, 0xFF, 0xF8, 0x1F, 0xFF, 0x81, 0xFF, 0xF8, 0x0F, 0xFF, 0x80, 0xFF, 0xF8,
  0x07, 0xFF, 0x80, 0x3F, 0xF8, 0x03, 0xFF, 0x80, 0x1F, 0xFF, 0xFF, 0xFF, 0xFF, 0xFF, 0xFF, 0xFF,
  0xFF, 0xFF, 0xFF, 0x00, 0x00, 0x00, 0x00, 0x00, 0x00, 0x00, 0x00, 0x00, 0x00, 0x00, 0x00, 0x00,
  0x00, 0x00, 0x00, 0x00, 0x03, 0xFF, 0xFC, 0x3F, 0xFF, 0xC3, 0xFF, 0xFC, 0x3F, 0xFF, 0xC0, 0x00,
  0x00, 0x00, 0x00, 0x00, 0x00, 0x00, 0x00, 0x00, 0x00, 0x00, 0x00, 0x00, 0x00, 0x00, 0x00, 0x00,
  0xFF, 0xFF, 0xFF, 0xFF, 0xFF, 0xFF, 0xFF, 0xFF, 0xFF, 0xFF, 0x00, 0x7F, 0x00, 0x01, 0xFF, 0xF0,
  0x01, 0xFF, 0xFC, 0x03, 0xFF, 0xFF, 0x01, 0xFC, 0x1F, 0xC1, 0xF8, 0x03, 0xF1, 0xF8, 0x00, 0xFC,
  0xF8, 0x00, 0x3E, 0x7C, 0x00, 0x1F, 0x7C, 0x00, 0x07, 0xFE, 0x00, 0x03, 0xFF, 0x00, 0x01, 0xFF,
  0x80, 0x00, 0xFF, 0xC0, 0x00, 0x7F, 0xE0, 0x00, 0x3F, 0xF0, 0x00, 0x1F, 0xF8, 0x00, 0x0F, 0xBE,
  0x00, 0x0F, 0x9F, 0x00, 0x07, 0xCF, 0xC0, 0x07, 0xE3, 0xF0, 0x07, 0xE0, 0xFE, 0x0F, 0xE0, 0x7F,
  0xFF, 0xE0, 0x0F, 0xFF, 0xE0, 0x03, 0xFF, 0xE0, 0x00, 0x7F, 0x80, 0x00, 0xFF, 0xFF, 0xFF, 0xFF,
  0xFF, 0xFF, 0xFF, 0xFF, 0xFF, 0xFF, 0xFF, 0x80, 0x0F, 0xFC, 0x00, 0x7F, 0xE0, 0x03, 0xFF, 0x00,
  0x1F, 0xF8, 0x00, 0xFF, 0xC0, 0x07, 0xFE, 0x00, 0x3F, 0xF0, 0x01, 0xFF, 0x80, 0x0F, 0xFC, 0x00,
  0x7F, 0xE0, 0x03, 0xFF, 0x00, 0x1F, 0xF8, 0x00, 0xFF, 0xC0, 0x07, 0xFE, 0x00, 0x3F, 0xF0, 0x01,
  0xFF, 0x80, 0x0F, 0xFC, 0x00, 0x7F, 0xE0, 0x03, 0xFF, 0x00, 0x1F, 0xF8, 0x00, 0xF8, 0xFF, 0xFC,
  0x1F, 0xFF, 0xE3, 0xFF, 0xFE, 0x7F, 0xFF, 0xEF, 0x80, 0xFF, 0xF0, 0x0F, 0xFE, 0x00, 0xFF, 0xC0,
  0x1F, 0xF8, 0x03, 0xFF, 0x00, 0x7F, 0xE0, 0x1F, 0xFC, 0x07, 0xEF, 0xFF, 0xFD, 0xFF, 0xFF, 0x3F,
  0xFF, 0xC7, 0xFF, 0xE0, 0xF8, 0x00, 0x1F, 0x00, 0x03, 0xE0, 0x00, 0x7C, 0x00, 0x0F, 0x80, 0x01,
  0xF0, 0x00, 0x3E, 0x00, 0x07, 0xC0, 0x00, 0xF8, 0x00, 0x1F, 0x00, 0x00, 0x7F, 0xFF, 0xF9, 0xFF,
  0xFF, 0xE7, 0xFF, 0xFF, 0x9F, 0xFF, 0xFE, 0x3F, 0x00, 0x00, 0x7E, 0x00, 0x00, 0xFC, 0x00, 0x03,
  0xF8, 0x00, 0x07, 0xF0, 0x00, 0x0F, 0xC0, 0x00, 0x1F, 0x80, 0x00, 0x3F, 0x00, 0x00, 0xFC, 0x00,
  0x07, 0xE0, 0x00, 0x3F, 0x00, 0x01, 0xFC, 0x00, 0x07, 0xE0, 0x00, 0x3F, 0x00, 0x01, 0xF8, 0x00,
  0x0F, 0xE0, 0x00, 0x7F, 0x00, 0x01, 0xF8, 0x00, 0x0F, 0xFF, 0xFF, 0xFF, 0xFF, 0xFF, 0xFF, 0xFF,
  0xFF, 0xFF, 0xFF, 0xF0, 0xFF, 0xFF, 0xFF, 0xFF, 0xFF, 0xFF, 0xFF, 0xFF, 0xFF, 0xFF, 0xF0, 0x0F,
  0x80, 0x00, 0x7C, 0x00, 0x03, 0xE0, 0x00, 0x1F, 0x00, 0x00, 0xF8, 0x00, 0x07, 0xC0, 0x00, 0x3E,
  0x00, 0x01, 0xF0, 0x00, 0x0F, 0x80, 0x00, 0x7C, 0x00, 0x03, 0xE0, 0x00, 0x1F, 0x00, 0x00, 0xF8,
  0x00, 0x07, 0xC0, 0x00, 0x3E, 0x00, 0x01, 0xF0, 0x00, 0x0F, 0x80, 0x00, 0x7C, 0x00, 0x03, 0xE0,
  0x00, 0x1F, 0x00, 0x00, 0xF8, 0x00, 0x07, 0xC0, 0x00, 0xFC, 0x00, 0x1F, 0x9F, 0x80, 0x07, 0xE7,
  0xE0, 0x03, 0xF0, 0xFC, 0x01, 0xF8, 0x1F, 0x80, 0x7E, 0x07, 0xE0, 0x3F, 0x00, 0xFC, 0x1F, 0x80,
  0x1F, 0x87, 0xC0, 0x07, 0xE3, 0xF0, 0x00, 0xFD, 0xF8, 0x00, 0x1F, 0xFC, 0x00, 0x03, 0xFF, 0x00,
  0x00, 0xFF, 0x80, 0x00, 0x1F, 0xC0, 0x00, 0x03, 0xE0, 0x00, 0x00, 0xF8, 0x00, 0x00, 0x3E, 0x00,
  0x00, 0x0F, 0x80, 0x00, 0x03, 0xE0, 0x00, 0x00, 0xF8, 0x00, 0x00, 0x3E, 0x00, 0x00, 0x0F, 0x80,
  0x00, 0x03, 0xE0, 0x00, 0x00, 0xF8, 0x00, 0x00, 0x3E, 0x00, 0x00, 0x0F, 0x80, 0x00, 0x00, 0x3E,
  0x00, 0x00, 0x1F, 0x00, 0x00, 0x0F, 0x80, 0x00, 0x3F, 0xF8, 0x00, 0x7F, 0xFF, 0x00, 0xFF, 0xFF,
  0xE0, 0xFF, 0xFF, 0xF8, 0x7F, 0x7D, 0xFC, 0x7E, 0x3E, 0x3F, 0x3E, 0x1F, 0x0F, 0xBE, 0x0F, 0x83,
  0xFF, 0x07, 0xC1, 0xFF, 0x83, 0xE0, 0xFF, 0xC1, 0xF0, 0x7F, 0xE0, 0xF8, 0x3F, 0xF8, 0x7C, 0x3F,
  0x7C, 0x3E, 0x1F, 0x3F, 0x1F, 0x1F, 0x8F, 0xEF, 0xBF, 0x87, 0xFF, 0xFF, 0xC1, 0xFF, 0xFF, 0xC0,
  0x3F, 0xFF, 0x80, 0x07, 0xFF, 0x00, 0x00, 0x7C, 0x00, 0x00, 0x3E, 0x00, 0x00, 0xFE, 0x01, 0xF9,
  0xF8, 0x07, 0xE3, 0xF0, 0x3F, 0x0F, 0xC0, 0xF8, 0x1F, 0x87, 0xE0, 0x7E, 0x3F, 0x00, 0xFC, 0xFC,
  0x01, 0xF7, 0xE0, 0x07, 0xFF, 0x00, 0x0F, 0xFC, 0x00, 0x3F, 0xE0, 0x00, 0x7F, 0x00, 0x00, 0xFC,
  0x00, 0x07, 0xF0, 0x00, 0x1F, 0xE0, 0x00, 0xFF, 0x80, 0x03, 0xFF, 0x00, 0x1F, 0x7E, 0x00, 0xFC,
  0xF8, 0x03, 0xE3, 0xF0, 0x1F, 0x87, 0xC0, 0x7C, 0x1F, 0x83, 0xF0, 0x3F, 0x1F, 0x80, 0xFC, 0x7E,
  0x01, 0xFB, 0xF0, 0x07, 0xF0, 0xF8, 0x3E, 0x0F, 0xFC, 0x1F, 0x07, 0xFE, 0x0F, 0x83, 0xFF, 0x07,
  0xC1, 0xFF, 0x83, 0xE0, 0xFF, 0xC1, 0xF0, 0x7F, 0xE0, 0xF8, 0x3F, 0xF0, 0x7C, 0x1F, 0xF8, 0x3E,
  0x0F, 0xFC, 0x1F, 0x07, 0xFE, 0x0F, 0x83, 0xFF, 0x07, 0xC1, 0xFF, 0x83, 0xE0, 0xFF, 0xC1, 0xF0,
  0x7F, 0xE0, 0xF8, 0x3F, 0xF8, 0x7C, 0x3F, 0x7E, 0x3E, 0x3F, 0x3F, 0xFF, 0xFF, 0x8F, 0xFF, 0xFF,
  0x83, 0xFF, 0xFF, 0x80, 0x7F, 0xFF, 0x00, 0x01, 0xF0, 0x00, 0x00, 0xF8, 0x00, 0x00, 0x7C, 0x00,
  0x00, 0x3E, 0x00, 0x00, 0x1F, 0x00, 0x00, 0x00, 0x7F, 0x00, 0x01, 0xFF, 0xF0, 0x01, 0xFF, 0xFC,
  0x01, 0xFF, 0xFF, 0x01, 0xFC, 0x1F, 0xC1, 0xF8, 0x03, 0xF1, 0xF8, 0x00, 0xFC, 0xF8, 0x00, 0x3E,
  0x7C, 0x00, 0x1F, 0x7C, 0x00, 0x07, 0xFE, 0x00, 0x03, 0xFF, 0x00, 0x01, 0xFF, 0x80, 0x00, 0xFF,
  0xC0, 0x00, 0x7F, 0xE0, 0x00, 0x3F, 0xF0, 0x00, 0x1F, 0xF8, 0x00, 0x1F, 0x3E, 0x00, 0x0F, 0x9F,
  0x00, 0x0F, 0xC7, 0xC0, 0x07, 0xC1, 0xF0, 0x0F, 0xC0, 0x7C, 0x0F, 0xC3, 0xFF, 0x0F, 0xFF, 0xFF,
  0x87, 0xFF, 0xFF, 0xC3, 0xFF, 0xFF, 0xE1, 0xFF, 0xC0, 0xF1, 0xFE, 0x3F, 0xC7, 0xF8, 0xFF, 0x1E,
  0x00, 0x07, 0xC0, 0xF8, 0x1F, 0x03, 0xE0, 0x7C, 0x0F, 0x81, 0xF0, 0x3E, 0x07, 0xC0, 0xF8, 0x1F,
  0x03, 0xE0, 0x7C, 0x0F, 0x81, 0xF0, 0x3E, 0x07, 0xC0, 0xF8, 0x1F, 0x03, 0xE0, 0x7C, 0x0F, 0x81,
  0xF0, 0x3E, 0x07, 0xC0, 0xF8, 0x01, 0xE3, 0xC0, 0x00, 0x78, 0xF0, 0x00, 0x1E, 0x3C, 0x00, 0x07,
  0x8F, 0x00, 0x01, 0xE3, 0xC0, 0x00, 0x00, 0x00, 0x0F, 0xC0, 0x00, 0xFD, 0xF8, 0x00, 0x7E, 0x7F,
  0x00, 0x3F, 0x0F, 0xC0, 0x0F, 0x81, 0xF8, 0x07, 0xE0, 0x3F, 0x03, 0xF0, 0x0F, 0xC0, 0xF8, 0x01,
  0xF8, 0x7E, 0x00, 0x3F, 0x3F, 0x00, 0x0F, 0xCF, 0x80, 0x01, 0xFF, 0xC0, 0x00, 0x3F, 0xF0, 0x00,
  0x0F, 0xF8, 0x00, 0x01, 0xFC, 0x00, 0x00, 0x3F, 0x00, 0x00, 0x0F, 0x80, 0x00, 0x03, 0xE0, 0x00,
  0x00, 0xF8, 0x00, 0x00, 0x3E, 0x00, 0x00, 0x0F, 0x80, 0x00, 0x03, 0xE0, 0x00, 0x00, 0xF8, 0x00,
  0x00, 0x3E, 0x00, 0x00, 0x0F, 0x80, 0x00, 0x03, 0xE0, 0x00, 0x00, 0xF8, 0x00, 0x00, 0x3C, 0x00,
  0x07, 0x80, 0x00, 0x70, 0x00, 0x0E, 0x00, 0x00, 0xC0, 0x00, 0x00, 0x00, 0x00, 0x00, 0x00, 0x3F,
  0x3C, 0x1F, 0xFF, 0xC3, 0xFF, 0xFC, 0x3F, 0xFF, 0xC7, 0xE1, 0xFC, 0x7C, 0x0F, 0xCF, 0x80, 0xFC,
  0xF8, 0x07, 0xCF, 0x80, 0x7C, 0xF8, 0x07, 0xCF, 0x80, 0x7C, 0xF8, 0x07, 0xCF, 0x80, 0x7C, 0x7C,
  0x0F, 0xC7, 0xE1, 0xFC, 0x7F, 0xFF, 0xF3, 0xFF, 0xFF, 0x1F, 0xFF, 0xF0, 0x7F, 0x1E, 0x00, 0x3C,
  0x00, 0x1E, 0x00, 0x07, 0x00, 0x03, 0x80, 0x00, 0xE0, 0x00, 0x00, 0x00, 0x00, 0x00, 0x1F, 0xE0,
  0x3F, 0xFE, 0x1F, 0xFF, 0xCF, 0xFF, 0xFB, 0xF0, 0x3E, 0xF8, 0x07, 0xBE, 0x00, 0x0F, 0xC0, 0x01,
  0xFF, 0x00, 0x3F, 0xC0, 0x0F, 0xF0, 0x07, 0xFC, 0x03, 0xF0, 0x00, 0xF8, 0x07, 0xBF, 0x03, 0xEF,
  0xFF, 0xF9, 0xFF, 0xFC, 0x3F, 0xFE, 0x03, 0xFE, 0x00, 0x00, 0x0F, 0x80, 0x01, 0xE0, 0x00, 0x78,
  0x00, 0x0E, 0x00, 0x03, 0x80, 0x00, 0x00, 0x00, 0x00, 0x03, 0xE3, 0xF0, 0x7D, 0xFF, 0x8F, 0xFF,
  0xF9, 0xFF, 0xFF, 0x9F, 0xC3, 0xF3, 0xF0, 0x3E, 0x7E, 0x07, 0xCF, 0x80, 0xF9, 0xF0, 0x1F, 0x3E,
  0x03, 0xE7, 0xC0, 0x7C, 0xF8, 0x0F, 0x9F, 0x01, 0xF3, 0xE0, 0x3E, 0x7C, 0x07, 0xCF, 0x80, 0xF9,
  0xF0, 0x1F, 0x3E, 0x03, 0xE7, 0xC0, 0x7C, 0x00, 0x0F, 0x80, 0x01, 0xF0, 0x00, 0x3E, 0x00, 0x07,
  0xC0, 0x00, 0xF8, 0x00, 0x0F, 0x00, 0x00, 0x00, 0x1F, 0x07, 0x83, 0xC0, 0xE0, 0x70, 0x00, 0x00,
  0x03, 0xE0, 0xF8, 0x3E, 0x0F, 0x83, 0xE0, 0xF8, 0x3E, 0x0F, 0x83, 0xE0, 0xF8, 0x3E, 0x0F, 0x83,
  0xE0, 0xF8, 0x3E, 0x4F, 0xF9, 0xFE, 0x7F, 0x87, 0xC0, 0x00, 0xF0, 0x00, 0x78, 0x07, 0x3F, 0x83,
  0x9D, 0xC1, 0xCE, 0xE0, 0xE6, 0x70, 0x00, 0x00, 0x00, 0x00, 0xF8, 0x0F, 0xFC, 0x07, 0xFE, 0x03,
  0xFF, 0x01, 0xFF, 0x80, 0xFF, 0xC0, 0x7F, 0xE0, 0x3F, 0xF0, 0x1F, 0xF8, 0x0F, 0xFC, 0x07, 0xFE,
  0x03, 0xFF, 0x01, 0xFF, 0x80, 0xFF, 0xC0, 0x7F, 0xF0, 0x7E, 0xFF, 0xFE, 0x7F, 0xFF, 0x1F, 0xFF,
  0x03, 0xFE, 0x00, 0x03, 0xF3, 0xC1, 0xFF, 0xFC, 0x3F, 0xFF, 0xC3, 0xFF, 0xFC, 0x7E, 0x1F, 0xC7,
  0xC0, 0xFC, 0xF8, 0x0F, 0xCF, 0x80, 0x7C, 0xF8, 0x07, 0xCF, 0x80, 0x7C, 0xF8, 0x07, 0xCF, 0x80,
  0x7C, 0xF8, 0x07, 0xC7, 0xC0, 0xFC, 0x7E, 0x1F, 0xC7, 0xFF, 0xFF, 0x3F, 0xFF, 0xF1, 0xFF, 0xFF,
  0x07, 0xF1, 0xE0, 0x07, 0xF0, 0x07, 0xFF, 0x03, 0xFF, 0xE1, 0xFF, 0xF8, 0x7C, 0x1F, 0x3E, 0x03,
  0xCF, 0x80, 0xF3, 0xE0, 0x3C, 0xF8, 0x0F, 0x3E, 0x07, 0x8F, 0xBF, 0xE3, 0xEF, 0xF0, 0xFB, 0xFF,
  0x3E, 0xFF, 0xEF, 0x81, 0xFB, 0xE0, 0x3F, 0xF8, 0x07, 0xFE, 0x01, 0xFF, 0x80, 0x7F, 0xE0, 0x3F,
  0xFC, 0x1F, 0xBF, 0xFF, 0xEF, 0xFF, 0xF3, 0xFF, 0xF8, 0xFB, 0xF8, 0x3E, 0x00, 0x0F, 0x80, 0x03,
  0xE0, 0x00, 0xF8, 0x00, 0x3E, 0x00, 0x0F, 0x80, 0x00, 0x78, 0x01, 0xFF, 0xC0, 0x1E, 0xFE, 0x03,
  0xEF, 0xE0, 0x3E, 0x1E, 0x07, 0xC1, 0xF0, 0x7C, 0x1F, 0x07, 0x80, 0xF8, 0xF8, 0x0F, 0x8F, 0x80,
  0x79, 0xF0, 0x07, 0xDF, 0x00, 0x7D, 0xE0, 0x03, 0xFE, 0x00, 0x3F, 0xE0, 0x01, 0xFC, 0x00, 0x1F,
  0xC0, 0x00, 0xF8, 0x00, 0x0F, 0x80, 0x00, 0xF8, 0x00, 0x0F, 0x80, 0x00, 0xF8, 0x00, 0x0F, 0x80,
  0x00, 0xF8, 0x00, 0x0F, 0x80, 0x00, 0xF8, 0x00, 0x0F, 0x80, 0x7F, 0xFF, 0xC7, 0xFF, 0xFC, 0x7F,
  0xFF, 0xC7, 0xFF, 0xFC, 0x1F, 0xE0, 0x00, 0xFF, 0x00, 0x03, 0xFC, 0x00, 0x1F, 0xE0, 0x0F, 0xFF,
  0x01, 0xFF, 0xF8, 0x3F, 0xFF, 0xC7, 0xF8, 0xFE, 0x7E, 0x03, 0xEF, 0xC0, 0x3F, 0xF8, 0x01, 0xFF,
  0x80, 0x1F, 0xF8, 0x01, 0xFF, 0x80, 0x1F, 0xF8, 0x01, 0xFF, 0x80, 0x3F, 0x7C, 0x03, 0xE7, 0xE0,
  0xFE, 0x3F, 0xFF, 0xE3, 0xFF, 0xFC, 0x0F, 0xFF, 0x00, 0x3F, 0xC0, 0x07, 0xF8, 0x0F, 0xFF, 0x87,
  0xFF, 0xF3, 0xFF, 0xFE, 0xFC, 0x0F, 0xBE, 0x01, 0xEF, 0x80, 0x03, 0xF0, 0x00, 0x7F, 0xC0, 0x0F,
  0xF0, 0x03, 0xFC, 0x01, 0xFF, 0x00, 0xFC, 0x00, 0x3E, 0x01, 0xEF, 0xC0, 0xFB, 0xFF, 0xFE, 0x7F,
  0xFF, 0x0F, 0xFF, 0x80, 0xFF, 0x80, 0x7F, 0xFF, 0x3F, 0xFF, 0x9F, 0xFF, 0xCF, 0xFF, 0xC0, 0x3F,
  0xC0, 0x3F, 0x80, 0x3F, 0x80, 0x3F, 0x80, 0x1F, 0x80, 0x1F, 0x80, 0x0F, 0x80, 0x0F, 0xC0, 0x07,
  0xC0, 0x03, 0xE0, 0x03, 0xE0, 0x01, 0xF0, 0x00, 0xF8, 0x00, 0x7C, 0x00, 0x3E, 0x00, 0x1F, 0x00,
  0x0F, 0xC0, 0x03, 0xF8, 0x01, 0xFF, 0xC0, 0x7F, 0xFC, 0x1F, 0xFF, 0x03, 0xFF, 0xC0, 0x33, 0xE0,
  0x01, 0xF0, 0x00, 0xF8, 0x00, 0xFC, 0x00, 0x7C, 0x00, 0x3E, 0x00, 0x02, 0x00, 0xF8, 0x7E, 0x1F,
  0xBF, 0xF3, 0xFF, 0xFF, 0x3F, 0xFF, 0xE3, 0xF8, 0x7E, 0x7E, 0x07, 0xCF, 0x80, 0xF9, 0xF0, 0x1F,
  0x3E, 0x03, 0xE7, 0xC0, 0x7C, 0xF8, 0x0F, 0x9F, 0x01, 0xF3, 0xE0, 0x3E, 0x7C, 0x07, 0xCF, 0x80,
  0xF9, 0xF0, 0x1F, 0x3E, 0x03, 0xE7, 0xC0, 0x7C, 0xF8, 0x0F, 0x80, 0x01, 0xF0, 0x00, 0x3E, 0x00,
  0x07, 0xC0, 0x00, 0xF8, 0x00, 0x1F, 0x00, 0x03, 0xE0, 0x00, 0x04, 0x03, 0xF8, 0x01, 0xFF, 0xC0,
  0x7F, 0xFC, 0x1F, 0xFF, 0xC3, 0xF1, 0xF8, 0xF8, 0x0F, 0x9F, 0x01, 0xF3, 0xE0, 0x3E, 0xF8, 0x03,
  0xFF, 0x00, 0x7F, 0xE0, 0x0F, 0xFF, 0xFF, 0xFF, 0xFF, 0xFF, 0xFF, 0xFF, 0xFF, 0xFF, 0xFF, 0xC0,
  0x1F, 0xF8, 0x03, 0xFF, 0x00, 0x7F, 0xE0, 0x0F, 0xBE, 0x03, 0xE7, 0xC0, 0x7C, 0xFC, 0x1F, 0x8F,
  0xFF, 0xE0, 0xFF, 0xF8, 0x0F, 0xFE, 0x00, 0x7F, 0x00, 0xF8, 0x3E, 0x0F, 0x83, 0xE0, 0xF8, 0x3E,
  0x0F, 0x83, 0xE0, 0xF8, 0x3E, 0x0F, 0x83, 0xE0, 0xF8, 0x3E, 0x0F, 0x93, 0xFE, 0x7F, 0x9F, 0xE1,
  0xF0, 0xF8, 0x3F, 0xBE, 0x1F, 0xCF, 0x8F, 0xE3, 0xE7, 0xF0, 0xFB, 0xF8, 0x3F, 0xFC, 0x0F, 0xFC,
  0x03, 0xFF, 0x00, 0xFF, 0xC0, 0x3F, 0xF8, 0x0F, 0xFF, 0x03, 0xE7, 0xC0, 0xF9, 0xF8, 0x3E, 0x3F,
  0x0F, 0x87, 0xC3, 0xE1, 0xF8, 0xF8, 0x3F, 0x3E, 0x07, 0xEF, 0x81, 0xF8, 0x1E, 0x00, 0x03, 0xF8,
  0x00, 0x3F, 0xC0, 0x03, 0xFC, 0x00, 0x03, 0xE0, 0x00, 0x1E, 0x00, 0x01, 0xF0, 0x00, 0x1F, 0x00,
  0x01, 0xF0, 0x00, 0x1F, 0x80, 0x03, 0xF8, 0x00, 0x3F, 0x80, 0x07, 0xFC, 0x00, 0x7F, 0xC0, 0x07,
  0xBC, 0x00, 0xFB, 0xE0, 0x0F, 0x9E, 0x00, 0xF1, 0xF0, 0x1F, 0x1F, 0x01, 0xF0, 0xF0, 0x3E, 0x0F,
  0x83, 0xE0, 0xF8, 0x3E, 0x07, 0xE7, 0xC0, 0x7F, 0x7C, 0x03, 0xF7, 0xC0, 0x1E, 0xF8, 0x0F, 0x9F,
  0x01, 0xF3, 0xE0, 0x3E, 0x7C, 0x07, 0xCF, 0x80, 0xF9, 0xF0, 0x1F, 0x3E, 0x03, 0xE7, 0xC0, 0x7C,
  0xF8, 0x0F, 0x9F, 0x01, 0xF3, 0xE0, 0x3E, 0x7C, 0x07, 0xCF, 0x80, 0xF9, 0xF8, 0x3F, 0x3F, 0x8F,
  0xE7, 0xFF, 0xFE, 0xFF, 0xFF, 0xFF, 0xFF, 0xFF, 0xEF, 0x8F, 0x7C, 0x00, 0x0F, 0x80, 0x01, 0xF0,
  0x00, 0x3E, 0x00, 0x07, 0xC0, 0x00, 0xF8, 0x00, 0x00, 0x7C, 0x03, 0xEF, 0x80, 0x7D, 0xF0, 0x1F,
  0x1F, 0x03, 0xE3, 0xE0, 0x7C, 0x3E, 0x1F, 0x07, 0xC3, 0xE0, 0xF8, 0x78, 0x0F, 0x9F, 0x01, 0xF3,
  0xE0, 0x1E, 0xF8, 0x03, 0xFF, 0x00, 0x7F, 0xE0, 0x07, 0xF8, 0x00, 0xFF, 0x00, 0x1F, 0xC0, 0x01,
  0xF8, 0x00, 0x3F, 0x00, 0x03, 0xC0, 0x00, 0xFF, 0xFE, 0x7F, 0xFF, 0x3F, 0xFF, 0x9F, 0xFF, 0xC3,
  0xE0, 0x03, 0xF0, 0x01, 0xF0, 0x00, 0xF8, 0x00, 0x7C, 0x00, 0x1F, 0x80, 0x0F, 0xFF, 0x81, 0xFF,
  0xC1, 0xFF, 0xE1, 0xFF, 0xF1, 0xFC, 0x00, 0xF8, 0x00, 0xF8, 0x00, 0x7C, 0x00, 0x3E, 0x00, 0x1F,
  0x00, 0x0F, 0xC0, 0x07, 0xF0, 0x01, 0xFF, 0xF0, 0x7F, 0xFE, 0x1F, 0xFF, 0x83, 0xFF, 0xC0, 0x03,
  0xE0, 0x01, 0xF0, 0x00, 0xF8, 0x00, 0xF8, 0x00, 0x7C, 0x00, 0x3E, 0x00, 0x02, 0x00, 0x03, 0xF8,
  0x01, 0xFF, 0xC0, 0x7F, 0xFC, 0x1F, 0xFF, 0xC7, 0xE0, 0xFC, 0xF8, 0x0F, 0xBF, 0x01, 0xFF, 0xC0,
  0x1F, 0xF8, 0x03, 0xFF, 0x00, 0x7F, 0xE0, 0x0F, 0xFC, 0x01, 0xFF, 0xC0, 0x7E, 0xF8, 0x0F, 0x9F,
  0x87, 0xF1, 0xFF, 0xFC, 0x1F, 0xFF, 0x01, 0xFF, 0xC0, 0x0F, 0xE0, 0x00, 0xFF, 0xFF, 0xF7, 0xFF,
  0xFF, 0xBF, 0xFF, 0xFD, 0xFF, 0xFF, 0xE3, 0xE0, 0x7C, 0x1F, 0x03, 0xE0, 0xF8, 0x1F, 0x07, 0xC0,
  0xF8, 0x3E, 0x07, 0xC1, 0xF0, 0x3E, 0x0F, 0x81, 0xF0, 0x7C, 0x0F, 0x83, 0xE0, 0x7C, 0x1F, 0x03,
  0xE0, 0xF8, 0x1F, 0x47, 0xC0, 0xFE, 0x3E, 0x07, 0xF1, 0xF0, 0x1F, 0xCF, 0x80, 0xFC, 0x03, 0xF8,
  0x01, 0xFF, 0xC0, 0xFF, 0xFC, 0x1F, 0xFF, 0xC7, 0xE1, 0xFC, 0xF8, 0x0F, 0xBF, 0x01, 0xFF, 0xC0,
  0x1F, 0xF8, 0x03, 0xFF, 0x00, 0x7F, 0xE0, 0x0F, 0xFC, 0x01, 0xFF, 0x80, 0x7F, 0xF8, 0x0F, 0xBF,
  0x87, 0xF7, 0xFF, 0xFC, 0xFF, 0xFF, 0x1F, 0xFF, 0xC3, 0xE7, 0xE0, 0x7C, 0x00, 0x0F, 0x80, 0x01,
  0xF0, 0x00, 0x3E, 0x00, 0x07, 0xC0, 0x00, 0xF8, 0x00, 0x1F, 0x00, 0x00, 0x03, 0xFC, 0x01, 0xFF,
  0xE0, 0x7F, 0xFE, 0x1F, 0xFF, 0xE7, 0xF0, 0xFC, 0xF8, 0x0F, 0xFF, 0x00, 0xFF, 0xC0, 0x1F, 0xF8,
  0x00, 0x1F, 0x00, 0x03, 0xE0, 0x00, 0x7C, 0x00, 0x0F, 0xC0, 0x00, 0xFC, 0x00, 0x1F, 0xF0, 0x01,
  0xFF, 0xF8, 0x1F, 0xFF, 0xC0, 0xFF, 0xFC, 0x07, 0xFF, 0x80, 0x0F, 0xF0, 0x00, 0x3E, 0x00, 0x0F,
  0xC0, 0x01, 0xF0, 0x00, 0x7E, 0x00, 0x0F, 0xC0, 0x00, 0x30, 0x03, 0xFF, 0xF8, 0x7F, 0xFF, 0xCF,
  0xFF, 0xFE, 0x7F, 0xFF, 0xF7, 0xE0, 0xFC, 0x3E, 0x03, 0xE3, 0xF0, 0x0F, 0x9F, 0x00, 0x7C, 0xF8,
  0x03, 0xE7, 0xC0, 0x1F, 0x3E, 0x00, 0xF9, 0xF0, 0x07, 0xCF, 0xC0, 0x7E, 0x3E, 0x03, 0xE1, 0xF8,
  0x3F, 0x07, 0xFF, 0xF0, 0x1F, 0xFF, 0x00, 0x7F, 0xF0, 0x00, 0xFE, 0x00, 0xFF, 0xFF, 0xFF, 0xFF,
  0xFF, 0xFF, 0xFF, 0xFF, 0xF0, 0x7C, 0x00, 0x3E, 0x00, 0x1F, 0x00, 0x0F, 0x80, 0x07, 0xC0, 0x03,
  0xE0, 0x01, 0xF0, 0x00, 0xF8, 0x00, 0x7C, 0x00, 0x3E, 0x00, 0x1F, 0x00, 0x0F, 0xF0, 0x07, 0xF8,
  0x01, 0xFE, 0x00, 0x7F, 0x00, 0xF8, 0x0F, 0xFC, 0x07, 0xFE, 0x03, 0xFF, 0x01, 0xFF, 0x80, 0xFF,
  0xC0, 0x7F, 0xE0, 0x3F, 0xF0, 0x1F, 0xF8, 0x0F, 0xFC, 0x07, 0xFE, 0x03, 0xFF, 0x01, 0xFF, 0x80,
  0xFF, 0xC0, 0x7F, 0xF0, 0x7E, 0xFF, 0xFE, 0x7F, 0xFF, 0x1F, 0xFF, 0x03, 0xFE, 0x00, 0x00, 0x1F,
  0xC0, 0x07, 0x0F, 0xFC, 0x07, 0xC7, 0xFF, 0x07, 0xF3, 0xFF, 0xC7, 0xF1, 0xF3, 0xF3, 0xF0, 0xF8,
  0xFB, 0xF0, 0x7C, 0x7F, 0xF0, 0x3E, 0x1F, 0xF8, 0x1F, 0x0F, 0xFC, 0x0F, 0x87, 0xFE, 0x07, 0xC3,
  0xFF, 0x03, 0xE1, 0xFF, 0xC1, 0xF1, 0xFB, 0xF0, 0xF8, 0xF9, 0xFC, 0x7C, 0xFC, 0x7F, 0xFF, 0xFC,
  0x1F, 0xFF, 0xFC, 0x07, 0xFF, 0xFC, 0x00, 0x7F, 0xF8, 0x00, 0x03, 0xE0, 0x00, 0x01, 0xF0, 0x00,
  0x00, 0xF8, 0x00, 0x00, 0x7C, 0x00, 0x00, 0x3E, 0x00, 0x00, 0x1F, 0x00, 0x00, 0x3C, 0x00, 0x03,
  0xF0, 0x07, 0xDF, 0xC0, 0x7C, 0xFE, 0x03, 0xE1, 0xF8, 0x3E, 0x07, 0xC3, 0xF0, 0x1F, 0x1F, 0x00,
  0xF9, 0xF8, 0x03, 0xEF, 0x80, 0x1F, 0xF8, 0x00, 0x7F, 0xC0, 0x03, 0xFC, 0x00, 0x0F, 0xE0, 0x00,
  0x7E, 0x00, 0x03, 0xF8, 0x00, 0x3F, 0xC0, 0x01, 0xFF, 0x00, 0x1F, 0xF8, 0x01, 0xFF, 0xE0, 0x0F,
  0xDF, 0x00, 0xFC, 0xFC, 0x0F, 0xC3, 0xE0, 0x7C, 0x1F, 0x87, 0xE0, 0x7F, 0x7E, 0x03, 0xFB, 0xE0,
  0x0F, 0xFF, 0x00, 0x3E, 0xF8, 0x00, 0x7F, 0xE3, 0xE1, 0xFF, 0x8F, 0x87, 0xFE, 0x3E, 0x1F, 0xF8,
  0xF8, 0x7F, 0xE3, 0xE1, 0xFF, 0x8F, 0x87, 0xFE, 0x3E, 0x1F, 0xF8, 0xF8, 0x7F, 0xE3, 0xE1, 0xFF,
  0x8F, 0x87, 0xFE, 0x3E, 0x1F, 0xF8, 0xF8, 0x7F, 0xE3, 0xE3, 0xF7, 0xCF, 0x9F, 0x9F, 0xFF, 0xFE,
  0x3F, 0xFF, 0xF0, 0x7F, 0xFF, 0x80, 0xFF, 0xF8, 0x00, 0x3E, 0x00, 0x00, 0xF8, 0x00, 0x03, 0xE0,
  0x00, 0x0F, 0x80, 0x00, 0x3E, 0x00, 0x00, 0xF8, 0x00, 0x03, 0xE0, 0x00, 0x0E, 0x00, 0x0C, 0x07,
  0xF0, 0x1F, 0x83, 0xF8, 0x03, 0xF0, 0xFC, 0x00, 0x7C, 0x7E, 0x00, 0x1F, 0x9F, 0x07, 0xC3, 0xE7,
  0xC1, 0xF0, 0xFB, 0xE0, 0x7C, 0x1F, 0xF8, 0x1F, 0x07, 0xFE, 0x07, 0xC1, 0xFF, 0x81, 0xF0, 0x7F,
  0xE0, 0x7C, 0x1F, 0xF8, 0x1F, 0x07, 0xFF, 0x07, 0xC3, 0xF7, 0xE3, 0xF8, 0xF9, 0xFF, 0xFF, 0xFE,
  0x3F, 0xFF, 0xFF, 0x07, 0xFE, 0xFF, 0x80, 0x7E, 0x0F, 0x80, 0x0F, 0x1E, 0x01, 0xE3, 0xC0, 0x3C,
  0x78, 0x07, 0x8F, 0x00, 0xF1, 0xE0, 0x00, 0x00, 0x3F, 0xFF, 0xF7, 0xFF, 0xFE, 0xFF, 0xFF, 0xDF,
  0xFF, 0xFB, 0xE0, 0x00, 0x7C, 0x00, 0x0F, 0x80, 0x01, 0xF0, 0x00, 0x3E, 0x00, 0x07, 0xC0, 0x00,
  0xF8, 0x00, 0x1F, 0xFF, 0xF3, 0xFF, 0xFE, 0x7F, 0xFF, 0xCF, 0xFF, 0xF9, 0xF0, 0x00, 0x3E, 0x00,
  0x07, 0xC0, 0x00, 0xF8, 0x00, 0x1F, 0x00, 0x03, 0xE0, 0x00, 0x7C, 0x00, 0x0F, 0xFF, 0xFF, 0xFF,
  0xFF, 0xFF, 0xFF, 0xFF, 0xFF, 0xFF, 0xFF, 0xFF, 0x80, 0x7F, 0xFF, 0xC0, 0x3F, 0xFF, 0xE0, 0x1F,
  0xFF, 0xF0, 0x00, 0x3E, 0x00, 0x00, 0x1F, 0x00, 0x00, 0x0F, 0x80, 0x00, 0x07, 0xC0, 0x00, 0x03,
  0xFF, 0xF0, 0x01, 0xFF, 0xFE, 0x00, 0xFF, 0xFF, 0x80, 0x7F, 0xFF, 0xE0, 0x3E, 0x01, 0xF8, 0x1F,
  0x00, 0x7C, 0x0F, 0x80, 0x3E, 0x07, 0xC0, 0x1F, 0x03, 0xE0, 0x0F, 0x81, 0xF0, 0x07, 0xC0, 0xF8,
  0x03, 0xE0, 0x7C, 0x01, 0xF0, 0x3E, 0x00, 0xF8, 0x1F, 0x00, 0x7C, 0x0F, 0x80, 0x3E, 0x07, 0xC0,
  0x1F, 0x03, 0xE0, 0x0F, 0x81, 0xF0, 0x07, 0xC0, 0x00, 0x03, 0xE0, 0x00, 0x01, 0xF0, 0x00, 0x01,
  0xF0, 0x00, 0x0F, 0xF8, 0x00, 0x07, 0xF8, 0x00, 0x03, 0xF8, 0x00, 0x78, 0x00, 0x78, 0x00, 0x78,
  0x00, 0x30, 0x00, 0x00, 0x07, 0xFF, 0xFF, 0xFF, 0xFF, 0xFF, 0xFF, 0xFF, 0xFF, 0xFC, 0x00, 0x3E,
  0x00, 0x1F, 0x00, 0x0F, 0x80, 0x07, 0xC0, 0x03, 0xE0, 0x01, 0xF0, 0x00, 0xF8, 0x00, 0x7C, 0x00,
  0x3E, 0x00, 0x1F, 0x00, 0x0F, 0x80, 0x07, 0xC0, 0x03, 0xE0, 0x01, 0xF0, 0x00, 0xF8, 0x00, 0x7C,
  0x00, 0x3E, 0x00, 0x1F, 0x00, 0x0F, 0x80, 0x07, 0xC0, 0x03, 0xE0, 0x00, 0x00, 0xFF, 0x00, 0x07,
  0xFF, 0x80, 0x3F, 0xFF, 0xC0, 0xFF, 0xFF, 0xC3, 0xF8, 0x1F, 0x87, 0xE0, 0x1F, 0x9F, 0x80, 0x1F,
  0x3E, 0x00, 0x1F, 0x7C, 0x00, 0x3F, 0xF0, 0x00, 0x03, 0xE0, 0x00, 0x07, 0xFF, 0xF0, 0x0F, 0xFF,
  0xE0, 0x1F, 0xFF, 0xC0, 0x3F, 0xFF, 0x80, 0x7C, 0x00, 0x00, 0xF8, 0x00, 0x01, 0xF8, 0x00, 0x7D,
  0xF0, 0x00, 0xFB, 0xF0, 0x03, 0xF3, 0xE0, 0x0F, 0xC7, 0xF0, 0x3F, 0x87, 0xFF, 0xFE, 0x07, 0xFF,
  0xF8, 0x07, 0xFF, 0xC0, 0x01, 0xFE, 0x00, 0x07, 0xF8, 0x01, 0xFF, 0xF0, 0x3F, 0xFF, 0x87, 0xFF,
  0xFC, 0x7E, 0x0F, 0xCF, 0xC0, 0x7E, 0xF8, 0x03, 0xEF, 0x80, 0x3E, 0xF8, 0x00, 0x0F, 0xC0, 0x00,
  0xFF, 0x80, 0x07, 0xFF, 0xC0, 0x3F, 0xFF, 0x81, 0xFF, 0xFC, 0x03, 0xFF, 0xE0, 0x01, 0xFF, 0x00,
  0x03, 0xF0, 0x00, 0x1F, 0xF8, 0x01, 0xFF, 0x80, 0x1F, 0xFC, 0x03, 0xFF, 0xE0, 0x7E, 0x7F, 0xFF,
  0xE3, 0xFF, 0xFC, 0x1F, 0xFF, 0x00, 0x3F, 0xC0, 0xFF, 0xFF, 0xFF, 0xFF, 0xFF, 0xFF, 0xFF, 0xFF,
  0xFF, 0xFF, 0xFF, 0xFF, 0xFF, 0xFF, 0xFF, 0xFF, 0xC0, 0xF1, 0xFE, 0x3F, 0xC7, 0xF8, 0xFF, 0x1E,
  0x00, 0x07, 0xC0, 0xF8, 0x1F, 0x03, 0xE0, 0x7C, 0x0F, 0x81, 0xF0, 0x3E, 0x07, 0xC0, 0xF8, 0x1F,
  0x03, 0xE0, 0x7C, 0x0F, 0x81, 0xF0, 0x3E, 0x07, 0xC0, 0xF8, 0x1F, 0x03, 0xE0, 0x7C, 0x0F, 0x81,
  0xF0, 0x3E, 0x07, 0xC0, 0xF8, 0x00, 0x1F, 0x00, 0x1F, 0x00, 0x1F, 0x00, 0x1F, 0x00, 0x1F, 0x00,
  0x1F, 0x00, 0x1F, 0x00, 0x1F, 0x00, 0x1F, 0x00, 0x1F, 0x00, 0x1F, 0x00, 0x1F, 0x00, 0x1F, 0x00,
  0x1F, 0x00, 0x1F, 0x00, 0x1F, 0xF8, 0x1F, 0xF8, 0x1F, 0xF8, 0x1F, 0xF8, 0x1F, 0xF8, 0x1F, 0xFC,
  0x3F, 0x7F, 0xFE, 0x3F, 0xFC, 0x1F, 0xF8, 0x07, 0xE0, 0x1F, 0xFF, 0xF8, 0x00, 0x03, 0xFF, 0xFF,
  0x00, 0x00, 0x7F, 0xFF, 0xE0, 0x00, 0x0F, 0xFF, 0xFC, 0x00, 0x01, 0xF0, 0x0F, 0x80, 0x00, 0x3E,
  0x01, 0xF0, 0x00, 0x07, 0xC0, 0x3E, 0x00, 0x00, 0xF8, 0x07, 0xC0, 0x00, 0x1F, 0x00, 0xF8, 0x00,
  0x03, 0xE0, 0x1F, 0x00, 0x00, 0x7C, 0x03, 0xE0, 0x00, 0x0F, 0x80, 0x7F, 0xFF, 0x01, 0xF0, 0x0F,
  0xFF, 0xF8, 0x3E, 0x01, 0xFF, 0xFF, 0x87, 0xC0, 0x3F, 0xFF, 0xF0, 0xF8, 0x07, 0xC0, 0x3F, 0x1F,
  0x00, 0xF8, 0x03, 0xE7, 0xE0, 0x1F, 0x00, 0x7C, 0xF8, 0x03, 0xE0, 0x0F, 0x9F, 0x00, 0x7C, 0x01,
  0xF7, 0xE0, 0x0F, 0x80, 0x3F, 0xF8, 0x01, 0xF0, 0x0F, 0xFF, 0x00, 0x3F, 0xFF, 0xF7, 0xC0, 0x07,
  0xFF, 0xFC, 0xF0, 0x00, 0xFF, 0xFF, 0x1C, 0x00, 0x1F, 0xFF, 0x80, 0xF8, 0x01, 0xF0, 0x00, 0x3E,
  0x00, 0x7C, 0x00, 0x0F, 0x80, 0x1F, 0x00, 0x03, 0xE0, 0x07, 0xC0, 0x00, 0xF8, 0x01, 0xF0, 0x00,
  0x3E, 0x00, 0x7C, 0x00, 0x0F, 0x80, 0x1F, 0x00, 0x03, 0xE0, 0x07, 0xC0, 0x00, 0xF8, 0x01, 0xF0,
  0x00, 0x3E, 0x00, 0x7C, 0x00, 0x0F, 0x80, 0x1F, 0xFF, 0x83, 0xFF, 0xFF, 0xFF, 0xF8, 0xFF, 0xFF,
  0xFF, 0xFF, 0x3F, 0xFF, 0xFF, 0xFF, 0xEF, 0xFF, 0xFF, 0x01, 0xFB, 0xE0, 0x07, 0xC0, 0x3F, 0xF8,
  0x01, 0xF0, 0x07, 0xFE, 0x00, 0x7C, 0x01, 0xFF, 0x80, 0x1F, 0x00, 0x7F, 0xE0, 0x07, 0xC0, 0x1F,
  0xF8, 0x01, 0xF0, 0x0F, 0xFE, 0x00, 0x7C, 0x07, 0xFF, 0x80, 0x1F, 0xFF, 0xFB, 0xE0, 0x07, 0xFF,
  0xFC, 0xF8, 0x01, 0xFF, 0xFE, 0x3E, 0x00, 0x7F, 0xFE, 0x00, 0xFF, 0xFF, 0x80, 0x7F, 0xFF, 0xC0,
  0x3F, 0xFF, 0xE0, 0x1F, 0xFF, 0xF0, 0x00, 0x3E, 0x00, 0x00, 0x1F, 0x00, 0x00, 0x0F, 0x80, 0x00,
  0x07, 0xC0, 0x00, 0x03, 0xFF, 0xF0, 0x01, 0xFF, 0xFE, 0x00, 0xFF, 0xFF, 0x80, 0x7F, 0xFF, 0xE0,
  0x3E, 0x01, 0xF8, 0x1F, 0x00, 0x7C, 0x0F, 0x80, 0x3E, 0x07, 0xC0, 0x1F, 0x03, 0xE0, 0x0F, 0x81,
  0xF0, 0x07, 0xC0, 0xF8, 0x03, 0xE0, 0x7C, 0x01, 0xF0, 0x3E, 0x00, 0xF8, 0x1F, 0x00, 0x7C, 0x0F,
  0x80, 0x3E, 0x07, 0xC0, 0x1F, 0x03, 0xE0, 0x0F, 0x81, 0xF0, 0x07, 0xC0, 0x00, 0x3E, 0x00, 0x01,
  0xE0, 0x00, 0x0F, 0x00, 0x00, 0x38, 0x00, 0x00, 0x00, 0x03, 0xE0, 0x0F, 0xEF, 0x80, 0x7F, 0x3E,
  0x03, 0xF8, 0xF8, 0x1F, 0xC3, 0xE0, 0xFE, 0x0F, 0x87, 0xF0, 0x3E, 0x3F, 0x80, 0xF9, 0xFC, 0x03,
  0xEF, 0xC0, 0x0F, 0xFE, 0x00, 0x3F, 0xF0, 0x00, 0xFF, 0x80, 0x03, 0xFC, 0x00, 0x0F, 0xF8, 0x00,
  0x3F, 0xF0, 0x00, 0xFF, 0xE0, 0x03, 0xEF, 0xC0, 0x0F, 0x9F, 0xC0, 0x3E, 0x3F, 0x80, 0xF8, 0x7F,
  0x03, 0xE0, 0xFE, 0x0F, 0x81, 0xFC, 0x3E, 0x03, 0xF8, 0xF8, 0x07, 0xF3, 0xE0, 0x0F, 0xEF, 0x80,
  0x1F, 0xC0, 0x07, 0x80, 0x00, 0x3C, 0x00, 0x01, 0xE0, 0x00, 0x07, 0x00, 0x00, 0x00, 0x0F, 0x80,
  0x1F, 0xF8, 0x03, 0xFF, 0x80, 0x7F, 0xF8, 0x07, 0xFF, 0x80, 0xFF, 0xF8, 0x0F, 0xFF, 0x81, 0xFF,
  0xF8, 0x1F, 0xFF, 0x83, 0xFF, 0xF8, 0x3D, 0xFF, 0x87, 0xDF, 0xF8, 0xF9, 0xFF, 0x8F, 0x9F, 0xF9,
  0xF1, 0xFF, 0x9E, 0x1F, 0xFB, 0xE1, 0xFF, 0xBC, 0x1F, 0xFF, 0xC1, 0xFF, 0xF8, 0x1F, 0xFF, 0x81,
  0xFF, 0xF0, 0x1F, 0xFF, 0x01, 0xFF, 0xE0, 0x1F, 0xFC, 0x01, 0xFF, 0xC0, 0x1F, 0xF8, 0x01, 0xF0,
  0x00, 0xC1, 0xC0, 0x00, 0xE3, 0x80, 0x00, 0xFF, 0x80, 0x00, 0x7F, 0x00, 0x00, 0x1C, 0x00, 0x7C,
  0x00, 0x3F, 0x7E, 0x00, 0x7E, 0x3E, 0x00, 0x7E, 0x3F, 0x00, 0xFC, 0x1F, 0x00, 0xFC, 0x1F, 0x81,
  0xF8, 0x0F, 0x81, 0xF8, 0x0F, 0xC3, 0xF0, 0x07, 0xC3, 0xF0, 0x07, 0xE7, 0xE0, 0x03, 0xE7, 0xE0,
  0x03, 0xFF, 0xE0, 0x01, 0xFF, 0xC0, 0x01, 0xFF, 0xC0, 0x01, 0xFF, 0x80, 0x00, 0xFF, 0x80, 0x00,
  0xFF, 0x00, 0x00, 0x7F, 0x00, 0x00, 0x7E, 0x00, 0x00, 0xFE, 0x00, 0x00, 0xFC, 0x00, 0x01, 0xFC,
  0x00, 0x01, 0xF8, 0x00, 0x03, 0xF8, 0x00, 0x03, 0xF0, 0x00, 0x07, 0xF0, 0x00, 0xF8, 0x01, 0xFF,
  0x80, 0x1F, 0xF8, 0x01, 0xFF, 0x80, 0x1F, 0xF8, 0x01, 0xFF, 0x80, 0x1F, 0xF8, 0x01, 0xFF, 0x80,
  0x1F, 0xF8, 0x01, 0xFF, 0x80, 0x1F, 0xF8, 0x01, 0xFF, 0x80, 0x1F, 0xF8, 0x01, 0xFF, 0x80, 0x1F,
  0xF8, 0x01, 0xFF, 0x80, 0x1F, 0xF8, 0x01, 0xFF, 0x80, 0x1F, 0xF8, 0x01, 0xFF, 0x80, 0x1F, 0xF8,
  0x01, 0xFF, 0x80, 0x1F, 0xFF, 0xFF, 0xFF, 0xFF, 0xFF, 0xFF, 0xFF, 0xFF, 0xFF, 0xFF, 0x00, 0xF8,
  0x00, 0x0F, 0x80, 0x00, 0xF8, 0x00, 0x0F, 0x80, 0x00, 0xF8, 0x00, 0x00, 0x7E, 0x00, 0x00, 0x7F,
  0x00, 0x00, 0x7F, 0x00, 0x00, 0xFF, 0x00, 0x00, 0xFF, 0x80, 0x01, 0xFF, 0x80, 0x01, 0xFF, 0x80,
  0x01, 0xF7, 0xC0, 0x03, 0xE7, 0xC0, 0x03, 0xE7, 0xC0, 0x03, 0xE3, 0xE0, 0x07, 0xC3, 0xE0, 0x07,
  0xC3, 0xE0, 0x07, 0xC1, 0xF0, 0x0F, 0x81, 0xF0, 0x0F, 0x81, 0xF0, 0x0F, 0xFF, 0xF8, 0x1F, 0xFF,
  0xF8, 0x1F, 0xFF, 0xFC, 0x1F, 0xFF, 0xFC, 0x3E, 0x00, 0x7C, 0x3E, 0x00, 0x7E, 0x3E, 0x00, 0x3E,
  0x7C, 0x00, 0x3E, 0x7C, 0x00, 0x3F, 0x7C, 0x00, 0x1F, 0xFF, 0xFF, 0x8F, 0xFF, 0xF8, 0xFF, 0xFF,
  0x8F, 0xFF, 0xF8, 0xF8, 0x00, 0x0F, 0x80, 0x00, 0xF8, 0x00, 0x0F, 0x80, 0x00, 0xF8, 0x00, 0x0F,
  0x80, 0x00, 0xFF, 0xFC, 0x0F, 0xFF, 0xF0, 0xFF, 0xFF, 0xCF, 0xFF, 0xFC, 0xF8, 0x07, 0xEF, 0x80,
  0x3E, 0xF8, 0x01, 0xFF, 0x80, 0x1F, 0xF8, 0x01, 0xFF, 0x80, 0x1F, 0xF8, 0x03, 0xFF, 0x80, 0x7E,
  0xFF, 0xFF, 0xEF, 0xFF, 0xFC, 0xFF, 0xFF, 0x8F, 0xFF, 0xE0, 0xFF, 0xFC, 0x0F, 0xFF, 0xF0, 0xFF,
  0xFF, 0x8F, 0xFF, 0xFC, 0xF8, 0x07, 0xEF, 0x80, 0x3E, 0xF8, 0x03, 0xEF, 0x80, 0x3E, 0xF8, 0x03,
  0xEF, 0x80, 0x3E, 0xF8, 0x07, 0xCF, 0xFF, 0xF8, 0xFF, 0xFF, 0x0F, 0xFF, 0xF8, 0xFF, 0xFF, 0xCF,
  0x80, 0x7E, 0xF8, 0x01, 0xFF, 0x80, 0x1F, 0xF8, 0x01, 0xFF, 0x80, 0x1F, 0xF8, 0x01, 0xFF, 0x80,
  0x3E, 0xFF, 0xFF, 0xEF, 0xFF, 0xFC, 0xFF, 0xFF, 0x8F, 0xFF, 0xE0, 0xFF, 0xFF, 0xFF, 0xFF, 0xFF,
  0xFF, 0xFF, 0xFF, 0xFF, 0x80, 0x07, 0xC0, 0x03, 0xE0, 0x01, 0xF0, 0x00, 0xF8, 0x00, 0x7C, 0x00,
  0x3E, 0x00, 0x1F, 0x00, 0x0F, 0x80, 0x07, 0xC0, 0x03, 0xE0, 0x01, 0xF0, 0x00, 0xF8, 0x00, 0x7C,
  0x00, 0x3E, 0x00, 0x1F, 0x00, 0x0F, 0x80, 0x07, 0xC0, 0x03, 0xE0, 0x01, 0xF0, 0x00, 0xF8, 0x00,
  0x7C, 0x00, 0x00, 0x01, 0xFF, 0xFF, 0x80, 0x07, 0xFF, 0xFE, 0x00, 0x1F, 0xFF, 0xF8, 0x00, 0x7F,
  0xFF, 0xE0, 0x01, 0xF0, 0x0F, 0x80, 0x07, 0xC0, 0x3E, 0x00, 0x1F, 0x00, 0xF8, 0x00, 0x7C, 0x03,
  0xE0, 0x01, 0xF0, 0x0F, 0x80, 0x07, 0xC0, 0x3E, 0x00, 0x1F, 0x00, 0xF8, 0x00, 0x7C, 0x03, 0xE0,
  0x01, 0xF0, 0x0F, 0x80, 0x07, 0xC0, 0x3E, 0x00, 0x1F, 0x00, 0xF8, 0x00, 0x7C, 0x03, 0xE0, 0x01,
  0xF0, 0x0F, 0x80, 0x0F, 0xC0, 0x3E, 0x00, 0x3E, 0x00, 0xF8, 0x00, 0xF8, 0x03, 0xE0, 0x03, 0xE0,
  0x0F, 0x80, 0x1F, 0x80, 0x3E, 0x00, 0x7F, 0xFF, 0xF8, 0x3F, 0xFF, 0xFF, 0xFF, 0xFF, 0xFF, 0xFF,
  0xFF, 0xFF, 0xFF, 0xFF, 0xFF, 0x80, 0x00, 0x07, 0xFE, 0x00, 0x00, 0x1F, 0xF8, 0x00, 0x00, 0x7F,
  0xE0, 0x00, 0x01, 0xFF, 0x80, 0x00, 0x07, 0xFE, 0x00, 0x00, 0x1F, 0xFF, 0xFF, 0xDF, 0xFF, 0xFB,
  0xFF, 0xFF, 0x7F, 0xFF, 0xEF, 0x80, 0x01, 0xF0, 0x00, 0x3E, 0x00, 0x07, 0xC0, 0x00, 0xF8, 0x00,
  0x1F, 0x00, 0x03, 0xE0, 0x00, 0x7F, 0xFF, 0xCF, 0xFF, 0xF9, 0xFF, 0xFF, 0x3F, 0xFF, 0xE7, 0xC0,
  0x00, 0xF8, 0x00, 0x1F, 0x00, 0x03, 0xE0, 0x00, 0x7C, 0x00, 0x0F, 0x80, 0x01, 0xF0, 0x00, 0x3F,
  0xFF, 0xFF, 0xFF, 0xFF, 0xFF, 0xFF, 0xFF, 0xFF, 0xFC, 0x3F, 0x00, 0xF8, 0x07, 0xE0, 0xFC, 0x07,
  0xC0, 0x7E, 0x03, 0xF0, 0x3E, 0x07, 0xE0, 0x0F, 0x81, 0xF0, 0x3E, 0x00, 0x3E, 0x0F, 0x83, 0xE0,
  0x01, 0xF8, 0x7C, 0x3F, 0x00, 0x07, 0xE3, 0xE3, 0xF0, 0x00, 0x1F, 0x9F, 0x3F, 0x00, 0x00, 0x7E,
  0xFB, 0xF0, 0x00, 0x01, 0xFF, 0xFF, 0x00, 0x00, 0x07, 0xFF, 0xF0, 0x00, 0x00, 0x1F, 0xFF, 0x00,
  0x00, 0x00, 0x7F, 0xF0, 0x00, 0x00, 0x07, 0xFF, 0xC0, 0x00, 0x00, 0x7F, 0xFF, 0x00, 0x00, 0x07,
  0xFF, 0xFC, 0x00, 0x00, 0x7E, 0xFB, 0xF0, 0x00, 0x07, 0xE7, 0xCF, 0xC0, 0x00, 0x7F, 0x3E, 0x7F,
  0x00, 0x07, 0xF1, 0xF1, 0xFC, 0x00, 0x7F, 0x0F, 0x87, 0xF0, 0x07, 0xF0, 0x7C, 0x1F, 0xC0, 0x7F,
  0x03, 0xE0, 0x7F, 0x07, 0xF0, 0x1F, 0x01, 0xFC, 0x3F, 0x00, 0xF8, 0x07, 0xE3, 0xF0, 0x07, 0xC0,
  0x1F, 0x80, 0x03, 0xFC, 0x01, 0xFF, 0xF0, 0x3F, 0xFF, 0x87, 0xFF, 0xFC, 0x7E, 0x0F, 0xCF, 0xC0,
  0x7E, 0xF8, 0x03, 0xEF, 0x80, 0x3E, 0x00, 0x03, 0xE0, 0x00, 0x7E, 0x00, 0x0F, 0xE0, 0x1F, 0xFC,
  0x01, 0xFF, 0x80, 0x1F, 0xFC, 0x01, 0xFF, 0xE0, 0x00, 0x7F, 0x00, 0x03, 0xF0, 0x00, 0x1F, 0xF8,
  0x01, 0xFF, 0x80, 0x1F, 0xFC, 0x03, 0xF7, 0xE0, 0x7E, 0x7F, 0xFF, 0xE3, 0xFF, 0xFC, 0x1F, 0xFF,
  0x00, 0x3F, 0xC0, 0xF8, 0x01, 0xFF, 0x80, 0x3F, 0xF8, 0x07, 0xFF, 0x80, 0x7F, 0xF8, 0x0F, 0xFF,
  0x80, 0xFF, 0xF8, 0x1F, 0xFF, 0x81, 0xFF, 0xF8, 0x3F, 0xFF, 0x83, 0xDF, 0xF8, 0x7D, 0xFF, 0x8F,
  0x9F, 0xF8, 0xF9, 0xFF, 0x9F, 0x1F, 0xF9, 0xE1, 0xFF, 0xBE, 0x1F, 0xFB, 0xC1, 0xFF, 0xFC, 0x1F,
  0xFF, 0x81, 0xFF, 0xF8, 0x1F, 0xFF, 0x01, 0xFF, 0xF0, 0x1F, 0xFE, 0x01, 0xFF, 0xC0, 0x1F, 0xFC,
  0x01, 0xFF, 0x80, 0x1F, 0x07, 0x06, 0x00, 0x78, 0xE0, 0x03, 0xFE, 0x00, 0x1F, 0xC0, 0x00, 0x60,
  0x0F, 0x80, 0x1F, 0xF8, 0x03, 0xFF, 0x80, 0x7F, 0xF8, 0x07, 0xFF, 0x80, 0xFF, 0xF8, 0x0F, 0xFF,
  0x81, 0xFF, 0xF8, 0x1F, 0xFF, 0x83, 0xFF, 0xF8, 0x3D, 0xFF, 0x87, 0xDF, 0xF8, 0xF9, 0xFF, 0x8F,
  0x9F, 0xF9, 0xF1, 0xFF, 0x9E, 0x1F, 0xFB, 0xE1, 0xFF, 0xBC, 0x1F, 0xFF, 0xC1, 0xFF, 0xF8, 0x1F,
  0xFF, 0x81, 0xFF, 0xF0, 0x1F, 0xFF, 0x01, 0xFF, 0xE0, 0x1F, 0xFC, 0x01, 0xFF, 0xC0, 0x1F, 0xF8,
  0x01, 0xF0, 0xF8, 0x03, 0xFB, 0xE0, 0x1F, 0xCF, 0x80, 0xFE, 0x3E, 0x07, 0xF0, 0xF8, 0x3F, 0x83,
  0xE1, 0xFC, 0x0F, 0x8F, 0xE0, 0x3E, 0x7F, 0x00, 0xFB, 0xF0, 0x03, 0xFF, 0x80, 0x0F, 0xFC, 0x00,
  0x3F, 0xE0, 0x00, 0xFF, 0x00, 0x03, 0xFE, 0x00, 0x0F, 0xFC, 0x00, 0x3F, 0xF8, 0x00, 0xFB, 0xF0,
  0x03, 0xE7, 0xF0, 0x0F, 0x8F, 0xE0, 0x3E, 0x1F, 0xC0, 0xF8, 0x3F, 0x83, 0xE0, 0x7F, 0x0F, 0x80,
  0xFE, 0x3E, 0x01, 0xFC, 0xF8, 0x03, 0xFB, 0xE0, 0x07, 0xF0, 0x1F, 0xFF, 0xF8, 0xFF, 0xFF, 0xC7,
  0xFF, 0xFE, 0x3F, 0xFF, 0xF1, 0xF0, 0x0F, 0x8F, 0x80, 0x7C, 0x7C, 0x03, 0xE3, 0xE0, 0x1F, 0x1F,
  0x00, 0xF8, 0xF8, 0x07, 0xC7, 0xC0, 0x3E, 0x3E, 0x01, 0xF1, 0xF0, 0x0F, 0x8F, 0x80, 0x7C, 0x7C,
  0x03, 0xE3, 0xE0, 0x1F, 0x1F, 0x00, 0xF8, 0xF8, 0x07, 0xCF, 0x80, 0x3E, 0x7C, 0x01, 0xF7, 0xE0,
  0x0F, 0xFF, 0x00, 0x7F, 0xF0, 0x03, 0xFF, 0x80, 0x1F, 0xF8, 0x00, 0xFF, 0x80, 0x07, 0xC0, 0xFF,
  0x00, 0xFF, 0xFF, 0x00, 0xFF, 0xFF, 0x00, 0xFF, 0xFF, 0x01, 0xFF, 0xFF, 0x81, 0xFF, 0xFF, 0x81,
  0xFF, 0xFF, 0x81, 0xFF, 0xFF, 0x81, 0xFF, 0xFB, 0xC3, 0xDF, 0xFB, 0xC3, 0xDF, 0xFB, 0xC3, 0xDF,
  0xFB, 0xC3, 0xDF, 0xF9, 0xC7, 0xDF, 0xF9, 0xE7, 0x9F, 0xF9, 0xE7, 0x9F, 0xF9, 0xE7, 0x9F, 0xF9,
  0xE7, 0x9F, 0xF8, 0xFF, 0x1F, 0xF8, 0xFF, 0x1F, 0xF8, 0xFF, 0x1F, 0xF8, 0xFF, 0x1F, 0xF8, 0x7F,
  0x1F, 0xF8, 0x7E, 0x1F, 0xF8, 0x7E, 0x1F, 0xF8, 0x7E, 0x1F, 0xF8, 0x3E, 0x1F, 0xF8, 0x01, 0xFF,
  0x80, 0x1F, 0xF8, 0x01, 0xFF, 0x80, 0x1F, 0xF8, 0x01, 0xFF, 0x80, 0x1F, 0xF8, 0x01, 0xFF, 0x80,
  0x1F, 0xF8, 0x01, 0xFF, 0x80, 0x1F, 0xFF, 0xFF, 0xFF, 0xFF, 0xFF, 0xFF, 0xFF, 0xFF, 0xFF, 0xFF,
  0xF8, 0x01, 0xFF, 0x80, 0x1F, 0xF8, 0x01, 0xFF, 0x80, 0x1F, 0xF8, 0x01, 0xFF, 0x80, 0x1F, 0xF8,
  0x01, 0xFF, 0x80, 0x1F, 0xF8, 0x01, 0xFF, 0x80, 0x1F, 0xF8, 0x01, 0xFF, 0x80, 0x1F, 0x00, 0x7F,
  0x00, 0x01, 0xFF, 0xF0, 0x01, 0xFF, 0xFC, 0x03, 0xFF, 0xFF, 0x01, 0xFC, 0x1F, 0xC1, 0xF8, 0x03,
  0xF1, 0xF8, 0x00, 0xFC, 0xF8, 0x00, 0x3E, 0x7C, 0x00, 0x1F, 0x7C, 0x00, 0x07, 0xFE, 0x00, 0x03,
  0xFF, 0x00, 0x01, 0xFF, 0x80, 0x00, 0xFF, 0xC0, 0x00, 0x7F, 0xE0, 0x00, 0x3F, 0xF0, 0x00, 0x1F,
  0xF8, 0x00, 0x0F, 0xBE, 0x00, 0x0F, 0x9F, 0x00, 0x07, 0xCF, 0xC0, 0x07, 0xE3, 0xF0, 0x07, 0xE0,
  0xFE, 0x0F, 0xE0, 0x7F, 0xFF, 0xE0, 0x0F, 0xFF, 0xE0, 0x03, 0xFF, 0xE0, 0x00, 0x7F, 0x80, 0x00,
  0xFF, 0xFF, 0xFF, 0xFF, 0xFF, 0xFF, 0xFF, 0xFF, 0xFF, 0xFF, 0xF8, 0x01, 0xFF, 0x80, 0x1F, 0xF8,
  0x01, 0xFF, 0x80, 0x1F, 0xF8, 0x01, 0xFF, 0x80, 0x1F, 0xF8, 0x01, 0xFF, 0x80, 0x1F, 0xF8, 0x01,
  0xFF, 0x80, 0x1F, 0xF8, 0x01, 0xFF, 0x80, 0x1F, 0xF8, 0x01, 0xFF, 0x80, 0x1F, 0xF8, 0x01, 0xFF,
  0x80, 0x1F, 0xF8, 0x01, 0xFF, 0x80, 0x1F, 0xF8, 0x01, 0xFF, 0x80, 0x1F, 0xF8, 0x01, 0xFF, 0x80,
  0x1F, 0xFF, 0xFC, 0x1F, 0xFF, 0xE3, 0xFF, 0xFE, 0x7F, 0xFF, 0xEF, 0x80, 0xFF, 0xF0, 0x0F, 0xFE,
  0x00, 0xFF, 0xC0, 0x1F, 0xF8, 0x03, 0xFF, 0x00, 0x7F, 0xE0, 0x1F, 0xFC, 0x07, 0xEF, 0xFF, 0xFD,
  0xFF, 0xFF, 0x3F, 0xFF, 0xC7, 0xFF, 0xE0, 0xF8, 0x00, 0x1F, 0x00, 0x03, 0xE0, 0x00, 0x7C, 0x00,
  0x0F, 0x80, 0x01, 0xF0, 0x00, 0x3E, 0x00, 0x07, 0xC0, 0x00, 0xF8, 0x00, 0x1F, 0x00, 0x00, 0x00,
  0xFF, 0x00, 0x07, 0xFF, 0x80, 0x3F, 0xFF, 0xC0, 0xFF, 0xFF, 0xC3, 0xF8, 0x1F, 0x87, 0xE0, 0x1F,
  0x9F, 0x80, 0x1F, 0x3E, 0x00, 0x1F, 0x7C, 0x00, 0x3F, 0xF0, 0x00, 0x03, 0xE0, 0x00, 0x07, 0xC0,
  0x00, 0x0F, 0x80, 0x00, 0x1F, 0x00, 0x00, 0x3E, 0x00, 0x00, 0x7C, 0x00, 0x00, 0xF8, 0x00, 0x00,
  0xF8, 0x00, 0x7D, 0xF0, 0x00, 0xFB, 0xF0, 0x03, 0xF3, 0xF0, 0x0F, 0xC7, 0xF0, 0x3F, 0x87, 0xFF,
  0xFE, 0x07, 0xFF, 0xF8, 0x03, 0xFF, 0xC0, 0x01, 0xFE, 0x00, 0xFF, 0xFF, 0xFF, 0xFF, 0xFF, 0xFF,
  0xFF, 0xFF, 0xFF, 0xF0, 0x1F, 0x00, 0x03, 0xE0, 0x00, 0x7C, 0x00, 0x0F, 0x80, 0x01, 0xF0, 0x00,
  0x3E, 0x00, 0x07, 0xC0, 0x00, 0xF8, 0x00, 0x1F, 0x00, 0x03, 0xE0, 0x00, 0x7C, 0x00, 0x0F, 0x80,
  0x01, 0xF0, 0x00, 0x3E, 0x00, 0x07, 0xC0, 0x00, 0xF8, 0x00, 0x1F, 0x00, 0x03, 0xE0, 0x00, 0x7C,
  0x00, 0x0F, 0x80, 0x01, 0xF0, 0x00, 0x3E, 0x00, 0x7C, 0x00, 0x3F, 0x7E, 0x00, 0x7E, 0x3E, 0x00,
  0x7E, 0x3F, 0x00, 0xFC, 0x1F, 0x00, 0xFC, 0x1F, 0x81, 0xF8, 0x0F, 0x81, 0xF8, 0x0F, 0xC3, 0xF0,
  0x07, 0xC3, 0xF0, 0x07, 0xE7, 0xE0, 0x03, 0xE7, 0xE0, 0x03, 0xFF, 0xE0, 0x01, 0xFF, 0xC0, 0x01,
  0xFF, 0xC0, 0x01, 0xFF, 0x80, 0x00, 0xFF, 0x80, 0x00, 0xFF, 0x00, 0x00, 0x7F, 0x00, 0x00, 0x7E,
  0x00, 0x00, 0xFE, 0x00, 0x00, 0xFC, 0x00, 0x01, 0xFC, 0x00, 0x01, 0xF8, 0x00, 0x03, 0xF8, 0x00,
  0x03, 0xF0, 0x00, 0x07, 0xF0, 0x00, 0x00, 0x0F, 0x80, 0x00, 0x00, 0x3E, 0x00, 0x00, 0x00, 0xF8,
  0x00, 0x00, 0xFF, 0xFF, 0x80, 0x0F, 0xFF, 0xFF, 0xC0, 0x7F, 0xFF, 0xFF, 0x83, 0xFF, 0xFF, 0xFF,
  0x1F, 0xC3, 0xE1, 0xFE, 0x7C, 0x0F, 0x81, 0xFB, 0xF0, 0x3E, 0x03, 0xFF, 0x80, 0xF8, 0x07, 0xFE,
  0x03, 0xE0, 0x1F, 0xF8, 0x0F, 0x80, 0x7F, 0xE0, 0x3E, 0x01, 0xFF, 0x80, 0xF8, 0x07, 0xFE, 0x03,
  0xE0, 0x1F, 0x7C, 0x0F, 0x80, 0xF9, 0xF0, 0x3E, 0x07, 0xE3, 0xF0, 0xF8, 0x3F, 0x0F, 0xFF, 0xFF,
  0xF8, 0x0F, 0xFF, 0xFF, 0xC0, 0x0F, 0xFF, 0xF8, 0x00, 0x00, 0xF8, 0x00, 0x00, 0x03, 0xE0, 0x00,
  0x00, 0x0F, 0x80, 0x00, 0x00, 0x3E, 0x00, 0x00, 0x7E, 0x00, 0xFC, 0xFC, 0x07, 0xE3, 0xF0, 0x1F,
  0x87, 0xE0, 0xFC, 0x1F, 0x83, 0xE0, 0x3F, 0x1F, 0x80, 0x7C, 0xFC, 0x01, 0xFB, 0xE0, 0x03, 0xFF,
  0x80, 0x0F, 0xFC, 0x00, 0x1F, 0xF0, 0x00, 0x3F, 0x80, 0x00, 0xFC, 0x00, 0x03, 0xF8, 0x00, 0x1F,
  0xE0, 0x00, 0x7F, 0xC0, 0x03, 0xFF, 0x80, 0x0F, 0xBE, 0x00, 0x7C, 0xFC, 0x03, 0xF1, 0xF0, 0x0F,
  0x87, 0xE0, 0x7E, 0x0F, 0xC3, 0xF0, 0x3F, 0x0F, 0xC0, 0x7E, 0x7E, 0x01, 0xFD, 0xF8, 0x03, 0xF0,
  0xF8, 0x01, 0xF0, 0xF8, 0x01, 0xF0, 0xF8, 0x01, 0xF0, 0xF8, 0x01, 0xF0, 0xF8, 0x01, 0xF0, 0xF8,
  0x01, 0xF0, 0xF8, 0x01, 0xF0, 0xF8, 0x01, 0xF0, 0xF8, 0x01, 0xF0, 0xF8, 0x01, 0xF0, 0xF8, 0x01,
  0xF0, 0xF8, 0x01, 0xF0, 0xF8, 0x01, 0xF0, 0xF8, 0x01, 0xF0, 0xF8, 0x01, 0xF0, 0xF8, 0x01, 0xF0,
  0xF8, 0x01, 0xF0, 0xF8, 0x01, 0xF0, 0xF8, 0x01, 0xF0, 0xF8, 0x01, 0xF0, 0xF8, 0x01, 0xF0, 0xF8,
  0x01, 0xF0, 0xFF, 0xFF, 0xF0, 0xFF, 0xFF, 0xFF, 0xFF, 0xFF, 0xFF, 0xFF, 0xFF, 0xFF, 0x00, 0x00,
  0x1F, 0x00, 0x00, 0x1F, 0x00, 0x00, 0x1F, 0x00, 0x00, 0x1F, 0x00, 0x00, 0x1F, 0xF8, 0x01, 0xFF,
  0x80, 0x1F, 0xF8, 0x01, 0xFF, 0x80, 0x1F, 0xF8, 0x01, 0xFF, 0x80, 0x1F, 0xF8, 0x01, 0xFF, 0x80,
  0x1F, 0xF8, 0x01, 0xFF, 0x80, 0x1F, 0xF8, 0x01, 0xFF, 0x80, 0x1F, 0xF8, 0x01, 0xFF, 0xC0, 0x1F,
  0x7F, 0xFF, 0xF3, 0xFF, 0xFF, 0x1F, 0xFF, 0xF0, 0x7F, 0xFF, 0x00, 0x01, 0xF0, 0x00, 0x1F, 0x00,
  0x01, 0xF0, 0x00, 0x1F, 0x00, 0x01, 0xF0, 0x00, 0x1F, 0x00, 0x01, 0xF0, 0x00, 0x1F, 0xF8, 0x07,
  0xC0, 0x3F, 0xF0, 0x0F, 0x80, 0x7F, 0xE0, 0x1F, 0x00, 0xFF, 0xC0, 0x3E, 0x01, 0xFF, 0x80, 0x7C,
  0x03, 0xFF, 0x00, 0xF8, 0x07, 0xFE, 0x01, 0xF0, 0x0F, 0xFC, 0x03, 0xE0, 0x1F, 0xF8, 0x07, 0xC0,
  0x3F, 0xF0, 0x0F, 0x80, 0x7F, 0xE0, 0x1F, 0x00, 0xFF, 0xC0, 0x3E, 0x01, 0xFF, 0x80, 0x7C, 0x03,
  0xFF, 0x00, 0xF8, 0x07, 0xFE, 0x01, 0xF0, 0x0F, 0xFC, 0x03, 0xE0, 0x1F, 0xF8, 0x07, 0xC0, 0x3F,
  0xF0, 0x0F, 0x80, 0x7F, 0xE0, 0x1F, 0x00, 0xFF, 0xC0, 0x3E, 0x01, 0xFF, 0x80, 0x7C, 0x03, 0xFF,
  0x00, 0xF8, 0x07, 0xFF, 0xFF, 0xFF, 0xFF, 0xFF, 0xFF, 0xFF, 0xFF, 0xFF, 0xFF, 0xFF, 0xFF, 0xFF,
  0xFF, 0xFF, 0xFC, 0xF8, 0x07, 0xC0, 0x3E, 0x0F, 0x80, 0x7C, 0x03, 0xE0, 0xF8, 0x07, 0xC0, 0x3E,
  0x0F, 0x80, 0x7C, 0x03, 0xE0, 0xF8, 0x07, 0xC0, 0x3E, 0x0F, 0x80, 0x7C, 0x03, 0xE0, 0xF8, 0x07,
  0xC0, 0x3E, 0x0F, 0x80, 0x7C, 0x03, 0xE0, 0xF8, 0x07, 0xC0, 0x3E, 0x0F, 0x80, 0x7C, 0x03, 0xE0,
  0xF8, 0x07, 0xC0, 0x3E, 0x0F, 0x80, 0x7C, 0x03, 0xE0, 0xF8, 0x07, 0xC0, 0x3E, 0x0F, 0x80, 0x7C,
  0x03, 0xE0, 0xF8, 0x07, 0xC0, 0x3E, 0x0F, 0x80, 0x7C, 0x03, 0xE0, 0xF8, 0x07, 0xC0, 0x3E, 0x0F,
  0x80, 0x7C, 0x03, 0xE0, 0xF8, 0x07, 0xC0, 0x3E, 0x0F, 0x80, 0x7C, 0x03, 0xE0, 0xF8, 0x07, 0xC0,
  0x3E, 0x0F, 0x80, 0x7C, 0x03, 0xE0, 0xFF, 0xFF, 0xFF, 0xFE, 0x0F, 0xFF, 0xFF, 0xFF, 0xFF, 0xFF,
  0xFF, 0xFF, 0xFF, 0xFF, 0xFF, 0xFF, 0xFF, 0xFF, 0x00, 0x00, 0x00, 0x01, 0xF0, 0x00, 0x00, 0x00,
  0x1F, 0x00, 0x00, 0x00, 0x01, 0xF0, 0x00, 0x00, 0x00, 0x1F, 0x00, 0x00, 0x00, 0x01, 0xF0, 0xFF,
  0xF8, 0x00, 0x1F, 0xFF, 0x00, 0x03, 0xFF, 0xE0, 0x00, 0x7F, 0xFC, 0x00, 0x00, 0x0F, 0x80, 0x00,
  0x01, 0xF0, 0x00, 0x00, 0x3E, 0x00, 0x00, 0x07, 0xC0, 0x00, 0x00, 0xF8, 0x00, 0x00, 0x1F, 0x00,
  0x00, 0x03, 0xFF, 0xF0, 0x00, 0x7F, 0xFF, 0x80, 0x0F, 0xFF, 0xF8, 0x01, 0xFF, 0xFF, 0x80, 0x3E,
  0x03, 0xF0, 0x07, 0xC0, 0x3F, 0x00, 0xF8, 0x03, 0xE0, 0x1F, 0x00, 0x7C, 0x03, 0xE0, 0x0F, 0x80,
  0x7C, 0x01, 0xF0, 0x0F, 0x80, 0x7E, 0x01, 0xF0, 0x1F, 0xC0, 0x3F, 0xFF, 0xF0, 0x07, 0xFF, 0xFC,
  0x00, 0xFF, 0xFF, 0x00, 0x1F, 0xFF, 0x80, 0xF8, 0x00, 0x01, 0xFF, 0x80, 0x00, 0x1F, 0xF8, 0x00,
  0x01, 0xFF, 0x80, 0x00, 0x1F, 0xF8, 0x00, 0x01, 0xFF, 0x80, 0x00, 0x1F, 0xF8, 0x00, 0x01, 0xFF,
  0x80, 0x00, 0x1F, 0xF8, 0x00, 0x01, 0xFF, 0x80, 0x00, 0x1F, 0xFF, 0xFC, 0x01, 0xFF, 0xFF, 0xF0,
  0x1F, 0xFF, 0xFF, 0x81, 0xFF, 0xFF, 0xFC, 0x1F, 0xF8, 0x0F, 0xC1, 0xFF, 0x80, 0x7E, 0x1F, 0xF8,
  0x03, 0xE1, 0xFF, 0x80, 0x3E, 0x1F, 0xF8, 0x03, 0xE1, 0xFF, 0x80, 0x3E, 0x1F, 0xF8, 0x07, 0xE1,
  0xFF, 0x80, 0xFE, 0x1F, 0xFF, 0xFF, 0xC1, 0xFF, 0xFF, 0xF8, 0x1F, 0xFF, 0xFF, 0x01, 0xFF, 0xFF,
  0xC0, 0x1F, 0xF8, 0x00, 0x1F, 0x00, 0x03, 0xE0, 0x00, 0x7C, 0x00, 0x0F, 0x80, 0x01, 0xF0, 0x00,
  0x3E, 0x00, 0x07, 0xC0, 0x00, 0xF8, 0x00, 0x1F, 0x00, 0x03, 0xFF, 0xF0, 0x7F, 0xFF, 0x8F, 0xFF,
  0xF9, 0xFF, 0xFF, 0xBE, 0x03, 0xF7, 0xC0, 0x3F, 0xF8, 0x03, 0xFF, 0x00, 0x7F, 0xE0, 0x0F, 0xFC,
  0x01, 0xFF, 0x80, 0x7F, 0xF0, 0x1F, 0xFF, 0xFF, 0xF7, 0xFF, 0xFC, 0xFF, 0xFF, 0x1F, 0xFF, 0x80,
  0x01, 0xFC, 0x00, 0x1F, 0xFE, 0x01, 0xFF, 0xFC, 0x0F, 0xFF, 0xF8, 0x7F, 0x07, 0xF1, 0xF8, 0x0F,
  0xC7, 0xC0, 0x1F, 0xBE, 0x00, 0x3E, 0xF8, 0x00, 0xF8, 0x00, 0x01, 0xF0, 0x00, 0x07, 0xC0, 0x7F,
  0xFF, 0x01, 0xFF, 0xFC, 0x07, 0xFF, 0xF0, 0x1F, 0xFF, 0xC0, 0x00, 0x1F, 0x00, 0x00, 0x7F, 0xE0,
  0x03, 0xFF, 0x80, 0x0F, 0xBF, 0x00, 0x3E, 0x7E, 0x01, 0xF1, 0xFC, 0x1F, 0xC3, 0xFF, 0xFE, 0x07,
  0xFF, 0xF0, 0x0F, 0xFF, 0x80, 0x07, 0xF0, 0x00, 0xF8, 0x00, 0x1F, 0xC0, 0x3E, 0x00, 0x3F, 0xFC,
  0x0F, 0x80, 0x1F, 0xFF, 0x83, 0xE0, 0x0F, 0xFF, 0xF0, 0xF8, 0x07, 0xF0, 0x7E, 0x3E, 0x03, 0xF0,
  0x0F, 0xCF, 0x80, 0xF8, 0x01, 0xF3, 0xE0, 0x7E, 0x00, 0x3E, 0xF8, 0x1F, 0x00, 0x0F, 0xBE, 0x07,
  0xC0, 0x01, 0xFF, 0x83, 0xF0, 0x00, 0x7F, 0xFF, 0xFC, 0x00, 0x1F, 0xFF, 0xFE, 0x00, 0x07, 0xFF,
  0xFF, 0x80, 0x01, 0xFF, 0xFF, 0xE0, 0x00, 0x7F, 0xE0, 0xFC, 0x00, 0x1F, 0xF8, 0x3F, 0x00, 0x07,
  0xFE, 0x07, 0xC0, 0x03, 0xEF, 0x81, 0xF0, 0x00, 0xFB, 0xE0, 0x7E, 0x00, 0x7E, 0xF8, 0x0F, 0xC0,
  0x3F, 0x3E, 0x01, 0xFC, 0x1F, 0x8F, 0x80, 0x7F, 0xFF, 0xE3, 0xE0, 0x07, 0xFF, 0xF0, 0xF8, 0x00,
  0xFF, 0xF0, 0x3E, 0x00, 0x0F, 0xF0, 0x00, 0x01, 0xFF, 0xF8, 0x3F, 0xFF, 0xC3, 0xFF, 0xFE, 0x3F,
  0xFF, 0xF3, 0xF8, 0x0F, 0x9F, 0x80, 0x7C, 0xF8, 0x03, 0xE7, 0xC0, 0x1F, 0x3E, 0x00, 0xF9, 0xF0,
  0x07, 0xCF, 0xC0, 0x3E, 0x3F, 0x01, 0xF1, 0xFF, 0xFF, 0x87, 0xFF, 0xFC, 0x1F, 0xFF, 0xE0, 0x7F,
  0xFF, 0x01, 0xF8, 0xF8, 0x1F, 0xC7, 0xC0, 0xFC, 0x3E, 0x0F, 0xC1, 0xF0, 0xFC, 0x0F, 0x8F, 0xE0,
  0x7C, 0x7E, 0x03, 0xE7, 0xE0, 0x1F, 0x7E, 0x00, 0xFF, 0xF0, 0x07, 0xC0, 0x07, 0xF8, 0x07, 0xFF,
  0x83, 0xFF, 0xF1, 0xFF, 0xFE, 0x7C, 0x1F, 0xBE, 0x03, 0xE0, 0x00, 0xF8, 0x01, 0xFE, 0x0F, 0xFF,
  0x8F, 0xFF, 0xE7, 0xF8, 0xFB, 0xF0, 0x3E, 0xF8, 0x0F, 0xBE, 0x07, 0xEF, 0xC3, 0xFB, 0xFF, 0xFE,
  0x7F, 0xFF, 0x8F, 0xFB, 0xF1, 0xF8, 0xFC, 0x00, 0x03, 0xC0, 0x00, 0xF8, 0x07, 0xFF, 0x03, 0xFF,
  0xC0, 0xFF, 0xF0, 0x3F, 0xC0, 0x0F, 0x80, 0x01, 0xE0, 0x00, 0x79, 0xFC, 0x0F, 0xFF, 0xC1, 0xDF,
  0xFC, 0x7F, 0xFF, 0xCF, 0xF1, 0xFD, 0xF8, 0x0F, 0xBF, 0x01, 0xFF, 0xC0, 0x1F, 0xF8, 0x03, 0xFF,
  0x00, 0x7F, 0xE0, 0x0F, 0xFC, 0x01, 0xFF, 0xC0, 0x7E, 0xF8, 0x0F, 0x9F, 0x87, 0xF3, 0xFF, 0xFC,
  0x3F, 0xFF, 0x03, 0xFF, 0xC0, 0x1F, 0xE0, 0x00, 0xFF, 0xF8, 0xFF, 0xFC, 0xFF, 0xFE, 0xFF, 0xFF,
  0xF8, 0x1F, 0xF8, 0x1F, 0xF8, 0x1F, 0xFF, 0xFE, 0xFF, 0xFC, 0xFF, 0xFC, 0xFF, 0xFE, 0xF8, 0x1F,
  0xF8, 0x1F, 0xF8, 0x1F, 0xF8, 0x3F, 0xFF, 0xFF, 0xFF, 0xFE, 0xFF, 0xFC, 0xFF, 0xF8, 0xFF, 0xFF,
  0xFF, 0xFF, 0xFF, 0xFF, 0xF8, 0x0F, 0x80, 0xF8, 0x0F, 0x80, 0xF8, 0x0F, 0x80, 0xF8, 0x0F, 0x80,
  0xF8, 0x0F, 0x80, 0xF8, 0x0F, 0x80, 0xF8, 0x0F, 0x80, 0xF8, 0x00, 0x07, 0xFF, 0xE0, 0x1F, 0xFF,
  0x80, 0x7F, 0xFE, 0x01, 0xFF, 0xF8, 0x07, 0xC3, 0xE0, 0x1F, 0x0F, 0x80, 0x7C, 0x3E, 0x01, 0xF0,
  0xF8, 0x07, 0xC3, 0xE0, 0x1F, 0x0F, 0x80, 0x7C, 0x3E, 0x03, 0xF0, 0xF8, 0x0F, 0x83, 0xE0, 0x3E,
  0x0F, 0x81, 0xF8, 0x3E, 0x3F, 0xFF, 0xFF, 0xFF, 0xFF, 0xFF, 0xFF, 0xFF, 0xFF, 0xFF, 0xFF, 0xFC,
  0x00, 0x0F, 0xF0, 0x00, 0x3F, 0xC0, 0x00, 0xFF, 0x00, 0x03, 0xC0, 0x07, 0xE0, 0x07, 0xFE, 0x03,
  0xFF, 0xE0, 0xFF, 0xF8, 0x7E, 0x1F, 0x1F, 0x03, 0xCF, 0x80, 0xFB, 0xE0, 0x1E, 0xFF, 0xFF, 0xBF,
  0xFF, 0xEF, 0xFF, 0xFB, 0xE0, 0x00, 0xF8, 0x00, 0x3F, 0x03, 0xE7, 0xE1, 0xF9, 0xFF, 0xFC, 0x3F,
  0xFE, 0x07, 0xFF, 0x00, 0x7F, 0x00, 0x3E, 0x1F, 0x0F, 0x87, 0xC3, 0xE1, 0xF0, 0x7C, 0x7C, 0x7C,
  0x07, 0xCF, 0x9F, 0x00, 0xFD, 0xF7, 0xE0, 0x0F, 0xBE, 0xF8, 0x00, 0xFF, 0xFE, 0x00, 0x0F, 0xFF,
  0x80, 0x01, 0xFF, 0xF0, 0x00, 0x3F, 0xFE, 0x00, 0x0F, 0xFF, 0xE0, 0x03, 0xFF, 0xFE, 0x00, 0x7F,
  0xFF, 0xC0, 0x1F, 0xBE, 0xFC, 0x07, 0xE7, 0xCF, 0xC1, 0xFC, 0xF9, 0xFC, 0x3F, 0x1F, 0x1F, 0x8F,
  0xC3, 0xE1, 0xFB, 0xF8, 0x7C, 0x3F, 0x80, 0x0F, 0xF0, 0x1F, 0xFE, 0x1F, 0xFF, 0x9F, 0xFF, 0xCF,
  0xC3, 0xF7, 0xC0, 0xF8, 0x00, 0x7C, 0x00, 0x7E, 0x03, 0xFF, 0x01, 0xFF, 0x00, 0xFF, 0xC0, 0x7F,
  0xF0, 0x01, 0xFF, 0xC0, 0x7F, 0xF0, 0x7F, 0xFF, 0xFE, 0x7F, 0xFF, 0x1F, 0xFF, 0x03, 0xFE, 0x00,
  0xF8, 0x0F, 0xFE, 0x07, 0xFF, 0x81, 0xFF, 0xE0, 0xFF, 0xF8, 0x7F, 0xFE, 0x1F, 0xFF, 0x8F, 0xFF,
  0xE3, 0xFF, 0xF9, 0xF7, 0xFE, 0xFD, 0xFF, 0xBE, 0x7F, 0xFF, 0x1F, 0xFF, 0xC7, 0xFF, 0xE1, 0xFF,
  0xF8, 0x7F, 0xFC, 0x1F, 0xFE, 0x07, 0xFF, 0x81, 0xFF, 0xC0, 0x7C, 0x0C, 0x0C, 0x03, 0x87, 0x00,
  0xFF, 0x80, 0x1F, 0xE0, 0x01, 0xE0, 0x00, 0x00, 0x0F, 0x80, 0xFF, 0xE0, 0x7F, 0xF8, 0x1F, 0xFE,
  0x0F, 0xFF, 0x87, 0xFF, 0xE1, 0xFF, 0xF8, 0xFF, 0xFE, 0x3F, 0xFF, 0x9F, 0x7F, 0xEF, 0xDF, 0xFB,
  0xE7, 0xFF, 0xF1, 0xFF, 0xFC, 0x7F, 0xFE, 0x1F, 0xFF, 0x87, 0xFF, 0xC1, 0xFF, 0xE0, 0x7F, 0xF8,
  0x1F, 0xFC, 0x07, 0xC0, 0xF8, 0x3E, 0x7C, 0x3F, 0x3E, 0x1F, 0x1F, 0x1F, 0x0F, 0x9F, 0x07, 0xDF,
  0x03, 0xFF, 0x01, 0xFF, 0x00, 0xFF, 0x00, 0x7F, 0xC0, 0x3F, 0xF0, 0x1F, 0xFC, 0x0F, 0xFF, 0x07,
  0xDF, 0xC3, 0xE7, 0xE1, 0xF1, 0xF8, 0xF8, 0x7E, 0x7C, 0x1F, 0xBE, 0x0F, 0xE0, 0x3F, 0xFF, 0x9F,
  0xFF, 0xCF, 0xFF, 0xE7, 0xFF, 0xF3, 0xE0, 0xF9, 0xF0, 0x7C, 0xF8, 0x3E, 0x7C, 0x1F, 0x3E, 0x0F,
  0x9F, 0x07, 0xCF, 0x83, 0xE7, 0xC1, 0xF3, 0xE0, 0xFB, 0xE0, 0x7F, 0xF0, 0x3F, 0xF8, 0x1F, 0xF8,
  0x0F, 0xF8, 0x07, 0xF8, 0x03, 0xE0, 0xFC, 0x07, 0xFF, 0xC1, 0xFF, 0xF8, 0x3F, 0xFF, 0x07, 0xFF,
  0xE0, 0xFF, 0xFE, 0x3F, 0xFF, 0xC7, 0xFF, 0xF8, 0xFF, 0xFF, 0xBF, 0xFF, 0xF7, 0xFF, 0xEE, 0xEF,
  0xFD, 0xFD, 0xFF, 0xBF, 0xBF, 0xF3, 0xE7, 0xFE, 0x7C, 0xFF, 0xCF, 0x9F, 0xF9, 0xF3, 0xFF, 0x1C,
  0x7F, 0xE3, 0x8F, 0x80, 0xF8, 0x0F, 0xFC, 0x07, 0xFE, 0x03, 0xFF, 0x01, 0xFF, 0x80, 0xFF, 0xC0,
  0x7F, 0xE0, 0x3F, 0xF0, 0x1F, 0xFF, 0xFF, 0xFF, 0xFF, 0xFF, 0xFF, 0xFF, 0xFF, 0xFF, 0x80, 0xFF,
  0xC0, 0x7F, 0xE0, 0x3F, 0xF0, 0x1F, 0xF8, 0x0F, 0xFC, 0x07, 0xFE, 0x03, 0xE0, 0x03, 0xF8, 0x01,
  0xFF, 0xC0, 0x7F, 0xFC, 0x1F, 0xFF, 0xC7, 0xE0, 0xFC, 0xF8, 0x0F, 0xBF, 0x01, 0xFF, 0xC0, 0x1F,
  0xF8, 0x03, 0xFF, 0x00, 0x7F, 0xE0, 0x0F, 0xFC, 0x01, 0xFF, 0xC0, 0x7E, 0xF8, 0x0F, 0x9F, 0x87,
  0xF1, 0xFF, 0xFC, 0x1F, 0xFF, 0x01, 0xFF, 0xC0, 0x0F, 0xE0, 0x00, 0xFF, 0xFF, 0xFF, 0xFF, 0xFF,
  0xFF, 0xFF, 0xFF, 0xFF, 0x80, 0xFF, 0xC0, 0x7F, 0xE0, 0x3F, 0xF0, 0x1F, 0xF8, 0x0F, 0xFC, 0x07,
  0xFE, 0x03, 0xFF, 0x01, 0xFF, 0x80, 0xFF, 0xC0, 0x7F, 0xE0, 0x3F, 0xF0, 0x1F, 0xF8, 0x0F, 0xFC,
  0x07, 0xFE, 0x03, 0xE0, 0xF8, 0xF8, 0x3E, 0xFF, 0x8F, 0xFF, 0xF3, 0xFF, 0xFC, 0xFE, 0x1F, 0xBF,
  0x03, 0xEF, 0xC0, 0xFF, 0xE0, 0x1F, 0xF8, 0x07, 0xFE, 0x01, 0xFF, 0x80, 0x7F, 0xE0, 0x1F, 0xFC,
  0x0F, 0xFF, 0x03, 0xEF, 0xE1, 0xFB, 0xFF, 0xFC, 0xFF, 0xFF, 0x3E, 0xFF, 0x0F, 0x8F, 0x83, 0xE0,
  0x00, 0xF8, 0x00, 0x3E, 0x00, 0x0F, 0x80, 0x03, 0xE0, 0x00, 0xF8, 0x00, 0x3E, 0x00, 0x00, 0x03,
  0xF0, 0x07, 0xFE, 0x0F, 0xFF, 0x87, 0xFF, 0xE7, 0xE1, 0xFB, 0xE0, 0x7F, 0xE0, 0x3F, 0xF0, 0x00,
  0xF8, 0x00, 0x7C, 0x00, 0x3E, 0x00, 0x1F, 0x00, 0x0F, 0x80, 0xFB, 0xE0, 0x7D, 0xF8, 0x7E, 0x7F,
  0xFE, 0x3F, 0xFE, 0x0F, 0xFE, 0x01, 0xFC, 0x00, 0xFF, 0xFF, 0xFF, 0xFF, 0xFF, 0xFF, 0xF0, 0xF8,
  0x07, 0xC0, 0x3E, 0x01, 0xF0, 0x0F, 0x80, 0x7C, 0x03, 0xE0, 0x1F, 0x00, 0xF8, 0x07, 0xC0, 0x3E,
  0x01, 0xF0, 0x0F, 0x80, 0x7C, 0x03, 0xE0, 0x7C, 0x03, 0xEF, 0x80, 0xF9, 0xF8, 0x1F, 0x1F, 0x03,
  0xE3, 0xE0, 0xF8, 0x7C, 0x1F, 0x07, 0xC3, 0xE0, 0xF8, 0x78, 0x0F, 0x1F, 0x01, 0xF3, 0xC0, 0x3E,
  0x78, 0x03, 0xDF, 0x00, 0x7F, 0xC0, 0x0F, 0xF8, 0x00, 0xFF, 0x00, 0x1F, 0xC0, 0x01, 0xF8, 0x00,
  0x3F, 0x00, 0x07, 0xC0, 0x00, 0xF8, 0x00, 0x1E, 0x00, 0x07, 0xC0, 0x07, 0xF8, 0x00, 0xFE, 0x00,
  0x1F, 0x80, 0x03, 0xE0, 0x00, 0x00, 0x03, 0xE0, 0x00, 0x00, 0x03, 0xE0, 0x00, 0x00, 0x03, 0xE0,
  0x00, 0x00, 0x03, 0xE0, 0x00, 0x00, 0x03, 0xE0, 0x00, 0x00, 0x03, 0xE0, 0x00, 0x07, 0xE3, 0xE3,
  0xE0, 0x0F, 0xFB, 0xEF, 0xF8, 0x3F, 0xFF, 0xFF, 0xFC, 0x3F, 0xFF, 0xFF, 0xFC, 0x7F, 0x1F, 0xF8,
  0x7E, 0x7C, 0x07, 0xF0, 0x3E, 0xFC, 0x07, 0xF0, 0x3F, 0xF8, 0x03, 0xE0, 0x1F, 0xF8, 0x03, 0xE0,
  0x1F, 0xF8, 0x03, 0xE0, 0x1F, 0xF8, 0x03, 0xE0, 0x1F, 0xF8, 0x03, 0xE0, 0x1F, 0xFC, 0x07, 0xF0,
  0x3F, 0x7C, 0x07, 0xF0, 0x3E, 0x7F, 0x0F, 0xF8, 0x7E, 0x3F, 0xFF, 0xFF, 0xFC, 0x1F, 0xFF, 0xFF,
  0xFC, 0x0F, 0xFB, 0xEF, 0xF0, 0x07, 0xE3, 0xE3, 0xE0, 0x00, 0x03, 0xE0, 0x00, 0x00, 0x03, 0xE0,
  0x00, 0x00, 0x03, 0xE0, 0x00, 0x00, 0x03, 0xE0, 0x00, 0x00, 0x03, 0xE0, 0x00, 0x00, 0x03, 0xE0,
  0x00, 0x00, 0x03, 0xE0, 0x00, 0x7E, 0x0F, 0xCF, 0xC1, 0xF0, 0xFC, 0x7E, 0x0F, 0x8F, 0x81, 0xFB,
  0xE0, 0x1F, 0x7C, 0x01, 0xFF, 0x00, 0x3F, 0xC0, 0x03, 0xF8, 0x00, 0x3E, 0x00, 0x0F, 0xE0, 0x03,
  0xFE, 0x00, 0x7F, 0xC0, 0x1F, 0x7C, 0x07, 0xEF, 0xC0, 0xF8, 0xF8, 0x3F, 0x1F, 0x8F, 0xC1, 0xF9,
  0xF8, 0x3F, 0x00, 0xF8, 0x0F, 0x8F, 0x80, 0xF8, 0xF8, 0x0F, 0x8F, 0x80, 0xF8, 0xF8, 0x0F, 0x8F,
  0x80, 0xF8, 0xF8, 0x0F, 0x8F, 0x80, 0xF8, 0xF8, 0x0F, 0x8F, 0x80, 0xF8, 0xF8, 0x0F, 0x8F, 0x80,
  0xF8, 0xF8, 0x0F, 0x8F, 0x80, 0xF8, 0xF8, 0x0F, 0x8F, 0xFF, 0xFF, 0xFF, 0xFF, 0xFF, 0xFF, 0xFF,
  0xFF, 0xFF, 0xF0, 0x00, 0x0F, 0x00, 0x00, 0xF0, 0x00, 0x0F, 0x00, 0x00, 0xF0, 0xF8, 0x1F, 0xF8,
  0x1F, 0xF8, 0x1F, 0xF8, 0x1F, 0xF8, 0x1F, 0xF8, 0x1F, 0xF8, 0x1F, 0xF8, 0x1F, 0xF8, 0x1F, 0xFF,
  0xFF, 0x7F, 0xFF, 0x3F, 0xFF, 0x0F, 0xFF, 0x00, 0x1F, 0x00, 0x1F, 0x00, 0x1F, 0x00, 0x1F, 0x00,
  0x1F, 0x00, 0x1F, 0xF8, 0x1F, 0x03, 0xFF, 0x03, 0xE0, 0x7F, 0xE0, 0x7C, 0x0F, 0xFC, 0x0F, 0x81,
  0xFF, 0x81, 0xF0, 0x3F, 0xF0, 0x3E, 0x07, 0xFE, 0x07, 0xC0, 0xFF, 0xC0, 0xF8, 0x1F, 0xF8, 0x1F,
  0x03, 0xFF, 0x03, 0xE0, 0x7F, 0xE0, 0x7C, 0x0F, 0xFC, 0x0F, 0x81, 0xFF, 0x81, 0xF0, 0x3F, 0xF0,
  0x3E, 0x07, 0xFE, 0x07, 0xC0, 0xFF, 0xFF, 0xFF, 0xFF, 0xFF, 0xFF, 0xFF, 0xFF, 0xFF, 0xFF, 0xFF,
  0xFF, 0xFF, 0xFF, 0x80, 0xF8, 0x1F, 0x03, 0xE1, 0xF0, 0x3E, 0x07, 0xC3, 0xE0, 0x7C, 0x0F, 0x87,
  0xC0, 0xF8, 0x1F, 0x0F, 0x81, 0xF0, 0x3E, 0x1F, 0x03, 0xE0, 0x7C, 0x3E, 0x07, 0xC0, 0xF8, 0x7C,
  0x0F, 0x81, 0xF0, 0xF8, 0x1F, 0x03, 0xE1, 0xF0, 0x3E, 0x07, 0xC3, 0xE0, 0x7C, 0x0F, 0x87, 0xC0,
  0xF8, 0x1F, 0x0F, 0x81, 0xF0, 0x3E, 0x1F, 0x03, 0xE0, 0x7C, 0x3E, 0x07, 0xC0, 0xF8, 0x7F, 0xFF,
  0xFF, 0xFF, 0xFF, 0xFF, 0xFF, 0xFF, 0xFF, 0xFF, 0xFF, 0xFF, 0xFF, 0xFF, 0xFF, 0xF8, 0x00, 0x00,
  0x00, 0xF0, 0x00, 0x00, 0x01, 0xE0, 0x00, 0x00, 0x03, 0xC0, 0x00, 0x00, 0x07, 0x80, 0xFF, 0xC0,
  0x07, 0xFE, 0x00, 0x3F, 0xF0, 0x01, 0xFF, 0x80, 0x00, 0x7C, 0x00, 0x03, 0xE0, 0x00, 0x1F, 0xFE,
  0x00, 0xFF, 0xFC, 0x07, 0xFF, 0xF0, 0x3F, 0xFF, 0x81, 0xF0, 0x7E, 0x0F, 0x81, 0xF0, 0x7C, 0x0F,
  0x83, 0xE0, 0x7C, 0x1F, 0x07, 0xE0, 0xFF, 0xFF, 0x07, 0xFF, 0xF0, 0x3F, 0xFF, 0x01, 0xFF, 0xF0,
  0xF8, 0x00, 0x3F, 0xF0, 0x00, 0x7F, 0xE0, 0x00, 0xFF, 0xC0, 0x01, 0xFF, 0x80, 0x03, 0xFF, 0x00,
  0x07, 0xFF, 0xFC, 0x0F, 0xFF, 0xFE, 0x1F, 0xFF, 0xFE, 0x3F, 0xFF, 0xFE, 0x7F, 0xE0, 0x7E, 0xFF,
  0xC0, 0x7D, 0xFF, 0x80, 0xFB, 0xFF, 0x01, 0xF7, 0xFE, 0x07, 0xEF, 0xFF, 0xFF, 0x9F, 0xFF, 0xFF,
  0x3F, 0xFF, 0xFC, 0x7F, 0xFF, 0xE0, 0xF8, 0xF8, 0x00, 0x7C, 0x00, 0x3E, 0x00, 0x1F, 0x00, 0x0F,
  0x80, 0x07, 0xC0, 0x03, 0xFF, 0xC1, 0xFF, 0xF8, 0xFF, 0xFE, 0x7F, 0xFF, 0xBE, 0x07, 0xFF, 0x01,
  0xFF, 0x80, 0xFF, 0xC0, 0x7F, 0xE0, 0x7F, 0xFF, 0xFE, 0xFF, 0xFF, 0x7F, 0xFF, 0x3F, 0xFE, 0x00,
  0x07, 0xF0, 0x0F, 0xFE, 0x0F, 0xFF, 0x8F, 0xFF, 0xE7, 0xC3, 0xF7, 0xC0, 0xFB, 0xE0, 0x3E, 0x07,
  0xFF, 0x03, 0xFF, 0x81, 0xFF, 0xC0, 0xFF, 0xE0, 0x01, 0xFF, 0x80, 0xFF, 0xC0, 0xF9, 0xF0, 0xFC,
  0xFF, 0xFC, 0x3F, 0xFE, 0x0F, 0xFC, 0x01, 0xF8, 0x00, 0xF8, 0x03, 0xFC, 0x1F, 0x01, 0xFF, 0xE3,
  0xE0, 0x7F, 0xFE, 0x7C, 0x1F, 0xFF, 0xEF, 0x83, 0xF0, 0xFD, 0xF0, 0xFC, 0x0F, 0xBE, 0x1F, 0x00,
  0xFF, 0xFF, 0xE0, 0x1F, 0xFF, 0xFC, 0x03, 0xFF, 0xFF, 0x80, 0x7F, 0xFF, 0xF0, 0x0F, 0xFC, 0x3E,
  0x01, 0xFF, 0x87, 0xE0, 0x7F, 0xF0, 0x7C, 0x0F, 0xBE, 0x0F, 0xC3, 0xF7, 0xC0, 0xFF, 0xFC, 0xF8,
  0x1F, 0xFF, 0x9F, 0x00, 0xFF, 0xC3, 0xE0, 0x07, 0xE0, 0x00, 0x0F, 0xFF, 0xC7, 0xFF, 0xF3, 0xFF,
  0xFD, 0xFF, 0xFF, 0x7E, 0x07, 0xDF, 0x01, 0xF7, 0xC0, 0x7D, 0xF0, 0x1F, 0x3F, 0xFF, 0xCF, 0xFF,
  0xF1, 0xFF, 0xFC, 0x1F, 0xFF, 0x07, 0xE7, 0xC3, 0xF1, 0xF1, 0xFC, 0x7C, 0x7E, 0x1F, 0x3F, 0x07,
  0xDF, 0xC1, 0xF7, 0xE0, 0x7C, 0x07, 0x80, 0x00, 0xF0, 0x00, 0x1C, 0x00, 0x03, 0x80, 0x00, 0xE0,
  0x00, 0x00, 0x00, 0x00, 0x00, 0x1F, 0x80, 0x1F, 0xF8, 0x0F, 0xFF, 0x83, 0xFF, 0xE1, 0xF8, 0x7C,
  0x7C, 0x0F, 0x3E, 0x03, 0xEF, 0x80, 0x7B, 0xFF, 0xFE, 0xFF, 0xFF, 0xBF, 0xFF, 0xEF, 0x80, 0x03,
  0xE0, 0x00, 0xFC, 0x0F, 0x9F, 0x87, 0xE7, 0xFF, 0xF0, 0xFF, 0xF8, 0x1F, 0xFC, 0x01, 0xFC, 0x00,
  0x0F, 0x3C, 0x03, 0xCF, 0x00, 0xF3, 0xC0, 0x3C, 0xF0, 0x00, 0x00, 0x00, 0x00, 0x00, 0x7E, 0x00,
  0x7F, 0xE0, 0x3F, 0xFE, 0x0F, 0xFF, 0x87, 0xE1, 0xF1, 0xF0, 0x3C, 0xF8, 0x0F, 0xBE, 0x01, 0xEF,
  0xFF, 0xFB, 0xFF, 0xFE, 0xFF, 0xFF, 0xBE, 0x00, 0x0F, 0x80, 0x03, 0xF0, 0x3E, 0x7E, 0x1F, 0x9F,
  0xFF, 0xC3, 0xFF, 0xE0, 0x7F, 0xF0, 0x07, 0xF0, 0x00, 0x3E, 0x00, 0x07, 0xC0, 0x03, 0xFF, 0xC0,
  0x7F, 0xF8, 0x0F, 0xFF, 0x00, 0x7C, 0x00, 0x0F, 0x80, 0x01, 0xF1, 0xF0, 0x3E, 0xFF, 0x87, 0xFF,
  0xF8, 0xFF, 0xFF, 0x1F, 0xC3, 0xF3, 0xF0, 0x3E, 0x7C, 0x07, 0xCF, 0x80, 0xF9, 0xF0, 0x1F, 0x3E,
  0x03, 0xE7, 0xC0, 0x7C, 0xF8, 0x0F, 0x9F, 0x01, 0xF3, 0xE0, 0x3E, 0x7C, 0x07, 0xCF, 0x80, 0xF9,
  0xF0, 0x1F, 0x3E, 0x03, 0xC7, 0xC0, 0xF8, 0x00, 0x1E, 0x00, 0x07, 0xC0, 0x00, 0xF0, 0x00, 0x78,
  0x00, 0x1E, 0x00, 0x03, 0x00, 0x01, 0xE0, 0x3C, 0x03, 0x80, 0x78, 0x07, 0x00, 0x00, 0x00, 0x0F,
  0xFF, 0xFF, 0xFF, 0xFF, 0xFF, 0xFF, 0x80, 0xF8, 0x0F, 0x80, 0xF8, 0x0F, 0x80, 0xF8, 0x0F, 0x80,
  0xF8, 0x0F, 0x80, 0xF8, 0x0F, 0x80, 0xF8, 0x0F, 0x80, 0xF8, 0x0F, 0x80, 0x07, 0xF0, 0x0F, 0xFE,
  0x0F, 0xFF, 0x8F, 0xFF, 0xE7, 0xE1, 0xF7, 0xE0, 0x7F, 0xE0, 0x3F, 0xFF, 0xC0, 0xFF, 0xE0, 0x7F,
  0xF0, 0x3F, 0xF8, 0x1F, 0x00, 0x0F, 0x80, 0xFB, 0xE0, 0x7D, 0xF8, 0x7C, 0x7F, 0xFE, 0x3F, 0xFE,
  0x0F, 0xFE, 0x00, 0xFC, 0x00, 0x0F, 0xE0, 0x3F, 0xF8, 0x7F, 0xFC, 0x7F, 0xFE, 0xFC, 0x3E, 0xF8,
  0x1F, 0xFC, 0x00, 0xFF, 0x80, 0x7F, 0xF8, 0x7F, 0xFE, 0x1F, 0xFF, 0x03, 0xFF, 0x00, 0x3F, 0xF0,
  0x1F, 0xF8, 0x3F, 0xFF, 0xFE, 0x7F, 0xFE, 0x3F, 0xFC, 0x0F, 0xF0, 0xFF, 0xFF, 0xF0, 0x00, 0x1F,
  0xFF, 0xFF, 0xFF, 0xFF, 0xFF, 0xFF, 0xFF, 0xFF, 0xFF, 0xFF, 0xFF, 0xC0, 0xF1, 0xFE, 0x3F, 0xC7,
  0xF8, 0xF0, 0x00, 0x00, 0x0F, 0x81, 0xF0, 0x3E, 0x07, 0xC0, 0xF8, 0x1F, 0x03, 0xE0, 0x7C, 0x0F,
  0x81, 0xF0, 0x3E, 0x07, 0xC0, 0xF8, 0x1F, 0x03, 0xE0, 0x7C, 0x0F, 0x81, 0xF0, 0x3E, 0x00, 0x3E,
  0x7C, 0xF9, 0xF0, 0x00, 0x00, 0x1F, 0x3E, 0x7C, 0xF9, 0xF3, 0xE7, 0xCF, 0x9F, 0x3E, 0x7C, 0xF9,
  0xF3, 0xE7, 0xCF, 0x9F, 0x3E, 0x7C, 0xF9, 0xF3, 0xFF, 0xFF, 0xFE, 0xF8, 0x3F, 0xFF, 0xC0, 0x01,
  0xFF, 0xFE, 0x00, 0x0F, 0xFF, 0xF0, 0x00, 0x7F, 0xFF, 0x80, 0x03, 0xE0, 0x7C, 0x00, 0x1F, 0x03,
  0xE0, 0x00, 0xF8, 0x1F, 0x00, 0x07, 0xC0, 0xF8, 0x00, 0x3E, 0x07, 0xFF, 0x81, 0xF0, 0x3F, 0xFF,
  0x0F, 0x81, 0xFF, 0xFC, 0x7C, 0x0F, 0xFF, 0xF7, 0xC0, 0x7C, 0x0F, 0xBE, 0x03, 0xE0, 0x3F, 0xF0,
  0x1F, 0x01, 0xFF, 0x80, 0xFF, 0xFF, 0xF8, 0x07, 0xFF, 0xF7, 0x80, 0x3F, 0xFF, 0xB8, 0x01, 0xFF,
  0xF0, 0xF8, 0x0F, 0x80, 0x0F, 0x80, 0xF8, 0x00, 0xF8, 0x0F, 0x80, 0x0F, 0x80, 0xF8, 0x00, 0xF8,
  0x0F, 0x80, 0x0F, 0x80, 0xF8, 0x00, 0xF8, 0x0F, 0x80, 0x0F, 0x80, 0xF8, 0x00, 0xFF, 0xFF, 0xFF,
  0x0F, 0xFF, 0xFF, 0xFC, 0xFF, 0xFF, 0xFF, 0xEF, 0xFF, 0xFF, 0xFF, 0xF8, 0x0F, 0x81, 0xFF, 0x80,
  0xF8, 0x0F, 0xF8, 0x0F, 0x81, 0xFF, 0x80, 0xFF, 0xFF, 0xF8, 0x0F, 0xFF, 0xEF, 0x80, 0xFF, 0xFE,
  0xF8, 0x0F, 0xFF, 0x80, 0x3E, 0x00, 0x07, 0xC0, 0x03, 0xFF, 0xC0, 0x7F, 0xF8, 0x0F, 0xFF, 0x00,
  0x7C, 0x00, 0x0F, 0x80, 0x01, 0xF1, 0xF0, 0x3E, 0xFF, 0x87, 0xFF, 0xF8, 0xFF, 0xFF, 0x1F, 0xC3,
  0xF3, 0xF0, 0x3E, 0x7C, 0x07, 0xCF, 0x80, 0xF9, 0xF0, 0x1F, 0x3E, 0x03, 0xE7, 0xC0, 0x7C, 0xF8,
  0x0F, 0x9F, 0x01, 0xF3, 0xE0, 0x3E, 0x7C, 0x07, 0xCF, 0x80, 0xF9, 0xF0, 0x1F, 0x3E, 0x03, 0xE7,
  0xC0, 0x7C, 0x00, 0xF8, 0x00, 0x78, 0x00, 0x78, 0x00, 0x38, 0x00, 0x38, 0x00, 0x00, 0x00, 0x00,
  0x01, 0xF0, 0x7C, 0xF8, 0x7E, 0x7C, 0x3E, 0x3E, 0x3E, 0x1F, 0x3E, 0x0F, 0xBE, 0x07, 0xFE, 0x03,
  0xFE, 0x01, 0xFE, 0x00, 0xFF, 0x80, 0x7F, 0xE0, 0x3F, 0xF8, 0x1F, 0xFE, 0x0F, 0xBF, 0x87, 0xCF,
  0xC3, 0xE3, 0xF1, 0xF0, 0xFC, 0xF8, 0x3F, 0x7C, 0x1F, 0xC0, 0x07, 0x80, 0x01, 0xE0, 0x00, 0x3C,
  0x00, 0x07, 0x00, 0x00, 0xE0, 0x00, 0x00, 0x00, 0x00, 0x03, 0xE0, 0x3F, 0xF8, 0x1F, 0xFE, 0x07,
  0xFF, 0x83, 0xFF, 0xE1, 0xFF, 0xF8, 0x7F, 0xFE, 0x3F, 0xFF, 0x8F, 0xFF, 0xE7, 0xDF, 0xFB, 0xF7,
  0xFE, 0xF9, 0xFF, 0xFC, 0x7F, 0xFF, 0x1F, 0xFF, 0x87, 0xFF, 0xE1, 0xFF, 0xF0, 0x7F, 0xF8, 0x1F,
  0xFE, 0x07, 0xFF, 0x01, 0xF0, 0x07, 0x06, 0x00, 0x71, 0xC0, 0x0F, 0xF8, 0x00, 0xFE, 0x00, 0x0F,
  0x80, 0x00, 0x00, 0x1F, 0x00, 0xFB, 0xE0, 0x3E, 0x7E, 0x07, 0xC7, 0xC0, 0xF8, 0xF8, 0x3E, 0x1F,
  0x07, 0xC1, 0xF0, 0xF8, 0x3E, 0x1E, 0x03, 0xC7, 0xC0, 0x7C, 0xF0, 0x0F, 0x9E, 0x00, 0xF7, 0xC0,
  0x1F, 0xF0, 0x03, 0xFE, 0x00, 0x3F, 0xC0, 0x07, 0xF0, 0x00, 0x7E, 0x00, 0x0F, 0xC0, 0x01, 0xF0,
  0x00, 0x3E, 0x00, 0x07, 0x80, 0x01, 0xF0, 0x01, 0xFE, 0x00, 0x3F, 0x80, 0x07, 0xE0, 0x00, 0xF8,
  0x00, 0xF8, 0x0F, 0xFC, 0x07, 0xFE, 0x03, 0xFF, 0x01, 0xFF, 0x80, 0xFF, 0xC0, 0x7F, 0xE0, 0x3F,
  0xF0, 0x1F, 0xF8, 0x0F, 0xFC, 0x07, 0xFE, 0x03, 0xFF, 0x01, 0xFF, 0x80, 0xFF, 0xC0, 0x7F, 0xE0,
  0x3F, 0xFF, 0xFF, 0xFF, 0xFF, 0xFF, 0xFF, 0xFF, 0xFF, 0xE0, 0x3C, 0x00, 0x1E, 0x00, 0x0F, 0x00,
  0x07, 0x80, 0xFF, 0xFF, 0xFF, 0xFF, 0xFF, 0xFF, 0xFF, 0xFF, 0xFF, 0xFF, 0xFF, 0xFF, 0xFF, 0xFF,
  0xFF, 0xFF, 0xFF, 0xFF, 0xF0, 0xFF, 0xFF, 0xFF, 0xFF, 0xFF, 0xFF, 0xFF, 0xFF, 0xFF, 0xFF, 0xFF,
  0xFF, 0xFF, 0xFF, 0xFF, 0xFF, 0xFF, 0xFF, 0xFF, 0xFF, 0xFF, 0xFF, 0xFF, 0xFF, 0xF0, 0xFF, 0xFF,
  0xFF, 0xFF, 0xFF, 0xFF, 0xFF, 0xFF, 0xFF, 0xFF, 0xFF, 0xFF, 0xFF, 0xFF, 0xFF, 0xFF, 0xF0, 0xE3,
  0xF1, 0xF8, 0xFC, 0x7E, 0x3F, 0x1F, 0x8F, 0xC7, 0xE3, 0xF1, 0xF8, 0xFC, 0x7E, 0x3F, 0x1F, 0x8F,
  0xC7, 0xE3, 0xF1, 0xF8, 0xFC, 0x7E, 0x3F, 0x1F, 0x8F, 0xC7, 0xE3, 0xF1, 0xF8, 0xFC, 0x7E, 0x3F,
  0x1F, 0x8F, 0xC7, 0xE3, 0x80, 0xFF, 0xFF, 0xFF, 0xFF, 0xFF, 0xFF, 0xFC, 0x00, 0x00, 0xFF, 0xFF,
  0xFF, 0xFF, 0xFF, 0xFF, 0xFF, 0xFF, 0xFF, 0x36, 0x4C, 0xCF, 0xFF, 0xF0, 0xFF, 0xFF, 0x33, 0x26,
  0xC0, 0xFF, 0xFF, 0x33, 0x66, 0x80, 0xFF, 0xFF, 0xCC, 0x46, 0x30, 0x30, 0x6C, 0x1B, 0x02, 0x60,
  0xCC, 0x19, 0xE3, 0xFC, 0x7F, 0x8F, 0xF1, 0xE0, 0xF1, 0xFE, 0x3F, 0xC7, 0xF8, 0xF3, 0x06, 0xC0,
  0xD8, 0x32, 0x06, 0x81, 0x80, 0xF1, 0xFE, 0x3F, 0xC7, 0xF8, 0xF3, 0x06, 0xC0, 0xD8, 0x32, 0x06,
  0x81, 0x80, 0xF1, 0xFE, 0x3F, 0xC7, 0xF8, 0xFC, 0x19, 0x83, 0x30, 0x23, 0x06, 0x30, 0x60, 0x07,
  0xC0, 0x0F, 0x80, 0x1F, 0x00, 0x3E, 0x00, 0x7C, 0x00, 0xF8, 0x01, 0xF0, 0x03, 0xE0, 0xFF, 0xFF,
  0xFF, 0xFF, 0xFF, 0xFF, 0xFF, 0xF0, 0x7C, 0x00, 0xF8, 0x01, 0xF0, 0x03, 0xE0, 0x07, 0xC0, 0x0F,
  0x80, 0x1F, 0x00, 0x3E, 0x00, 0x7C, 0x00, 0xF8, 0x01, 0xF0, 0x03, 0xE0, 0x07, 0xC0, 0x0F, 0x80,
  0x1F, 0x00, 0x3E, 0x00, 0x7C, 0x00, 0xF8, 0x01, 0xF0, 0x00, 0x07, 0xC0, 0x0F, 0x80, 0x1F, 0x00,
  0x3E, 0x00, 0x7C, 0x00, 0xF8, 0x01, 0xF0, 0x03, 0xE0, 0xFF, 0xFF, 0xFF, 0xFF, 0xFF, 0xFF, 0xFF,
  0xF0, 0x7C, 0x00, 0xF8, 0x01, 0xF0, 0x03, 0xE0, 0x07, 0xC0, 0x0F, 0x80, 0x1F, 0x00, 0x3E, 0x0F,
  0xFF, 0xFF, 0xFF, 0xFF, 0xFF, 0xFF, 0xFF, 0x07, 0xC0, 0x0F, 0x80, 0x1F, 0x00, 0x3E, 0x00, 0x7C,
  0x00, 0xF8, 0x01, 0xF0, 0x00, 0x0F, 0x03, 0xFC, 0x7F, 0xE7, 0xFE, 0xFF, 0xFF, 0xFF, 0xFF, 0xFF,
  0xFF, 0xFF, 0xF7, 0xFE, 0x7F, 0xE3, 0xFC, 0x0F, 0x00, 0x00, 0x1C, 0x03, 0xE0, 0x7E, 0x0F, 0xF1,
  0xFF, 0xBF, 0xFF, 0xFF, 0xFF, 0x9F, 0xC3, 0xE0, 0x78, 0x0C, 0x00, 0xFF, 0xFF, 0xFF, 0x80, 0xF8,
  0xFF, 0xC7, 0xFE, 0x3F, 0xF1, 0xFF, 0x8F, 0x80, 0xF8, 0xF8, 0x7F, 0xE3, 0xE1, 0xFF, 0x8F, 0x87,
  0xFE, 0x3E, 0x1F, 0xF8, 0xF8, 0x7C, 0xFF, 0xFF, 0x1F, 0x00, 0x70, 0x00, 0x07, 0xF0, 0x0C, 0x00,
  0x01, 0xFF, 0x03, 0x00, 0x00, 0x78, 0xF0, 0xE0, 0x00, 0x0E, 0x0E, 0x18, 0x00, 0x01, 0xC1, 0xC7,
  0x00, 0x00, 0x3C, 0x78, 0xC0, 0x00, 0x03, 0xFE, 0x38, 0x00, 0x00, 0x3F, 0x8E, 0x00, 0x00, 0x03,
  0xE1, 0x80, 0x00, 0x00, 0x00, 0x70, 0x00, 0x00, 0x00, 0x0C, 0x00, 0x00, 0x00, 0x03, 0x80, 0x00,
  0x00, 0x00, 0x60, 0x00, 0x00, 0x00, 0x18, 0x00, 0x00, 0x00, 0x07, 0x00, 0x00, 0x00, 0x00, 0xC3,
  0xE0, 0x1F, 0x00, 0x38, 0xFE, 0x07, 0xF0, 0x06, 0x3F, 0xE1, 0xFF, 0x01, 0xCF, 0x1E, 0x78, 0xF0,
  0x31, 0xC1, 0xCE, 0x0E, 0x0C, 0x38, 0x39, 0xC1, 0xC3, 0x87, 0x8F, 0x3C, 0x78, 0x60, 0x7F, 0xC3,
  0xFE, 0x1C, 0x07, 0xF0, 0x3F, 0x83, 0x00, 0x7C, 0x03, 0xE0, 0x1F, 0x00, 0x70, 0x00, 0x00, 0x00,
  0x3F, 0x80, 0x60, 0x00, 0x00, 0x00, 0x7F, 0xC0, 0xC0, 0x00, 0x00, 0x00, 0xF1, 0xE1, 0xC0, 0x00,
  0x00, 0x00, 0xE0, 0xE1, 0x80, 0x00, 0x00, 0x00, 0xE0, 0xE3, 0x80, 0x00, 0x00, 0x00, 0xF1, 0xE3,
  0x00, 0x00, 0x00, 0x00, 0x7F, 0xC7, 0x00, 0x00, 0x00, 0x00, 0x3F, 0x8E, 0x00, 0x00, 0x00, 0x00,
  0x1F, 0x0C, 0x00, 0x00, 0x00, 0x00, 0x00, 0x1C, 0x00, 0x00, 0x00, 0x00, 0x00, 0x18, 0x00, 0x00,
  0x00, 0x00, 0x00, 0x38, 0x00, 0x00, 0x00, 0x00, 0x00, 0x30, 0x00, 0x00, 0x00, 0x00, 0x00, 0x60,
  0x00, 0x00, 0x00, 0x00, 0x00, 0xE0, 0x00, 0x00, 0x00, 0x00, 0x00, 0xC3, 0xE0, 0x1F, 0x00, 0xF8,
  0x01, 0xC7, 0xF0, 0x3F, 0x81, 0xFC, 0x01, 0x8F, 0xF8, 0x7F, 0xC3, 0xFE, 0x03, 0x9E, 0x3C, 0xF1,
  0xE7, 0x8F, 0x03, 0x1C, 0x1C, 0xE0, 0xE7, 0x07, 0x06, 0x1C, 0x1C, 0xE0, 0xE7, 0x07, 0x0E, 0x1E,
  0x3C, 0xF1, 0xE7, 0x8F, 0x0C, 0x0F, 0xF8, 0x7F, 0xC3, 0xFE, 0x1C, 0x07, 0xF0, 0x3F, 0x81, 0xFC,
  0x18, 0x03, 0xE0, 0x1F, 0x00, 0xF8, 0x63, 0xFF, 0xFF, 0x7B, 0xDC, 0xE6, 0x00, 0x60, 0x87, 0x9F,
  0xF9, 0xFF, 0x9E, 0xF1, 0xEF, 0x1E, 0xF1, 0xCE, 0x1C, 0xE1, 0x8C, 0x18, 0x61, 0x83, 0x1E, 0x78,
  0xFF, 0x9E, 0x3F, 0xE7, 0x9F, 0xF3, 0xE7, 0xFC, 0xF9, 0xEF, 0x1C, 0x7B, 0x87, 0x1C, 0xE1, 0x87,
  0x30, 0x61, 0x80, 0x37, 0xBF, 0xF7, 0xBD, 0xE7, 0x38, 0xC0, 0x30, 0x5E, 0x7F, 0xE7, 0xFC, 0xF7,
  0x9E, 0xF3, 0xDE, 0x39, 0xC7, 0x38, 0x63, 0x0C, 0x30, 0x61, 0xBC, 0xF9, 0xEF, 0x9E, 0x7B, 0xE7,
  0x9F, 0x79, 0xE7, 0xDE, 0x78, 0xF7, 0x8E, 0x3C, 0xE3, 0x87, 0x38, 0x61, 0xC6, 0x18, 0x20, 0x00,
  0x00, 0x01, 0x80, 0x03, 0x80, 0x03, 0xC0, 0x07, 0xE0, 0x07, 0xE0, 0x0F, 0xF0, 0x1E, 0xF0, 0x1E,
  0x78, 0x3C, 0x3C, 0x7C, 0x3C, 0x78, 0x1E, 0xF0, 0x1E, 0x00, 0x46, 0x77, 0xFB, 0x98, 0xE7, 0x9E,
  0x71, 0x84, 0x04, 0x31, 0xCF, 0x3C, 0xE3, 0x3B, 0xFD, 0xCC, 0x40, 0x00, 0x3F, 0x80, 0x3F, 0xFC,
  0x0F, 0xFF, 0x83, 0xFF, 0xF0, 0xFE, 0x0C, 0x1F, 0x80, 0x07, 0xE0, 0x00, 0xF8, 0x00, 0x1F, 0x00,
  0x07, 0xC0, 0x03, 0xFF, 0xFC, 0x7F, 0xFF, 0x83, 0xE0, 0x00, 0x7C, 0x00, 0x3F, 0xFF, 0x07, 0xFF,
  0xE0, 0x3F, 0x00, 0x03, 0xE0, 0x00, 0x7C, 0x00, 0x0F, 0xC0, 0x00, 0xFC, 0x04, 0x1F, 0xC1, 0x81,
  0xFF, 0xF0, 0x1F, 0xFE, 0x00, 0xFF, 0xC0, 0x07, 0xF0, 0xFF, 0xF3, 0xE0, 0x7F, 0xFF, 0xCF, 0xC1,
  0xFF, 0xFF, 0x3F, 0x07, 0xC1, 0xC0, 0xEC, 0x1F, 0x07, 0x03, 0xB0, 0xFC, 0x1C, 0x0E, 0xE3, 0xF0,
  0x70, 0x3B, 0x8D, 0xC1, 0xC0, 0xE6, 0x37, 0x07, 0x03, 0x99, 0xDC, 0x1C, 0x0E, 0x77, 0x70, 0x70,
  0x39, 0xDD, 0xC1, 0xC0, 0xE3, 0x67, 0x07, 0x03, 0x8F, 0x9C, 0x1C, 0x0E, 0x3E, 0x70, 0x70, 0x38,
  0xF9, 0xC0, 0x00, 0x00, 0x00, 0x00, 0x00, 0x18, 0x00, 0x00, 0x00, 0x70, 0x00, 0x00, 0x03, 0xE0,
  0x00, 0x00, 0x0F, 0x80, 0x00, 0x00, 0x7E, 0x00, 0x00, 0x03, 0xF0, 0x00, 0x00, 0x0F, 0x80, 0x00,
  0x00, 0x7F, 0xFF, 0xFF, 0xFF, 0xFF, 0xFF, 0xFF, 0xFD, 0xFF, 0xFF, 0xFF, 0xF8, 0xF8, 0x00, 0x00,
  0x00, 0xFC, 0x00, 0x00, 0x00, 0x7E, 0x00, 0x00, 0x00, 0x3E, 0x00, 0x00, 0x00, 0x3E, 0x00, 0x00,
  0x00, 0x1C, 0x00, 0x00, 0x00, 0x18, 0x00, 0x00, 0x00, 0x00, 0x00, 0x00, 0x00, 0x40, 0x00, 0x30,
  0x00, 0x1E, 0x00, 0x07, 0xC0, 0x03, 0xF0, 0x00, 0xFE, 0x00, 0x7F, 0xC0, 0x3F, 0xF0, 0x0E, 0xFE,
  0x07, 0xBB, 0x83, 0xCE, 0x70, 0xE3, 0x9E, 0x78, 0xE3, 0x9C, 0x38, 0xF0, 0x0E, 0x00, 0x03, 0x80,
  0x00, 0xE0, 0x00, 0x38, 0x00, 0x0E, 0x00, 0x03, 0x80, 0x00, 0xE0, 0x00, 0x38, 0x00, 0x0E, 0x00,
  0x03, 0x80, 0x00, 0xE0, 0x00, 0x38, 0x00, 0x0E, 0x00, 0x03, 0x80, 0x00, 0xE0, 0x00, 0x38, 0x00,
  0x0E, 0x00, 0x00, 0x00, 0x00, 0x00, 0x00, 0x00, 0x60, 0x00, 0x00, 0x00, 0xE0, 0x00, 0x00, 0x01,
  0xF0, 0x00, 0x00, 0x01, 0xF8, 0x00, 0x00, 0x01, 0xF8, 0x00, 0x00, 0x00, 0xFC, 0x00, 0x00, 0x00,
  0x7E, 0xFF, 0xFF, 0xFF, 0xFF, 0xFF, 0xFF, 0xFF, 0xFF, 0xFF, 0xFF, 0xFF, 0xF0, 0x00, 0x00, 0x0F,
  0xC0, 0x00, 0x00, 0x7E, 0x00, 0x00, 0x01, 0xF0, 0x00, 0x00, 0x0F, 0xC0, 0x00, 0x00, 0x1E, 0x00,
  0x00, 0x00, 0x38, 0x00, 0x00, 0x00, 0x40, 0x00, 0x00, 0xE0, 0x00, 0x1C, 0x00, 0x03, 0x80, 0x00,
  0x70, 0x00, 0x0E, 0x00, 0x01, 0xC0, 0x00, 0x38, 0x00, 0x07, 0x00, 0x00, 0xE0, 0x00, 0x1C, 0x00,
  0x03, 0x80, 0x00, 0x70, 0x00, 0x0E, 0x00, 0x01, 0xC0, 0x00, 0x38, 0x00, 0x07, 0x00, 0x00, 0xE0,
  0x1E, 0x1C, 0x3D, 0xE3, 0x8F, 0x1C, 0x71, 0xC3, 0xCE, 0x78, 0x39, 0xCE, 0x03, 0xBB, 0xC0, 0x7F,
  0xF0, 0x07, 0xFC, 0x00, 0xFF, 0x80, 0x0F, 0xE0, 0x00, 0xF8, 0x00, 0x1F, 0x00, 0x01, 0xC0, 0x00,
  0x18, 0x00, 0x00, 0x00, 0x00, 0x00, 0x00, 0x01, 0x80, 0x80, 0x00, 0x00, 0x70, 0x1C, 0x00, 0x00,
  0x3E, 0x03, 0xE0, 0x00, 0x0F, 0x80, 0x7E, 0x00, 0x07, 0xE0, 0x03, 0xF0, 0x03, 0xF0, 0x00, 0x1F,
  0x80, 0xF8, 0x00, 0x01, 0xF8, 0x7F, 0xFF, 0xFF, 0xFF, 0xDF, 0xFF, 0xFF, 0xFF, 0xFD, 0xFF, 0xFF,
  0xFF, 0xFF, 0x0F, 0x80, 0x00, 0x1F, 0x80, 0xFC, 0x00, 0x07, 0xC0, 0x07, 0xE0, 0x03, 0xF0, 0x00,
  0x3E, 0x01, 0xF8, 0x00, 0x03, 0xE0, 0x3E, 0x00, 0x00, 0x1C, 0x07, 0x00, 0x00, 0x01, 0x80, 0x80,
  0x00, 0x00, 0x00, 0x00, 0x00, 0x00, 0x00, 0xC0, 0x00, 0x30, 0x00, 0x1E, 0x00, 0x0F, 0x80, 0x03,
  0xF0, 0x01, 0xFE, 0x00, 0xFF, 0x80, 0x3F, 0xF0, 0x1F, 0xDE, 0x07, 0x73, 0x83, 0xDC, 0xF1, 0xE7,
  0x1C, 0x71, 0xC7, 0xBC, 0x70, 0xF0, 0x1C, 0x00, 0x07, 0x00, 0x01, 0xC0, 0x00, 0x70, 0x00, 0x1C,
  0x00, 0x07, 0x00, 0xE1, 0xC3, 0xFC, 0x70, 0xE7, 0x9C, 0x78, 0xE7, 0x1C, 0x3D, 0xCF, 0x07, 0x77,
  0x80, 0xFD, 0xC0, 0x3F, 0xF0, 0x07, 0xF8, 0x01, 0xFC, 0x00, 0x3F, 0x00, 0x07, 0x80, 0x01, 0xE0,
  0x00, 0x30, 0x00, 0xFF, 0xFF, 0xFF, 0xFF, 0xFF, 0xFF, 0xFF, 0xFF, 0xF0, 0x1F, 0x00, 0xF8, 0xFF,
  0x87, 0xF9, 0xFF, 0xBF, 0xF7, 0x8F, 0xF8, 0xFE, 0x07, 0xC0, 0xFC, 0x0F, 0x81, 0xFC, 0x7F, 0xC7,
  0xBF, 0xF7, 0xFE, 0x3F, 0x83, 0xFC, 0x3E, 0x01, 0xF0, 0x1E, 0x00, 0x1F, 0xE0, 0x07, 0xFC, 0x1F,
  0xFF, 0x8F, 0xF3, 0xFF, 0xB8, 0x3F, 0xE0, 0x07, 0xF0, 0x00, 0x78, 0x1E, 0x00, 0x0F, 0xE0, 0x07,
  0xFC, 0x1F, 0xFF, 0x8F, 0xF1, 0xFF, 0xB8, 0x3F, 0xE0, 0x07, 0xF0, 0x00, 0x78, 0x00, 0x07, 0x00,
  0x07, 0x00, 0x03, 0x80, 0x03, 0x80, 0x01, 0xC7, 0xFF, 0xFF, 0xFF, 0xFF, 0xFF, 0xFF, 0xFF, 0xFF,
  0x80, 0x70, 0x00, 0x70, 0x00, 0x78, 0x00, 0x38, 0x07, 0xFF, 0xFF, 0xFF, 0xFF, 0xFF, 0xFF, 0xFF,
  0xFF, 0x8E, 0x00, 0x0F, 0x00, 0x07, 0x00, 0x07, 0x00, 0x00, 0xFF, 0xFF, 0xFF, 0xFF, 0xFF, 0xFF,
  0xFF, 0xFF, 0xF0, 0x00, 0x00, 0x00, 0x00, 0x00, 0x01, 0xFF, 0xFF, 0xFF, 0xFF, 0xFF, 0xFF, 0xFF,
  0xFF, 0xE0, 0x00, 0x00, 0x00, 0x07, 0xFF, 0xFF, 0xFF, 0xFF, 0xFF, 0xFF, 0xFF, 0xFF, 0x80, 0xFF,
  0xFF, 0xFF, 0xFF, 0xFF, 0xFF, 0xFF, 0xFF, 0xF0, 0x00, 0x00, 0x00, 0x03, 0xFF, 0xFF, 0xFF, 0xFF,
  0xFF, 0xFF, 0xFF, 0xFF, 0xC0, 0x00, 0x00, 0x00, 0x00, 0x00, 0x07, 0xFF, 0xFF, 0xFF, 0xFF, 0xFF,
  0xFF, 0xFF, 0xFF, 0x80, 0x00, 0x00, 0x00, 0x1F, 0xFF, 0xFF, 0xFF, 0xFF, 0xFF, 0xFF, 0xFF, 0xFE,
  0x00, 0x00, 0x80, 0x03, 0xC0, 0x0F, 0xE0, 0x1F, 0xF0, 0x7F, 0xE1, 0xFF, 0x83, 0xFE, 0x01, 0xF8,
  0x00, 0xF0, 0x00, 0x7E, 0x00, 0x3F, 0xE0, 0x07, 0xFE, 0x00, 0x7F, 0xE0, 0x0F, 0xFC, 0x00, 0xFE,
  0x00, 0x0F, 0x00, 0x01, 0x80, 0x00, 0x00, 0x00, 0x1F, 0xFF, 0xFF, 0xFF, 0xFF, 0xFF, 0xFF, 0xFF,
  0xFE, 0x80, 0x00, 0x78, 0x00, 0x3F, 0x00, 0x1F, 0xF0, 0x07, 0xFF, 0x00, 0x7F, 0xE0, 0x07, 0xFE,
  0x00, 0x7F, 0x00, 0x07, 0x80, 0x1F, 0xC0, 0x7F, 0xE0, 0xFF, 0xC3, 0xFF, 0x07, 0xFC, 0x03, 0xF8,
  0x01, 0xE0, 0x00, 0x80, 0x00, 0x00, 0x00, 0x00, 0x00, 0x1F, 0xFF, 0xFF, 0xFF, 0xFF, 0xFF, 0xFF,
  0xFF, 0xFE,
};

static const lgfx::GFXglyph ObSansBold18Glyphs[] PROGMEM = {
  {0, 1, 1, 10, 0, 0},  // U+0020
  {1, 5, 25, 12, 4, -24},  // U+0021
  {17, 13, 9, 17, 2, -25},  // U+0022
  {32, 20, 24, 19, 0, -23},  // U+0023
  {92, 19, 29, 19, 0, -25},  // U+0024
  {161, 29, 25, 31, 1, -24},  // U+0025
  {252, 22, 25, 25, 2, -24},  // U+0026
  {321, 5, 9, 9, 2, -25},  // U+0027
  {327, 9, 33, 12, 1, -25},  // U+0028
  {365, 9, 33, 12, 1, -25},  // U+0029
  {403, 12, 11, 14, 0, -25},  // U+002A
  {420, 16, 16, 20, 2, -15},  // U+002B
  {452, 5, 11, 9, 2, -4},  // U+002C
  {459, 9, 4, 12, 1, -10},  // U+002D
  {464, 5, 5, 9, 2, -4},  // U+002E
  {468, 9, 25, 10, 0, -24},  // U+002F
  {497, 17, 25, 19, 1, -24},  // U+0030
  {551, 10, 25, 19, 3, -24},  // U+0031
  {583, 17, 25, 19, 1, -24},  // U+0032
  {637, 17, 25, 19, 1, -24},  // U+0033
  {691, 16, 25, 19, 2, -24},  // U+0034
  {741, 17, 25, 19, 1, -24},  // U+0035
  {795, 18, 25, 19, 1, -24},  // U+0036
  {852, 17, 25, 19, 1, -24},  // U+0037
  {906, 17, 25, 19, 1, -24},  // U+0038
  {960, 17, 25, 19, 1, -24},  // U+0039
  {1014, 5, 18, 9, 2, -17},  // U+003A
  {1026, 5, 24, 9, 2, -17},  // U+003B
  {1041, 18, 17, 20, 1, -16},  // U+003C
  {1080, 17, 12, 20, 2, -13},  // U+003D
  {1106, 18, 17, 20, 1, -16},  // U+003E
  {1145, 18, 26, 21, 2, -25},  // U+003F
  {1204, 32, 31, 34, 1, -25},  // U+0040
  {1328, 24, 26, 24, 0, -25},  // U+0041
  {1406, 20, 26, 25, 3, -25},  // U+0042
  {1471, 23, 26, 25, 1, -25},  // U+0043
  {1546, 21, 26, 25, 3, -25},  // U+0044
  {1615, 19, 26, 23, 3, -25},  // U+0045
  {1677, 17, 26, 22, 3, -25},  // U+0046
  {1733, 24, 26, 27, 1, -25},  // U+0047
  {1811, 20, 26, 26, 3, -25},  // U+0048
  {1876, 5, 26, 11, 3, -25},  // U+0049
  {1893, 16, 26, 20, 1, -25},  // U+004A
  {1945, 22, 26, 25, 3, -25},  // U+004B
  {2017, 17, 26, 22, 3, -25},  // U+004C
  {2073, 24, 26, 30, 3, -25},  // U+004D
  {2151, 20, 26, 26, 3, -25},  // U+004E
  {2216, 25, 26, 27, 1, -25},  // U+004F
  {2298, 19, 26, 24, 3, -25},  // U+0050
  {2360, 25, 27, 27, 1, -25},  // U+0051
  {2445, 21, 26, 25, 3, -25},  // U+0052
  {2514, 20, 26, 24, 2, -25},  // U+0053
  {2579, 19, 26, 23, 2, -25},  // U+0054
  {2641, 20, 26, 26, 3, -25},  // U+0055
  {2706, 22, 26, 23, 1, -25},  // U+0056
  {2778, 32, 26, 34, 1, -25},  // U+0057
  {2882, 22, 26, 24, 1, -25},  // U+0058
  {2954, 21, 26, 22, 1, -25},  // U+0059
  {3023, 19, 26, 21, 1, -25},  // U+005A
  {3085, 8, 33, 12, 2, -25},  // U+005B
  {3118, 10, 25, 10, 0, -24},  // U+005C
  {3150, 8, 33, 12, 1, -25},  // U+005D
  {3183, 16, 15, 20, 2, -23},  // U+005E
  {3213, 18, 3, 17, 0, 5},  // U+005F
  {3220, 7, 5, 12, 1, -25},  // U+0060
  {3225, 18, 19, 20, 1, -18},  // U+0061
  {3268, 18, 26, 22, 2, -25},  // U+0062
  {3327, 17, 19, 20, 1, -18},  // U+0063
  {3368, 19, 26, 22, 1, -25},  // U+0064
  {3430, 18, 19, 20, 1, -18},  // U+0065
  {3473, 10, 26, 12, 1, -25},  // U+0066
  {3506, 18, 26, 21, 1, -18},  // U+0067
  {3565, 17, 26, 21, 2, -25},  // U+0068
  {3621, 5, 26, 10, 2, -25},  // U+0069
  {3638, 7, 33, 10, 0, -25},  // U+006A
  {3667, 17, 26, 20, 2, -25},  // U+006B
  {3723, 5, 26, 9, 2, -25},  // U+006C
  {3740, 27, 19, 31, 2, -18},  // U+006D
  {3805, 17, 19, 21, 2, -18},  // U+006E
  {3846, 19, 19, 21, 1, -18},  // U+006F
  {3892, 18, 26, 22, 2, -18},  // U+0070
  {3951, 19, 26, 22, 1, -18},  // U+0071
  {4013, 11, 19, 14, 2, -18},  // U+0072
  {4040, 17, 19, 19, 1, -18},  // U+0073
  {4081, 9, 23, 12, 1, -22},  // U+0074
  {4107, 17, 19, 21, 2, -18},  // U+0075
  {4148, 19, 19, 19, 0, -18},  // U+0076
  {4194, 27, 19, 27, 0, -18},  // U+0077
  {4259, 18, 19, 19, 1, -18},  // U+0078
  {4302, 19, 26, 19, 0, -18},  // U+0079
  {4364, 16, 19, 18, 1, -18},  // U+007A
  {4402, 9, 33, 14, 1, -25},  // U+007B
  {4440, 3, 33, 10, 4, -25},  // U+007C
  {4453, 9, 33, 14, 3, -25},  // U+007D
  {4491, 15, 6, 18, 1, -10},  // U+007E
  {4503, 1, 1, 10, 0, 0},  // U+00A0
  {4504, 5, 25, 12, 2, -18},  // U+00A1
  {4520, 18, 27, 19, 1, -21},  // U+00A2
  {4581, 18, 25, 19, 1, -24},  // U+00A3
  {4638, 18, 18, 19, 1, -20},  // U+00A4
  {4679, 17, 24, 19, 2, -23},  // U+00A5
  {4730, 3, 33, 10, 4, -25},  // U+00A6
  {4743, 17, 32, 19, 1, -24},  // U+00A7
  {4811, 10, 4, 12, 1, -25},  // U+00A8
  {4816, 26, 26, 26, 0, -25},  // U+00A9
  {4901, 11, 17, 13, 1, -25},  // U+00AA
  {4925, 13, 14, 19, 3, -16},  // U+00AB
  {4948, 17, 10, 20, 2, -12},  // U+00AC
  {4970, 9, 4, 12, 1, -10},  // U+00AD
  {4975, 26, 26, 26, 0, -25},  // U+00AE
  {5060, 10, 3, 12, 1, -24},  // U+00AF
  {5064, 11, 11, 21, 5, -23},  // U+00B0
  {5080, 17, 23, 20, 2, -21},  // U+00B1
  {5129, 11, 16, 12, 0, -28},  // U+00B2
  {5151, 10, 16, 12, 1, -28},  // U+00B3
  {5171, 7, 5, 12, 4, -25},  // U+00B4
  {5176, 18, 26, 21, 2, -18},  // U+00B5
  {5235, 18, 32, 19, 1, -25},  // U+00B6
  {5307, 4, 4, 10, 2, -9},  // U+00B7
  {5309, 9, 7, 12, 1, 1},  // U+00B8
  {5317, 7, 14, 11, 1, -26},  // U+00B9
  {5330, 11, 17, 13, 1, -25},  // U+00BA
  {5354, 13, 14, 19, 3, -16},  // U+00BB
  {5377, 25, 27, 27, 0, -26},  // U+00BC
  {5462, 26, 28, 28, 0, -26},  // U+00BD
  {5553, 24, 29, 27, 1, -28},  // U+00BE
  {5640, 18, 26, 21, 1, -18},  // U+00BF
  {5699, 24, 31, 24, 0, -30},  // U+00C0
  {5792, 24, 31, 24, 0, -30},  // U+00C1
  {5885, 24, 31, 24, 0, -30},  // U+00C2
  {5978, 24, 31, 24, 0, -30},  // U+00C3
  {6071, 24, 32, 24, 0, -31},  // U+00C4
  {6167, 24, 31, 24, 0, -30},  // U+00C5
  {6260, 33, 26, 36, 0, -25},  // U+00C6
  {6368, 23, 33, 25, 1, -25},  // U+00C7
  {6463, 19, 31, 23, 3, -30},  // U+00C8
  {6537, 19, 31, 23, 3, -30},  // U+00C9
  {6611, 19, 31, 23, 3, -30},  // U+00CA
  {6685, 19, 32, 23, 3, -31},  // U+00CB
  {6761, 8, 31, 11, 0, -30},  // U+00CC
  {6792, 8, 31, 11, 1, -30},  // U+00CD
  {6823, 11, 31, 11, 0, -30},  // U+00CE
  {6866, 11, 32, 11, 0, -31},  // U+00CF
  {6910, 24, 26, 26, 1, -25},  // U+00D0
  {6988, 20, 32, 26, 3, -31},  // U+00D1
  {7068, 25, 31, 27, 1, -30},  // U+00D2
  {7165, 25, 31, 27, 1, -30},  // U+00D3
  {7262, 25, 31, 27, 1, -30},  // U+00D4
  {7359, 25, 32, 27, 1, -31},  // U+00D5
  {7459, 25, 32, 27, 1, -31},  // U+00D6
  {7559, 15, 15, 20, 3, -15},  // U+00D7
  {7588, 26, 27, 27, 1, -25},  // U+00D8
  {7676, 20, 31, 26, 3, -30},  // U+00D9
  {7754, 20, 31, 26, 3, -30},  // U+00DA
  {7832, 20, 31, 26, 3, -30},  // U+00DB
  {7910, 20, 32, 26, 3, -31},  // U+00DC
  {7990, 21, 31, 23, 1, -30},  // U+00DD
  {8072, 19, 26, 24, 3, -25},  // U+00DE
  {8134, 18, 26, 21, 2, -25},  // U+00DF
  {8193, 18, 26, 20, 1, -25},  // U+00E0
  {8252, 18, 26, 20, 1, -25},  // U+00E1
  {8311, 18, 26, 20, 1, -25},  // U+00E2
  {8370, 18, 26, 20, 1, -25},  // U+00E3
  {8429, 18, 26, 20, 1, -25},  // U+00E4
  {8488, 18, 27, 20, 1, -26},  // U+00E5
  {8549, 28, 19, 31, 1, -18},  // U+00E6
  {8616, 18, 26, 20, 1, -18},  // U+00E7
  {8675, 18, 26, 20, 1, -25},  // U+00E8
  {8734, 18, 26, 20, 1, -25},  // U+00E9
  {8793, 18, 26, 20, 1, -25},  // U+00EA
  {8852, 18, 26, 20, 1, -25},  // U+00EB
  {8911, 7, 26, 10, 0, -25},  // U+00EC
  {8934, 7, 26, 10, 2, -25},  // U+00ED
  {8957, 11, 26, 11, -1, -25},  // U+00EE
  {8993, 11, 26, 11, 0, -25},  // U+00EF
  {9029, 19, 26, 21, 1, -25},  // U+00F0
  {9091, 17, 26, 21, 2, -25},  // U+00F1
  {9147, 19, 26, 21, 1, -25},  // U+00F2
  {9209, 19, 26, 21, 1, -25},  // U+00F3
  {9271, 19, 26, 21, 1, -25},  // U+00F4
  {9333, 19, 26, 21, 1, -25},  // U+00F5
  {9395, 19, 26, 21, 1, -25},  // U+00F6
  {9457, 17, 16, 20, 2, -15},  // U+00F7
  {9491, 21, 20, 21, 0, -18},  // U+00F8
  {9544, 17, 26, 21, 2, -25},  // U+00F9
  {9600, 17, 26, 21, 2, -25},  // U+00FA
  {9656, 17, 26, 21, 2, -25},  // U+00FB
  {9712, 17, 26, 21, 2, -25},  // U+00FC
  {9768, 19, 33, 19, 0, -25},  // U+00FD
  {9847, 18, 33, 22, 2, -25},  // U+00FE
  {9922, 19, 33, 19, 0, -25},  // U+00FF
  {10001, 24, 31, 24, 0, -30},  // U+0100
  {10094, 18, 25, 20, 1, -24},  // U+0101
  {10151, 24, 31, 24, 0, -30},  // U+0102
  {10244, 18, 26, 20, 1, -25},  // U+0103
  {10303, 25, 34, 25, 0, -25},  // U+0104
  {10410, 19, 27, 19, 1, -18},  // U+0105
  {10475, 23, 31, 25, 1, -30},  // U+0106
  {10565, 17, 26, 20, 1, -25},  // U+0107
  {10621, 23, 31, 25, 1, -30},  // U+0108
  {10711, 17, 26, 20, 1, -25},  // U+0109
  {10767, 23, 32, 25, 1, -31},  // U+010A
  {10859, 17, 26, 20, 1, -25},  // U+010B
  {10915, 23, 31, 25, 1, -30},  // U+010C
  {11005, 17, 26, 20, 1, -25},  // U+010D
  {11061, 21, 31, 25, 3, -30},  // U+010E
  {11143, 26, 27, 28, 1, -26},  // U+010F
  {11231, 24, 26, 26, 1, -25},  // U+0110
  {11309, 21, 26, 22, 1, -25},  // U+0111
  {11378, 19, 31, 23, 3, -30},  // U+0112
  {11452, 18, 25, 20, 1, -24},  // U+0113
  {11509, 19, 31, 23, 3, -30},  // U+0114
  {11583, 18, 26, 20, 1, -25},  // U+0115
  {11642, 19, 32, 23, 3, -31},  // U+0116
  {11718, 18, 26, 20, 1, -25},  // U+0117
  {11777, 20, 34, 23, 3, -25},  // U+0118
  {11862, 18, 27, 20, 1, -18},  // U+0119
  {11923, 19, 31, 23, 3, -30},  // U+011A
  {11997, 18, 26, 20, 1, -25},  // U+011B
  {12056, 24, 31, 27, 1, -30},  // U+011C
  {12149, 18, 34, 21, 1, -26},  // U+011D
  {12226, 24, 31, 27, 1, -30},  // U+011E
  {12319, 18, 33, 21, 1, -25},  // U+011F
  {12394, 24, 32, 27, 1, -31},  // U+0120
  {12490, 18, 34, 21, 1, -26},  // U+0121
  {12567, 24, 37, 27, 1, -25},  // U+0122
  {12678, 18, 37, 21, 1, -29},  // U+0123
  {12762, 20, 31, 26, 3, -30},  // U+0124
  {12840, 17, 31, 21, 2, -30},  // U+0125
  {12906, 25, 26, 26, 0, -25},  // U+0126
  {12988, 18, 26, 21, 1, -25},  // U+0127
  {13047, 11, 32, 11, 0, -31},  // U+0128
  {13091, 11, 26, 11, 0, -25},  // U+0129
  {13127, 9, 31, 11, 1, -30},  // U+012A
  {13162, 8, 25, 10, 1, -24},  // U+012B
  {13187, 9, 31, 11, 1, -30},  // U+012C
  {13222, 10, 26, 11, 1, -25},  // U+012D
  {13255, 7, 34, 11, 2, -25},  // U+012E
  {13285, 7, 34, 10, 1, -25},  // U+012F
  {13315, 5, 32, 11, 3, -31},  // U+0130
  {13335, 5, 19, 10, 2, -18},  // U+0131
  {13347, 16, 26, 22, 3, -25},  // U+0132
  {13399, 14, 33, 19, 2, -25},  // U+0133
  {13457, 16, 31, 20, 1, -30},  // U+0134
  {13519, 11, 34, 10, -1, -26},  // U+0135
  {13566, 22, 37, 25, 3, -25},  // U+0136
  {13668, 17, 37, 20, 2, -25},  // U+0137
  {13747, 17, 19, 20, 2, -18},  // U+0138
  {13788, 17, 31, 22, 3, -30},  // U+0139
  {13854, 8, 31, 9, 1, -30},  // U+013A
  {13885, 17, 37, 22, 3, -25},  // U+013B
  {13964, 5, 37, 9, 2, -25},  // U+013C
  {13988, 17, 27, 22, 3, -26},  // U+013D
  {14046, 13, 27, 15, 2, -26},  // U+013E
  {14090, 17, 26, 22, 3, -25},  // U+013F
  {14146, 12, 26, 15, 2, -25},  // U+0140
  {14185, 21, 26, 22, 0, -25},  // U+0141
  {14254, 7, 26, 10, 1, -25},  // U+0142
  {14277, 20, 31, 26, 3, -30},  // U+0143
  {14355, 17, 26, 21, 2, -25},  // U+0144
  {14411, 20, 37, 26, 3, -25},  // U+0145
  {14504, 17, 30, 21, 2, -18},  // U+0146
  {14568, 20, 31, 26, 3, -30},  // U+0147
  {14646, 17, 26, 21, 2, -25},  // U+0148
  {14702, 21, 27, 25, 1, -26},  // U+0149
  {14773, 22, 26, 26, 3, -25},  // U+014A
  {14845, 17, 26, 21, 2, -18},  // U+014B
  {14901, 25, 31, 27, 1, -30},  // U+014C
  {14998, 19, 25, 21, 1, -24},  // U+014D
  {15058, 25, 31, 27, 1, -30},  // U+014E
  {15155, 19, 26, 21, 1, -25},  // U+014F
  {15217, 25, 31, 27, 1, -30},  // U+0150
  {15314, 19, 27, 21, 1, -26},  // U+0151
  {15379, 33, 26, 35, 1, -25},  // U+0152
  {15487, 31, 19, 34, 1, -18},  // U+0153
  {15561, 21, 31, 25, 3, -30},  // U+0154
  {15643, 11, 26, 14, 2, -25},  // U+0155
  {15679, 21, 37, 25, 3, -25},  // U+0156
  {15777, 11, 30, 14, 2, -18},  // U+0157
  {15819, 21, 31, 25, 3, -30},  // U+0158
  {15901, 11, 26, 14, 2, -25},  // U+0159
  {15937, 20, 31, 24, 2, -30},  // U+015A
  {16015, 17, 26, 19, 1, -25},  // U+015B
  {16071, 20, 31, 24, 2, -30},  // U+015C
  {16149, 17, 27, 19, 1, -26},  // U+015D
  {16207, 20, 33, 24, 2, -25},  // U+015E
  {16290, 17, 26, 19, 1, -18},  // U+015F
  {16346, 20, 31, 24, 2, -30},  // U+0160
  {16424, 17, 26, 19, 1, -25},  // U+0161
  {16480, 19, 33, 23, 2, -25},  // U+0162
  {16559, 10, 31, 12, 1, -22},  // U+0163
  {16598, 19, 31, 23, 2, -30},  // U+0164
  {16672, 15, 27, 17, 1, -26},  // U+0165
  {16723, 19, 26, 23, 2, -25},  // U+0166
  {16785, 11, 23, 12, 0, -22},  // U+0167
  {16817, 20, 32, 26, 3, -31},  // U+0168
  {16897, 17, 26, 21, 2, -25},  // U+0169
  {16953, 20, 31, 26, 3, -30},  // U+016A
  {17031, 17, 25, 21, 2, -24},  // U+016B
  {17085, 20, 31, 26, 3, -30},  // U+016C
  {17163, 17, 26, 21, 2, -25},  // U+016D
  {17219, 20, 31, 26, 3, -30},  // U+016E
  {17297, 17, 27, 21, 2, -26},  // U+016F
  {17355, 20, 31, 26, 3, -30},  // U+0170
  {17433, 18, 27, 21, 2, -26},  // U+0171
  {17494, 20, 34, 26, 3, -25},  // U+0172
  {17579, 18, 27, 21, 2, -18},  // U+0173
  {17640, 32, 31, 34, 1, -30},  // U+0174
  {17764, 27, 27, 27, 0, -26},  // U+0175
  {17856, 21, 31, 23, 1, -30},  // U+0176
  {17938, 19, 34, 19, 0, -26},  // U+0177
  {18019, 21, 32, 23, 1, -31},  // U+0178
  {18103, 19, 31, 21, 1, -30},  // U+0179
  {18177, 16, 26, 18, 1, -25},  // U+017A
  {18229, 19, 32, 21, 1, -31},  // U+017B
  {18305, 16, 26, 18, 1, -25},  // U+017C
  {18357, 19, 31, 21, 1, -30},  // U+017D
  {18431, 16, 26, 18, 1, -25},  // U+017E
  {18483, 10, 26, 12, 1, -25},  // U+017F
  {18516, 24, 26, 24, 0, -25},  // U+0391
  {18594, 20, 26, 24, 2, -25},  // U+0392
  {18659, 18, 26, 22, 3, -25},  // U+0393
  {18718, 26, 26, 26, 0, -25},  // U+0394
  {18803, 19, 26, 23, 3, -25},  // U+0395
  {18865, 19, 26, 21, 1, -25},  // U+0396
  {18927, 20, 26, 26, 3, -25},  // U+0397
  {18992, 25, 25, 28, 1, -24},  // U+0398
  {19071, 5, 26, 11, 3, -25},  // U+0399
  {19088, 22, 26, 25, 3, -25},  // U+039A
  {19160, 25, 26, 25, 0, -25},  // U+039B
  {19242, 24, 26, 30, 3, -25},  // U+039C
  {19320, 20, 26, 26, 3, -25},  // U+039D
  {19385, 20, 26, 24, 2, -25},  // U+039E
  {19450, 25, 26, 27, 1, -25},  // U+039F
  {19532, 21, 25, 27, 3, -24},  // U+03A0
  {19598, 19, 26, 24, 3, -25},  // U+03A1
  {19660, 22, 26, 24, 1, -25},  // U+03A3
  {19732, 21, 26, 23, 1, -25},  // U+03A4
  {19801, 26, 26, 27, 1, -25},  // U+03A5
  {19886, 25, 25, 28, 1, -24},  // U+03A6
  {19965, 22, 26, 24, 1, -25},  // U+03A7
  {20037, 25, 26, 29, 2, -25},  // U+03A8
  {20119, 25, 26, 28, 2, -25},  // U+03A9
  {20201, 11, 32, 11, 0, -31},  // U+03AA
  {20245, 26, 32, 27, 1, -31},  // U+03AB
  {20349, 20, 26, 22, 1, -25},  // U+03AC
  {20414, 18, 26, 20, 1, -25},  // U+03AD
  {20473, 19, 33, 21, 0, -25},  // U+03AE
  {20552, 10, 26, 12, 2, -25},  // U+03AF
  {20585, 17, 27, 21, 2, -26},  // U+03B0
  {20643, 20, 19, 22, 1, -18},  // U+03B1
  {20691, 18, 31, 21, 2, -24},  // U+03B2
  {20761, 20, 26, 20, 0, -18},  // U+03B3
  {20826, 20, 26, 22, 1, -25},  // U+03B4
  {20891, 18, 19, 20, 1, -18},  // U+03B5
  {20934, 17, 33, 18, 1, -25},  // U+03B6
  {21005, 19, 26, 21, 0, -18},  // U+03B7
  {21067, 19, 26, 21, 1, -25},  // U+03B8
  {21129, 10, 19, 12, 2, -18},  // U+03B9
  {21153, 18, 19, 20, 2, -18},  // U+03BA
  {21196, 20, 26, 21, 0, -25},  // U+03BB
  {21261, 19, 25, 21, 2, -18},  // U+03BC
  {21321, 19, 19, 20, 0, -18},  // U+03BD
  {21367, 17, 33, 19, 2, -25},  // U+03BE
  {21438, 19, 19, 21, 1, -18},  // U+03BF
  {21484, 21, 19, 23, 2, -18},  // U+03C0
  {21534, 19, 26, 22, 2, -18},  // U+03C1
  {21596, 19, 26, 21, 1, -18},  // U+03C2
  {21658, 21, 19, 23, 1, -18},  // U+03C3
  {21708, 17, 19, 19, 2, -18},  // U+03C4
  {21749, 17, 19, 21, 2, -18},  // U+03C5
  {21790, 25, 25, 28, 1, -18},  // U+03C6
  {21869, 21, 27, 22, 0, -19},  // U+03C7
  {21940, 22, 26, 25, 2, -18},  // U+03C8
  {22012, 26, 19, 28, 1, -18},  // U+03C9
  {22074, 19, 32, 23, 3, -31},  // U+0401
  {22150, 25, 32, 29, 1, -25},  // U+0402
  {22250, 17, 31, 21, 3, -30},  // U+0403
  {22316, 23, 26, 25, 1, -25},  // U+0404
  {22391, 20, 26, 24, 2, -25},  // U+0405
  {22456, 5, 26, 11, 3, -25},  // U+0406
  {22473, 11, 32, 11, 0, -31},  // U+0407
  {22517, 16, 26, 20, 1, -25},  // U+0408
  {22569, 35, 26, 38, 1, -25},  // U+0409
  {22683, 34, 26, 39, 3, -25},  // U+040A
  {22794, 25, 26, 29, 1, -25},  // U+040B
  {22876, 22, 31, 25, 3, -30},  // U+040C
  {22962, 20, 31, 26, 3, -30},  // U+040D
  {23040, 24, 31, 25, 0, -30},  // U+040E
  {23133, 20, 31, 26, 3, -25},  // U+040F
  {23211, 24, 26, 24, 0, -25},  // U+0410
  {23289, 20, 26, 25, 3, -25},  // U+0411
  {23354, 20, 26, 25, 3, -25},  // U+0412
  {23419, 17, 26, 21, 3, -25},  // U+0413
  {23475, 30, 32, 31, 1, -25},  // U+0414
  {23595, 19, 26, 23, 3, -25},  // U+0415
  {23657, 37, 26, 38, 0, -25},  // U+0416
  {23778, 20, 26, 24, 2, -25},  // U+0417
  {23843, 20, 26, 26, 3, -25},  // U+0418
  {23908, 20, 31, 26, 3, -30},  // U+0419
  {23986, 22, 26, 25, 3, -25},  // U+041A
  {24058, 21, 26, 25, 1, -25},  // U+041B
  {24127, 24, 26, 30, 3, -25},  // U+041C
  {24205, 20, 26, 26, 3, -25},  // U+041D
  {24270, 25, 26, 27, 1, -25},  // U+041E
  {24352, 20, 26, 26, 3, -25},  // U+041F
  {24417, 19, 26, 24, 3, -25},  // U+0420
  {24479, 23, 26, 25, 1, -25},  // U+0421
  {24554, 19, 26, 23, 2, -25},  // U+0422
  {24616, 24, 26, 25, 0, -25},  // U+0423
  {24694, 30, 26, 32, 1, -25},  // U+0424
  {24792, 22, 26, 23, 0, -25},  // U+0425
  {24864, 24, 31, 28, 3, -25},  // U+0426
  {24957, 20, 26, 25, 2, -25},  // U+0427
  {25022, 31, 26, 37, 3, -25},  // U+0428
  {25123, 36, 31, 40, 3, -25},  // U+0429
  {25263, 27, 26, 30, 1, -25},  // U+042A
  {25351, 28, 26, 34, 3, -25},  // U+042B
  {25442, 19, 26, 24, 3, -25},  // U+042C
  {25504, 22, 26, 25, 1, -25},  // U+042D
  {25576, 34, 26, 38, 3, -25},  // U+042E
  {25687, 21, 26, 25, 0, -25},  // U+042F
  {25756, 18, 19, 20, 1, -18},  // U+0430
  {25799, 19, 27, 21, 1, -26},  // U+0431
  {25864, 16, 19, 20, 2, -18},  // U+0432
  {25902, 12, 19, 15, 2, -18},  // U+0433
  {25931, 22, 23, 24, 1, -18},  // U+0434
  {25995, 18, 19, 20, 1, -18},  // U+0435
  {26038, 27, 19, 27, 0, -18},  // U+0436
  {26103, 17, 19, 20, 2, -18},  // U+0437
  {26144, 18, 19, 22, 2, -18},  // U+0438
  {26187, 18, 25, 22, 2, -24},  // U+0439
  {26244, 17, 19, 20, 2, -18},  // U+043A
  {26285, 17, 19, 20, 1, -18},  // U+043B
  {26326, 19, 19, 24, 2, -18},  // U+043C
  {26372, 17, 19, 21, 2, -18},  // U+043D
  {26413, 19, 19, 21, 1, -18},  // U+043E
  {26459, 17, 19, 21, 2, -18},  // U+043F
  {26500, 18, 26, 22, 2, -18},  // U+0440
  {26559, 17, 19, 20, 1, -18},  // U+0441
  {26600, 13, 19, 15, 1, -18},  // U+0442
  {26631, 19, 26, 19, 0, -18},  // U+0443
  {26693, 32, 32, 34, 1, -24},  // U+0444
  {26821, 19, 19, 19, 0, -18},  // U+0445
  {26867, 20, 23, 23, 2, -18},  // U+0446
  {26925, 16, 19, 20, 2, -18},  // U+0447
  {26963, 27, 19, 31, 2, -18},  // U+0448
  {27028, 31, 23, 34, 2, -18},  // U+0449
  {27118, 21, 19, 25, 2, -18},  // U+044A
  {27168, 23, 19, 28, 2, -18},  // U+044B
  {27223, 17, 19, 20, 2, -18},  // U+044C
  {27264, 17, 19, 20, 1, -18},  // U+044D
  {27305, 27, 19, 30, 2, -18},  // U+044E
  {27370, 18, 19, 20, 0, -18},  // U+044F
  {27413, 18, 26, 20, 1, -25},  // U+0450
  {27472, 18, 25, 20, 1, -24},  // U+0451
  {27529, 19, 32, 22, 1, -25},  // U+0452
  {27605, 12, 26, 15, 2, -25},  // U+0453
  {27644, 17, 19, 20, 1, -18},  // U+0454
  {27685, 16, 19, 19, 2, -18},  // U+0455
  {27723, 5, 26, 10, 2, -25},  // U+0456
  {27740, 11, 25, 11, 0, -24},  // U+0457
  {27775, 7, 33, 9, 0, -25},  // U+0458
  {27804, 29, 19, 31, 1, -18},  // U+0459
  {27873, 28, 19, 32, 2, -18},  // U+045A
  {27940, 19, 26, 22, 1, -25},  // U+045B
  {28002, 17, 26, 20, 2, -25},  // U+045C
  {28058, 18, 26, 22, 2, -25},  // U+045D
  {28117, 19, 32, 19, 0, -24},  // U+045E
  {28193, 17, 23, 21, 2, -18},  // U+045F
  {28242, 10, 4, 12, 1, -10},  // U+2010
  {28247, 10, 4, 12, 1, -10},  // U+2011
  {28252, 17, 4, 19, 1, -10},  // U+2012
  {28261, 16, 4, 17, 1, -10},  // U+2013
  {28269, 33, 4, 35, 1, -10},  // U+2014
  {28286, 33, 4, 35, 1, -10},  // U+2015
  {28303, 9, 33, 15, 4, -25},  // U+2016
  {28341, 18, 8, 18, 0, 4},  // U+2017
  {28359, 4, 9, 9, 3, -24},  // U+2018
  {28364, 4, 9, 9, 2, -25},  // U+2019
  {28369, 4, 9, 9, 2, -3},  // U+201A
  {28374, 4, 9, 9, 2, -25},  // U+201B
  {28379, 11, 9, 16, 3, -24},  // U+201C
  {28392, 11, 9, 16, 2, -25},  // U+201D
  {28405, 11, 9, 16, 2, -3},  // U+201E
  {28418, 11, 9, 16, 2, -25},  // U+201F
  {28431, 15, 31, 19, 2, -24},  // U+2020
  {28490, 15, 31, 19, 2, -24},  // U+2021
  {28549, 12, 13, 14, 1, -15},  // U+2022
  {28569, 11, 13, 14, 1, -15},  // U+2023
  {28587, 5, 5, 18, 6, -4},  // U+2024
  {28591, 13, 5, 18, 2, -4},  // U+2025
  {28600, 22, 5, 26, 2, -4},  // U+2026
  {28614, 4, 4, 10, 2, -9},  // U+2027
  {28616, 35, 26, 35, 0, -25},  // U+2030
  {28730, 48, 26, 48, 0, -25},  // U+2031
  {28886, 5, 10, 9, 1, -25},  // U+2032
  {28893, 12, 10, 15, 1, -25},  // U+2033
  {28908, 18, 10, 21, 1, -25},  // U+2034
  {28931, 5, 10, 9, 1, -25},  // U+2035
  {28938, 11, 10, 15, 1, -25},  // U+2036
  {28952, 18, 10, 21, 1, -25},  // U+2037
  {28975, 16, 13, 16, 0, -5},  // U+2038
  {29001, 5, 14, 12, 3, -16},  // U+2039
  {29010, 5, 14, 12, 3, -16},  // U+203A
  {29019, 19, 26, 22, 2, -25},  // U+20AC
  {29081, 30, 15, 33, 1, -25},  // U+2122
  {29138, 31, 19, 34, 1, -17},  // U+2190
  {29212, 18, 31, 22, 2, -23},  // U+2191
  {29282, 31, 18, 34, 1, -16},  // U+2192
  {29352, 19, 31, 22, 1, -23},  // U+2193
  {29426, 35, 19, 37, 1, -17},  // U+2194
  {29510, 18, 34, 23, 2, -26},  // U+2195
  {29587, 17, 4, 20, 2, -9},  // U+2212
  {29596, 23, 10, 25, 1, -13},  // U+221E
  {29625, 18, 16, 20, 1, -18},  // U+2248
  {29661, 17, 21, 20, 2, -18},  // U+2260
  {29706, 17, 17, 20, 2, -17},  // U+2261
  {29743, 17, 23, 20, 2, -23},  // U+2263
  {29792, 17, 23, 20, 2, -21},  // U+2264
  {29841, 17, 23, 20, 2, -21},  // U+2265
};

static lgfx::EncodeRange ObSansBold18Ranges[] = {
  {0x0020, 0x007E, 0},
  {0x00A0, 0x017F, 95},
  {0x0391, 0x03A1, 319},
  {0x03A3, 0x03C9, 336},
  {0x0401, 0x045F, 375},
  {0x2010, 0x2027, 470},
  {0x2030, 0x203A, 494},
  {0x20AC, 0x20AC, 505},
  {0x2122, 0x2122, 506},
  {0x2190, 0x2195, 507},
  {0x2212, 0x2212, 513},
  {0x221E, 0x221E, 514},
  {0x2248, 0x2248, 515},
  {0x2260, 0x2261, 516},
  {0x2263, 0x2265, 518},
};

const lgfx::GFXfont ObSansBold18((uint8_t*)ObSansBold18Bitmaps, (lgfx::GFXglyph*)ObSansBold18Glyphs, 0x0020, 0x2265, 39, 15, ObSansBold18Ranges);
