// Generated by tools/genfont.py from GNU FreeFont FreeSansBold.ttf at 12 pt (141 dpi).
// GNU FreeFont is GPLv3 with the font exception.
#pragma once

static const uint8_t ObSansBold12Bitmaps[] PROGMEM = {
  0x00, 0xFF, 0xFF, 0xFF, 0xFF, 0x76, 0x66, 0x60, 0xFF, 0xF0, 0xF3, 0xFC, 0xFF, 0x3F, 0xCF, 0x61,
  0x98, 0x60, 0x0E, 0x70, 0x73, 0x83, 0x18, 0xFF, 0xF7, 0xFF, 0xBF, 0xFC, 0x73, 0x83, 0x18, 0x18,
  0xC7, 0xFF, 0xBF, 0xFD, 0xFF, 0xE3, 0x18, 0x39, 0xC1, 0xCE, 0x0E, 0x70, 0x02, 0x00, 0x70, 0x0F,
  0xF8, 0x7F, 0xE7, 0xAF, 0xB9, 0x3D, 0xC8, 0x0F, 0x40, 0x3F, 0x00, 0xFF, 0x00, 0xFC, 0x05, 0xFF,
  0x27, 0xF9, 0x3F, 0xEB, 0xEF, 0xFE, 0x3F, 0xE0, 0xFC, 0x00, 0x80, 0x04, 0x00, 0x3C, 0x06, 0x0F,
  0xC1, 0x81, 0xFC, 0x30, 0x73, 0x8C, 0x0C, 0x31, 0x81, 0xCE, 0x60, 0x1F, 0xCC, 0x03, 0xF3, 0x00,
  0x3C, 0x67, 0x80, 0x19, 0xF8, 0x02, 0x7F, 0x80, 0xCE, 0x70, 0x11, 0x86, 0x06, 0x39, 0xC1, 0x87,
  0xF8, 0x30, 0x7E, 0x0C, 0x07, 0x80, 0x07, 0x80, 0x1F, 0xC0, 0x3F, 0xE0, 0x3C, 0xE0, 0x3C, 0xE0,
  0x3E, 0xE0, 0x0F, 0xC0, 0x07, 0x00, 0x3F, 0x8C, 0x7F, 0xCC, 0xF1, 0xFC, 0xF0, 0xF8, 0xF0, 0x78,
  0xF8, 0xF8, 0x7F, 0xFC, 0x3F, 0xDE, 0x1F, 0x8E, 0xFF, 0xFF, 0x66, 0x0C, 0x73, 0x8E, 0x71, 0xC7,
  0x38, 0xE3, 0x8E, 0x38, 0xE3, 0x8E, 0x1C, 0x71, 0xC3, 0x8E, 0x18, 0x70, 0xC3, 0x87, 0x1C, 0x38,
  0xE3, 0x87, 0x1C, 0x71, 0xC7, 0x1C, 0x71, 0xCE, 0x38, 0xE7, 0x1C, 0x63, 0x80, 0x10, 0x23, 0x5F,
  0xF3, 0x87, 0x1B, 0x14, 0x0E, 0x01, 0xC0, 0x38, 0x07, 0x0F, 0xFF, 0xFF, 0xFF, 0xF8, 0x70, 0x0E,
  0x01, 0xC0, 0x38, 0x00, 0xFF, 0xF3, 0x36, 0xC0, 0xFF, 0xFF, 0xC0, 0xFF, 0xF0, 0x0C, 0x30, 0x86,
  0x18, 0x61, 0x0C, 0x30, 0xC2, 0x18, 0x61, 0x84, 0x30, 0xC0, 0x1F, 0x83, 0xFC, 0x7F, 0xE7, 0x9E,
  0xF0, 0xFF, 0x0F, 0xF0, 0xFF, 0x0F, 0xF0, 0xFF, 0x0F, 0xF0, 0xFF, 0x0F, 0xF0, 0xF7, 0x9E, 0x7F,
  0xE3, 0xFC, 0x0F, 0x00, 0x06, 0x1C, 0x7F, 0xFF, 0xE3, 0xC7, 0x8F, 0x1E, 0x3C, 0x78, 0xF1, 0xE3,
  0xC7, 0x8F, 0x1E, 0x1F, 0x83, 0xFC, 0x7F, 0xEF, 0x9F, 0xF0, 0xFF, 0x0F, 0x00, 0xF0, 0x0F, 0x01,
  0xE0, 0x3C, 0x0F, 0x81, 0xE0, 0x3C, 0x03, 0x80, 0x7F, 0xF7, 0xFF, 0x7F, 0xF0, 0x1F, 0x07, 0xFC,
  0xFF, 0xEF, 0x1E, 0xF1, 0xE0, 0x1E, 0x03, 0xC0, 0x78, 0x07, 0xC0, 0x1E, 0x00, 0xF0, 0x0F, 0xF0,
  0xFF, 0x1F, 0x7F, 0xE7, 0xFC, 0x1F, 0x80, 0x03, 0xC0, 0xF8, 0x1F, 0x07, 0xE1, 0xBC, 0x27, 0x8C,
  0xF3, 0x1E, 0x63, 0xD8, 0x7B, 0xFF, 0xFF, 0xFF, 0xFE, 0x07, 0x80, 0xF0, 0x1E, 0x03, 0xC0, 0x3F,
  0xE7, 0xFE, 0x7F, 0xE7, 0x00, 0x60, 0x06, 0xF8, 0x7F, 0xCF, 0xFE, 0xF1, 0xF0, 0x0F, 0x00, 0xF0,
  0x0F, 0x00, 0xFE, 0x1E, 0xFF, 0xE7, 0xFC, 0x3F, 0x00, 0x0F, 0x83, 0xFC, 0x7F, 0xE7, 0x9F, 0xF0,
  0x0F, 0x78, 0xFF, 0xCF, 0xFE, 0xF9, 0xFF, 0x0F, 0xF0, 0xFF, 0x0F, 0xF0, 0xF7, 0x9E, 0x7F, 0xE3,
  0xFC, 0x1F, 0x80, 0xFF, 0xFF, 0xFF, 0xFF, 0x80, 0xE0, 0x1C, 0x07, 0x01, 0xE0, 0x38, 0x0F, 0x01,
  0xC0, 0x78, 0x0F, 0x01, 0xE0, 0x38, 0x0F, 0x01, 0xE0, 0x3C, 0x00, 0x0F, 0x03, 0xFC, 0x7F, 0xC7,
  0x9E, 0x70, 0xE7, 0x0E, 0x39, 0xC1, 0xF8, 0x3F, 0xC7, 0x9E, 0xF0, 0xFF, 0x0F, 0xF0, 0xFF, 0x9F,
  0x7F, 0xE3, 0xFC, 0x1F, 0x80, 0x1F, 0x03, 0xFC, 0x7F, 0xEF, 0x9E, 0xF0, 0xFF, 0x0F, 0xF0, 0xFF,
  0x0F, 0xF9, 0xF7, 0xFF, 0x3F, 0xF1, 0xEF, 0x00, 0xEF, 0x1E, 0x7F, 0xE7, 0xFC, 0x1F, 0x00, 0xFF,
  0xF0, 0x00, 0x00, 0x0F, 0xFF, 0xFF, 0xF0, 0x00, 0x00, 0x0F, 0xFF, 0x11, 0x6C, 0x00, 0x10, 0x07,
  0x03, 0xF1, 0xFC, 0x7E, 0x0F, 0x80, 0xE0, 0x0F, 0xC0, 0x3F, 0x80, 0x7F, 0x00, 0xF0, 0x03, 0xFF,
  0xFF, 0xFF, 0xFF, 0xF0, 0x00, 0x00, 0x00, 0x00, 0xFF, 0xFF, 0xFF, 0xFF, 0xF0, 0x00, 0x0E, 0x00,
  0xFC, 0x07, 0xF0, 0x0F, 0xE0, 0x1F, 0x00, 0xF0, 0x7F, 0x1F, 0x8F, 0xE0, 0xF0, 0x08, 0x00, 0x1F,
  0x07, 0xFC, 0x7F, 0xEF, 0x9F, 0xF0, 0xFF, 0x0F, 0x00, 0xF0, 0x0F, 0x01, 0xE0, 0x3C, 0x07, 0x80,
  0xF0, 0x0E, 0x00, 0xE0, 0x00, 0x00, 0xF0, 0x0F, 0x00, 0xF0, 0x00, 0xFE, 0x00, 0x1F, 0xFC, 0x03,
  0xC0, 0xF0, 0x38, 0x01, 0xC3, 0x80, 0x07, 0x18, 0x3D, 0x99, 0x87, 0xEC, 0x6C, 0x71, 0xC3, 0xC3,
  0x06, 0x1E, 0x10, 0x30, 0xF1, 0x81, 0x87, 0x8C, 0x18, 0x7C, 0x60, 0xC3, 0x63, 0x8E, 0x3B, 0x8F,
  0xDF, 0x8C, 0x3C, 0xF0, 0x70, 0x00, 0x01, 0xC0, 0x00, 0x07, 0x80, 0x80, 0x1F, 0xFE, 0x00, 0x1F,
  0xC0, 0x00, 0x03, 0xE0, 0x03, 0xE0, 0x03, 0xE0, 0x07, 0xF0, 0x07, 0xF0, 0x07, 0x70, 0x0F, 0x78,
  0x0E, 0x78, 0x0E, 0x38, 0x1E, 0x3C, 0x1C, 0x3C, 0x3F, 0xFC, 0x3F, 0xFE, 0x3F, 0xFE, 0x78, 0x0E,
  0x78, 0x0F, 0x70, 0x0F, 0xF0, 0x07, 0xFF, 0xC3, 0xFF, 0xCF, 0xFF, 0x3C, 0x3E, 0xF0, 0x7B, 0xC1,
  0xEF, 0x0F, 0xBF, 0xFC, 0xFF, 0xE3, 0xFF, 0xCF, 0x07, 0xBC, 0x0F, 0xF0, 0x3F, 0xC0, 0xFF, 0x07,
  0xFF, 0xFE, 0xFF, 0xFB, 0xFF, 0x80, 0x07, 0xF0, 0x1F, 0xF8, 0x3F, 0xFE, 0x7C, 0x3E, 0x78, 0x1F,
  0xF8, 0x0F, 0xF0, 0x00, 0xF0, 0x00, 0xF0, 0x00, 0xF0, 0x00, 0xF0, 0x00, 0xF0, 0x00, 0xF8, 0x0F,
  0x78, 0x1F, 0x7C, 0x3E, 0x3F, 0xFE, 0x1F, 0xFC, 0x07, 0xF0, 0xFF, 0xE1, 0xFF, 0xE3, 0xFF, 0xE7,
  0x83, 0xEF, 0x03, 0xDE, 0x07, 0xFC, 0x07, 0xF8, 0x0F, 0xF0, 0x1F, 0xE0, 0x3F, 0xC0, 0x7F, 0x80,
  0xFF, 0x03, 0xFE, 0x07, 0xBC, 0x1F, 0x7F, 0xFC, 0xFF, 0xF1, 0xFF, 0x80, 0xFF, 0xF7, 0xFF, 0xBF,
  0xFD, 0xE0, 0x0F, 0x00, 0x78, 0x03, 0xC0, 0x1F, 0xFC, 0xFF, 0xE7, 0xFF, 0x3C, 0x01, 0xE0, 0x0F,
  0x00, 0x78, 0x03, 0xC0, 0x1F, 0xFF, 0xFF, 0xFF, 0xFF, 0xC0, 0xFF, 0xFF, 0xFF, 0xFF, 0xFF, 0x00,
  0xF0, 0x0F, 0x00, 0xF0, 0x0F, 0xFE, 0xFF, 0xEF, 0xFE, 0xF0, 0x0F, 0x00, 0xF0, 0x0F, 0x00, 0xF0,
  0x0F, 0x00, 0xF0, 0x0F, 0x00, 0x03, 0xF0, 0x0F, 0xFC, 0x3F, 0xFE, 0x3E, 0x1F, 0x78, 0x07, 0xF8,
  0x00, 0xF0, 0x00, 0xF0, 0x00, 0xF0, 0x7F, 0xF0, 0x7F, 0xF0, 0x7F, 0xF0, 0x07, 0x78, 0x07, 0x7C,
  0x0F, 0x3E, 0x1F, 0x3F, 0xFB, 0x0F, 0xFB, 0x03, 0xE3, 0xF0, 0x3F, 0xC0, 0xFF, 0x03, 0xFC, 0x0F,
  0xF0, 0x3F, 0xC0, 0xFF, 0x03, 0xFF, 0xFF, 0xFF, 0xFF, 0xFF, 0xFF, 0x03, 0xFC, 0x0F, 0xF0, 0x3F,
  0xC0, 0xFF, 0x03, 0xFC, 0x0F, 0xF0, 0x3F, 0xC0, 0xF0, 0xFF, 0xFF, 0xFF, 0xFF, 0xFF, 0xFF, 0xFF,
  0xFF, 0xFF, 0x01, 0xE0, 0x3C, 0x07, 0x80, 0xF0, 0x1E, 0x03, 0xC0, 0x78, 0x0F, 0x01, 0xE0, 0x3C,
  0x07, 0xF8, 0xFF, 0x1F, 0xE3, 0xFC, 0x7B, 0xFE, 0x7F, 0xC3, 0xE0, 0xF0, 0x3E, 0xF0, 0x3C, 0xF0,
  0x78, 0xF0, 0xF0, 0xF1, 0xE0, 0xF3, 0xC0, 0xF7, 0x80, 0xFF, 0x00, 0xFF, 0x80, 0xFF, 0x80, 0xFB,
  0xC0, 0xF1, 0xE0, 0xF0, 0xF0, 0xF0, 0xF0, 0xF0, 0x78, 0xF0, 0x3C, 0xF0, 0x3E, 0xF0, 0x1E, 0xF0,
  0x1E, 0x03, 0xC0, 0x78, 0x0F, 0x01, 0xE0, 0x3C, 0x07, 0x80, 0xF0, 0x1E, 0x03, 0xC0, 0x78, 0x0F,
  0x01, 0xE0, 0x3C, 0x07, 0xFF, 0xFF, 0xFF, 0xFC, 0xF8, 0x1F, 0xFE, 0x0F, 0xFF, 0x0F, 0xFF, 0x87,
  0xFF, 0xC3, 0xFF, 0xE1, 0xFF, 0xF9, 0xFF, 0xFC, 0xEF, 0xFE, 0x77, 0xFB, 0x3B, 0xFD, 0xDD, 0xFE,
  0xFC, 0xFF, 0x7E, 0x7F, 0x9F, 0x3F, 0xCF, 0x9F, 0xE7, 0x8F, 0xF3, 0xC7, 0xF8, 0xE3, 0xC0, 0xF0,
  0x1F, 0xF0, 0x3F, 0xF0, 0x7F, 0xE0, 0xFF, 0xE1, 0xFF, 0xC3, 0xFD, 0xC7, 0xFB, 0x8F, 0xF3, 0x9F,
  0xE7, 0x3F, 0xC7, 0x7F, 0x8F, 0xFF, 0x0F, 0xFE, 0x1F, 0xFC, 0x1F, 0xF8, 0x1F, 0xF0, 0x3F, 0xE0,
  0x3C, 0x03, 0xF0, 0x0F, 0xFE, 0x0F, 0xFF, 0x87, 0x87, 0xC7, 0x80, 0xF3, 0xC0, 0x7B, 0xC0, 0x1F,
  0xE0, 0x0F, 0xF0, 0x07, 0xF8, 0x03, 0xFC, 0x01, 0xFE, 0x00, 0xF7, 0x80, 0xF3, 0xC0, 0x78, 0xF8,
  0xF8, 0x7F, 0xFC, 0x1F, 0xFC, 0x03, 0xF8, 0x00, 0xFF, 0xE3, 0xFF, 0xEF, 0xFF, 0xBC, 0x1F, 0xF0,
  0x3F, 0xC0, 0xFF, 0x03, 0xFC, 0x1F, 0xFF, 0xFB, 0xFF, 0xCF, 0xFE, 0x3C, 0x00, 0xF0, 0x03, 0xC0,
  0x0F, 0x00, 0x3C, 0x00, 0xF0, 0x03, 0xC0, 0x00, 0x03, 0xF0, 0x0F, 0xFE, 0x0F, 0xFF, 0x87, 0x87,
  0xC7, 0x80, 0xF3, 0xC0, 0x7B, 0xC0, 0x1F, 0xE0, 0x0F, 0xF0, 0x07, 0xF8, 0x03, 0xFC, 0x01, 0xFE,
  0x04, 0xF7, 0x87, 0xF3, 0xC3, 0xF8, 0xF8, 0xF8, 0x7F, 0xFC, 0x1F, 0xFF, 0x83, 0xF3, 0x80, 0x00,
  0x00, 0xFF, 0xF8, 0xFF, 0xFC, 0xFF, 0xFC, 0xF0, 0x3E, 0xF0, 0x1E, 0xF0, 0x1E, 0xF0, 0x1E, 0xF0,
  0x3C, 0xFF, 0xF8, 0xFF, 0xF0, 0xFF, 0xF8, 0xF0, 0x3C, 0xF0, 0x3C, 0xF0, 0x3C, 0xF0, 0x3C, 0xF0,
  0x3C, 0xF0, 0x3C, 0xF0, 0x1F, 0x0F, 0xC0, 0x7F, 0xE1, 0xFF, 0xE7, 0xC3, 0xEF, 0x03, 0xDE, 0x00,
  0x3C, 0x00, 0x7F, 0x00, 0x7F, 0xF0, 0x3F, 0xF8, 0x0F, 0xF8, 0x01, 0xF0, 0x01, 0xFE, 0x03, 0xFE,
  0x0F, 0xBF, 0xFE, 0x3F, 0xF8, 0x1F, 0xC0, 0xFF, 0xFF, 0xFF, 0xFF, 0xF0, 0xF0, 0x0F, 0x00, 0xF0,
  0x0F, 0x00, 0xF0, 0x0F, 0x00, 0xF0, 0x0F, 0x00, 0xF0, 0x0F, 0x00, 0xF0, 0x0F, 0x00, 0xF0, 0x0F,
  0x00, 0xF0, 0xF0, 0x3F, 0xC0, 0xFF, 0x03, 0xFC, 0x0F, 0xF0, 0x3F, 0xC0, 0xFF, 0x03, 0xFC, 0x0F,
  0xF0, 0x3F, 0xC0, 0xFF, 0x03, 0xFC, 0x0F, 0xF0, 0x3F, 0xC0, 0xF7, 0x87, 0x9F, 0xFE, 0x3F, 0xF0,
  0x3F, 0x00, 0x70, 0x0E, 0xF0, 0x3D, 0xE0, 0x79, 0xC0, 0xE3, 0x81, 0xC7, 0x87, 0x87, 0x0E, 0x0E,
  0x1C, 0x1E, 0x78, 0x1C, 0xE0, 0x39, 0xC0, 0x73, 0x80, 0x7E, 0x00, 0xFC, 0x01, 0xF8, 0x01, 0xE0,
  0x03, 0xC0, 0x07, 0x80, 0x70, 0x38, 0x1C, 0xE0, 0xF0, 0x79, 0xE1, 0xF0, 0xF3, 0xC3, 0xE1, 0xE3,
  0x87, 0xC3, 0x87, 0x0F, 0x87, 0x0E, 0x3B, 0x9E, 0x1E, 0x77, 0x38, 0x1C, 0xEE, 0x70, 0x39, 0xCC,
  0xE0, 0x73, 0x99, 0xC0, 0x6E, 0x3F, 0x00, 0xFC, 0x7E, 0x01, 0xF8, 0xFC, 0x03, 0xF0, 0xF8, 0x03,
  0xE1, 0xE0, 0x07, 0x83, 0xC0, 0x0F, 0x07, 0x80, 0xF0, 0x3C, 0xF0, 0xF9, 0xE1, 0xE1, 0xE7, 0x83,
  0xCF, 0x03, 0xFC, 0x03, 0xF0, 0x07, 0xE0, 0x07, 0x80, 0x0F, 0x00, 0x3F, 0x00, 0xFF, 0x01, 0xFE,
  0x07, 0x9E, 0x0F, 0x1E, 0x3C, 0x3C, 0xF8, 0x3D, 0xE0, 0x78, 0xF0, 0x1E, 0x78, 0x1E, 0x78, 0x3C,
  0x3C, 0x3C, 0x3C, 0x78, 0x1E, 0x78, 0x0E, 0x70, 0x0F, 0xF0, 0x07, 0xE0, 0x07, 0xE0, 0x03, 0xC0,
  0x03, 0xC0, 0x03, 0xC0, 0x03, 0xC0, 0x03, 0xC0, 0x03, 0xC0, 0x03, 0xC0, 0x03, 0xC0, 0xFF, 0xFF,
  0xFF, 0xFF, 0xFE, 0x01, 0xF0, 0x0F, 0x00, 0xF0, 0x0F, 0x00, 0xF8, 0x07, 0x80, 0x78, 0x07, 0x80,
  0x7C, 0x03, 0xC0, 0x3C, 0x03, 0xC0, 0x1F, 0xFF, 0xFF, 0xFF, 0xFF, 0xC0, 0xFF, 0xFF, 0xFC, 0xF3,
  0xCF, 0x3C, 0xF3, 0xCF, 0x3C, 0xF3, 0xCF, 0x3C, 0xF3, 0xCF, 0x3C, 0xFF, 0xFF, 0xC0, 0xC1, 0x81,
  0x03, 0x06, 0x04, 0x0C, 0x18, 0x10, 0x30, 0x60, 0x40, 0xC1, 0x81, 0x03, 0x06, 0xFF, 0xFF, 0xCF,
  0x3C, 0xF3, 0xCF, 0x3C, 0xF3, 0xCF, 0x3C, 0xF3, 0xCF, 0x3C, 0xF3, 0xCF, 0xFF, 0xFF, 0xC0, 0x0F,
  0x00, 0xF0, 0x0F, 0x01, 0xF8, 0x1B, 0x83, 0x9C, 0x39, 0xC3, 0x0C, 0x70, 0xE7, 0x0E, 0xE0, 0x70,
  0xFF, 0xFF, 0xFF, 0xE6, 0x30, 0x1F, 0xC3, 0xFF, 0x1F, 0xFD, 0xE1, 0xE0, 0x0F, 0x03, 0xF9, 0xFF,
  0xDF, 0x1E, 0xF0, 0xF7, 0x8F, 0xBF, 0xFC, 0xFF, 0xE3, 0xCF, 0x80, 0xF0, 0x07, 0x80, 0x3C, 0x01,
  0xE0, 0x0F, 0x00, 0x7B, 0xE3, 0xFF, 0x9F, 0xFE, 0xF8, 0xF7, 0x83, 0xFC, 0x1F, 0xE0, 0xFF, 0x07,
  0xF8, 0x3F, 0xE3, 0xDF, 0xFE, 0xFF, 0xE7, 0xBE, 0x00, 0x0F, 0x83, 0xFE, 0x7F, 0xF7, 0x8F, 0xF0,
  0x7F, 0x00, 0xF0, 0x0F, 0x00, 0xF0, 0x77, 0x8F, 0x7F, 0xF3, 0xFE, 0x0F, 0x80, 0x00, 0x78, 0x03,
  0xC0, 0x1E, 0x00, 0xF0, 0x07, 0x8F, 0xBC, 0xFF, 0xEF, 0xFF, 0x78, 0xFF, 0x83, 0xFC, 0x1F, 0xE0,
  0xFF, 0x07, 0xF8, 0x3D, 0xE3, 0xEF, 0xFF, 0x3F, 0xF8, 0xFB, 0xC0, 0x1F, 0x81, 0xFE, 0x1F, 0xF9,
  0xF1, 0xCF, 0x07, 0x7F, 0xFB, 0xFF, 0xDE, 0x00, 0xF0, 0x03, 0xC3, 0x9F, 0xFC, 0x7F, 0xC0, 0xF8,
  0x00, 0x3E, 0xFD, 0xFB, 0xC7, 0x9F, 0xBF, 0x3C, 0x78, 0xF1, 0xE3, 0xC7, 0x8F, 0x1E, 0x3C, 0x78,
  0xF0, 0x1E, 0x79, 0xFB, 0xDF, 0xFE, 0xF1, 0xFF, 0x07, 0xF8, 0x3F, 0xC1, 0xFE, 0x0F, 0xF0, 0x7F,
  0xC7, 0xDF, 0xFE, 0x7F, 0xF1, 0xF7, 0x80, 0x3C, 0x01, 0xFF, 0x1E, 0x7F, 0xF0, 0xFE, 0x00, 0xF0,
  0x0F, 0x00, 0xF0, 0x0F, 0x00, 0xF0, 0x0F, 0x7C, 0xFF, 0xEF, 0xFF, 0xF9, 0xFF, 0x0F, 0xF0, 0xFF,
  0x0F, 0xF0, 0xFF, 0x0F, 0xF0, 0xFF, 0x0F, 0xF0, 0xFF, 0x0F, 0xFF, 0xF0, 0x0F, 0xFF, 0xFF, 0xFF,
  0xFF, 0xFF, 0xFF, 0x3C, 0xF3, 0xC0, 0x00, 0xF3, 0xCF, 0x3C, 0xF3, 0xCF, 0x3C, 0xF3, 0xCF, 0x3C,
  0xF3, 0xCF, 0xFF, 0xFF, 0x80, 0xF0, 0x0F, 0x00, 0xF0, 0x0F, 0x00, 0xF0, 0x0F, 0x0F, 0xF1, 0xEF,
  0x3C, 0xF7, 0x8F, 0xF0, 0xFF, 0x0F, 0xF8, 0xFF, 0x8F, 0x3C, 0xF1, 0xCF, 0x1E, 0xF0, 0xFF, 0x0F,
  0xFF, 0xFF, 0xFF, 0xFF, 0xFF, 0xFF, 0xFF, 0xFF, 0xFF, 0xF7, 0x8F, 0x9F, 0xFB, 0xFB, 0xFF, 0xFF,
  0xFC, 0xF8, 0xFF, 0x1E, 0x1F, 0xE3, 0xC3, 0xFC, 0x78, 0x7F, 0x8F, 0x0F, 0xF1, 0xE1, 0xFE, 0x3C,
  0x3F, 0xC7, 0x87, 0xF8, 0xF0, 0xFF, 0x1E, 0x1E, 0xF7, 0xCF, 0xFE, 0xFF, 0xFF, 0x9F, 0xF0, 0xFF,
  0x0F, 0xF0, 0xFF, 0x0F, 0xF0, 0xFF, 0x0F, 0xF0, 0xFF, 0x0F, 0xF0, 0xF0, 0x0F, 0x81, 0xFF, 0x1F,
  0xFC, 0xF1, 0xEF, 0x07, 0xF8, 0x3F, 0xC1, 0xFE, 0x0F, 0xF0, 0x7B, 0xC7, 0x9F, 0xFC, 0x7F, 0xC0,
  0xF8, 0x00, 0xF7, 0xC7, 0xFF, 0x3F, 0xFD, 0xF1, 0xEF, 0x07, 0xF8, 0x3F, 0xC1, 0xFE, 0x0F, 0xF0,
  0x7F, 0xC7, 0xBF, 0xFD, 0xFF, 0xCF, 0x7C, 0x78, 0x03, 0xC0, 0x1E, 0x00, 0xF0, 0x07, 0x80, 0x00,
  0x0F, 0x79, 0xFF, 0xDF, 0xFE, 0xF1, 0xFF, 0x07, 0xF8, 0x3F, 0xC1, 0xFE, 0x0F, 0xF0, 0x7B, 0xC7,
  0xDF, 0xFE, 0x7F, 0xF1, 0xF7, 0x80, 0x3C, 0x01, 0xE0, 0x0F, 0x00, 0x78, 0x03, 0xC0, 0xF3, 0xF7,
  0xFF, 0xF8, 0xF0, 0xF0, 0xF0, 0xF0, 0xF0, 0xF0, 0xF0, 0xF0, 0xF0, 0x1F, 0x87, 0xFC, 0xFF, 0xEF,
  0x0F, 0xF8, 0x0F, 0xF0, 0x7F, 0xE1, 0xFF, 0x01, 0xFF, 0x0F, 0xFF, 0xE7, 0xFE, 0x1F, 0x80, 0x79,
  0xE7, 0xBF, 0xFD, 0xE7, 0x9E, 0x79, 0xE7, 0x9E, 0x7D, 0xF3, 0xC0, 0xF0, 0xFF, 0x0F, 0xF0, 0xFF,
  0x0F, 0xF0, 0xFF, 0x0F, 0xF0, 0xFF, 0x0F, 0xF0, 0xFF, 0x9F, 0xFF, 0xF7, 0xFF, 0x3E, 0xF0, 0xF0,
  0x7B, 0x83, 0x9E, 0x1C, 0xF1, 0xE3, 0x8E, 0x1C, 0x70, 0xF7, 0x83, 0xB8, 0x1D, 0xC0, 0x7E, 0x03,
  0xE0, 0x1F, 0x00, 0x70, 0x00, 0xF0, 0xE1, 0xDC, 0x78, 0x77, 0x1F, 0x3D, 0xE7, 0xCF, 0x79, 0xB3,
  0x8E, 0x6C, 0xE3, 0xBB, 0x38, 0xEE, 0xFC, 0x1F, 0x3F, 0x07, 0xC7, 0xC1, 0xF1, 0xF0, 0x7C, 0x78,
  0x0E, 0x1E, 0x00, 0x78, 0xF3, 0xC7, 0x8F, 0x78, 0x3B, 0x81, 0xFC, 0x07, 0xC0, 0x1E, 0x01, 0xF0,
  0x1F, 0xC0, 0xEF, 0x0F, 0x78, 0xF1, 0xE7, 0x87, 0x00, 0xF0, 0x7B, 0x83, 0x9E, 0x1C, 0x71, 0xE3,
  0x8E, 0x1E, 0x70, 0x73, 0x83, 0xB8, 0x1F, 0xC0, 0x7E, 0x03, 0xE0, 0x0F, 0x00, 0x70, 0x03, 0x80,
  0x3C, 0x07, 0xC0, 0x3E, 0x01, 0xE0, 0x00, 0xFF, 0xFF, 0xFF, 0xFC, 0x0F, 0x07, 0x83, 0xC1, 0xE0,
  0xF0, 0x78, 0x3C, 0x0F, 0xFF, 0xFF, 0xFF, 0xC0, 0x1C, 0xF3, 0xCE, 0x38, 0xE3, 0x8E, 0x38, 0xE3,
  0xBC, 0xF0, 0xE3, 0x8E, 0x38, 0xE3, 0x8E, 0x3C, 0xF1, 0xC0, 0xFF, 0xFF, 0xFF, 0xFF, 0xFF, 0xF0,
  0xE3, 0x8F, 0x1C, 0x71, 0xC7, 0x1C, 0x71, 0xC7, 0x0F, 0x3D, 0xC7, 0x1C, 0x71, 0xC7, 0x1C, 0xF3,
  0xCE, 0x00, 0x78, 0x0F, 0xE0, 0xCF, 0x30, 0x7F, 0x01, 0xE0, 0x00, 0xFF, 0xF0, 0x06, 0x66, 0xEF,
  0xFF, 0xFF, 0xFF, 0xF0, 0x04, 0x00, 0x40, 0x1F, 0x83, 0xFC, 0x7F, 0xE7, 0x5F, 0xF4, 0xFF, 0x40,
  0xF4, 0x0F, 0x40, 0xF4, 0x0F, 0x4F, 0x7D, 0xF7, 0xFE, 0x3F, 0xC0, 0xE0, 0x04, 0x00, 0x40, 0x07,
  0xE0, 0x7F, 0xE3, 0xFF, 0x9F, 0x1F, 0x78, 0x3D, 0xE0, 0x07, 0xC0, 0x0F, 0x80, 0xFF, 0x80, 0x3C,
  0x00, 0xF0, 0x03, 0xC0, 0x1E, 0x00, 0xFE, 0x27, 0xFF, 0xCF, 0xFF, 0x20, 0xF8, 0x40, 0x5D, 0xDF,
  0xFF, 0xBF, 0xE7, 0x1C, 0xC1, 0x98, 0x33, 0x8E, 0x7F, 0xDF, 0xFF, 0xBB, 0xA0, 0x20, 0x70, 0xEE,
  0x18, 0xE7, 0x1C, 0xE1, 0xB8, 0x3F, 0x03, 0xC0, 0x78, 0x3F, 0xC1, 0xE0, 0x3C, 0x1F, 0xE0, 0xF0,
  0x1E, 0x03, 0xC0, 0x78, 0xFF, 0xFF, 0xC0, 0x3F, 0xFF, 0xFC, 0x1F, 0x03, 0xFC, 0x7F, 0xC7, 0x9E,
  0x78, 0x07, 0xC0, 0x3F, 0x07, 0xFC, 0xF3, 0xEE, 0x1F, 0xE0, 0x7F, 0x87, 0x7C, 0xF3, 0xFE, 0x0F,
  0xC0, 0x3E, 0x01, 0xE7, 0x9E, 0x79, 0xE7, 0xFC, 0x3F, 0xC1, 0xF0, 0xCF, 0x3C, 0xC0, 0x03, 0xF0,
  0x03, 0xFF, 0x01, 0xC1, 0xE0, 0xE7, 0x9C, 0x77, 0xF3, 0x99, 0x86, 0x6C, 0xC0, 0x0F, 0x30, 0x03,
  0xCC, 0x00, 0xF3, 0x00, 0x3C, 0xC0, 0x0F, 0x30, 0x63, 0x66, 0x39, 0x9D, 0xFC, 0xE3, 0x9E, 0x70,
  0x70, 0x78, 0x0F, 0xFC, 0x00, 0xFC, 0x00, 0x79, 0xFB, 0x30, 0x67, 0xD9, 0xB3, 0x7E, 0x6E, 0x03,
  0xFF, 0xF0, 0x00, 0x08, 0x4C, 0x6E, 0x7E, 0x76, 0x33, 0x9C, 0xE7, 0x31, 0x88, 0x40, 0xFF, 0xFF,
  0xFF, 0xFF, 0xF0, 0x07, 0x00, 0x70, 0x07, 0xFF, 0xFF, 0xC0, 0x03, 0xF0, 0x03, 0xFF, 0x01, 0xC0,
  0xE0, 0xE0, 0x1C, 0x77, 0xF3, 0x99, 0xFE, 0x6C, 0x61, 0x8F, 0x18, 0x63, 0xC7, 0xF0, 0xF1, 0xFC,
  0x3C, 0x61, 0x8F, 0x18, 0x63, 0x66, 0x19, 0x9D, 0x86, 0xE3, 0x80, 0x70, 0x70, 0x38, 0x0F, 0xFC,
  0x00, 0xFC, 0x00, 0xFF, 0xFC, 0x31, 0xEC, 0xE1, 0x87, 0x37, 0x8C, 0x07, 0x00, 0x70, 0x07, 0x00,
  0x70, 0x7F, 0xF7, 0xFF, 0x7F, 0xF0, 0x70, 0x07, 0x00, 0x70, 0x07, 0x00, 0x00, 0x00, 0x0F, 0xFF,
  0xFF, 0xFF, 0xFF, 0x38, 0xFB, 0x1E, 0x30, 0x61, 0x87, 0x38, 0xE1, 0xFF, 0xF8, 0x7D, 0xFF, 0x18,
  0x30, 0x63, 0x81, 0x83, 0xC7, 0xFD, 0xF0, 0x76, 0xC0, 0xF0, 0xF7, 0x87, 0xBC, 0x3D, 0xE1, 0xEF,
  0x0F, 0x78, 0x7B, 0xC3, 0xDE, 0x1E, 0xF0, 0xF7, 0xCF, 0xBF, 0xFF, 0xFF, 0xFF, 0xF3, 0xF8, 0x03,
  0xC0, 0x1E, 0x00, 0xF0, 0x07, 0x80, 0x00, 0x1F, 0xF7, 0xFF, 0x7E, 0x6F, 0xE6, 0xFE, 0x6F, 0xE6,
  0xFE, 0x6F, 0xE6, 0x7E, 0x67, 0xE6, 0x1E, 0x60, 0x66, 0x06, 0x60, 0x66, 0x06, 0x60, 0x66, 0x06,
  0x60, 0x66, 0x06, 0x60, 0x66, 0x06, 0x60, 0x66, 0xFF, 0x80, 0x10, 0xE0, 0xE3, 0xF8, 0x13, 0xF3,
  0x33, 0x33, 0x33, 0x38, 0xFB, 0xBE, 0x3C, 0x78, 0xFB, 0xBE, 0x38, 0x03, 0xFF, 0xF0, 0x00, 0x42,
  0x31, 0x9E, 0xF3, 0x19, 0x8D, 0xCF, 0xCE, 0xC6, 0x42, 0x00, 0x30, 0x00, 0x30, 0x00, 0xF0, 0x18,
  0x30, 0x30, 0x30, 0x30, 0x30, 0x60, 0x30, 0xE0, 0x30, 0xC0, 0x31, 0x80, 0x31, 0x80, 0x03, 0x0E,
  0x03, 0x0E, 0x06, 0x16, 0x0C, 0x26, 0x0C, 0x26, 0x18, 0x7F, 0x18, 0x7F, 0x30, 0x06, 0x60, 0x06,
  0x30, 0x00, 0x18, 0x00, 0x3C, 0x06, 0x06, 0x06, 0x03, 0x03, 0x01, 0x83, 0x00, 0xC3, 0x80, 0x61,
  0x80, 0x31, 0x9E, 0x18, 0xDF, 0x80, 0xCC, 0xC0, 0x66, 0x30, 0x60, 0x30, 0x60, 0x18, 0x30, 0x38,
  0x30, 0x38, 0x18, 0x38, 0x18, 0x1F, 0xD8, 0x1F, 0xE0, 0x7C, 0x00, 0x7F, 0x00, 0x31, 0x80, 0x00,
  0xC1, 0x80, 0x60, 0xC0, 0xE0, 0xC0, 0x18, 0x60, 0x0C, 0x60, 0xC6, 0x70, 0x7F, 0x30, 0x1F, 0x30,
  0x00, 0x18, 0xE0, 0x18, 0x70, 0x1C, 0x58, 0x0C, 0x4C, 0x0C, 0x26, 0x06, 0x3F, 0x86, 0x1F, 0xC7,
  0x00, 0xC3, 0x00, 0x60, 0x0F, 0x00, 0xF0, 0x0F, 0x00, 0x00, 0x07, 0x00, 0xF0, 0x0E, 0x01, 0xE0,
  0x7C, 0x0F, 0x80, 0xF0, 0x0F, 0x00, 0xF0, 0xFF, 0x1E, 0xF9, 0xE7, 0xFE, 0x7F, 0xC1, 0xF8, 0x07,
  0x00, 0x03, 0x80, 0x01, 0x80, 0x00, 0x00, 0x03, 0xE0, 0x03, 0xE0, 0x03, 0xE0, 0x07, 0xF0, 0x07,
  0xF0, 0x07, 0x70, 0x0F, 0x78, 0x0E, 0x78, 0x0E, 0x38, 0x1E, 0x3C, 0x1C, 0x3C, 0x3F, 0xFC, 0x3F,
  0xFE, 0x3F, 0xFE, 0x78, 0x0E, 0x78, 0x0F, 0x70, 0x0F, 0xF0, 0x07, 0x00, 0xE0, 0x00, 0xC0, 0x01,
  0x80, 0x00, 0x00, 0x03, 0xE0, 0x03, 0xE0, 0x03, 0xE0, 0x07, 0xF0, 0x07, 0xF0, 0x07, 0x70, 0x0F,
  0x78, 0x0E, 0x78, 0x0E, 0x38, 0x1E, 0x3C, 0x1C, 0x3C, 0x3F, 0xFC, 0x3F, 0xFE, 0x3F, 0xFE, 0x78,
  0x0E, 0x78, 0x0F, 0x70, 0x0F, 0xF0, 0x07, 0x01, 0xC0, 0x03, 0xC0, 0x06, 0x60, 0x00, 0x00, 0x03,
  0xE0, 0x03, 0xE0, 0x03, 0xE0, 0x07, 0xF0, 0x07, 0xF0, 0x07, 0x70, 0x0F, 0x78, 0x0E, 0x78, 0x0E,
  0x38, 0x1E, 0x3C, 0x1C, 0x3C, 0x3F, 0xFC, 0x3F, 0xFE, 0x3F, 0xFE, 0x78, 0x0E, 0x78, 0x0F, 0x70,
  0x0F, 0xF0, 0x07, 0x07, 0xB0, 0x07, 0xE0, 0x04, 0x40, 0x03, 0xE0, 0x03, 0xE0, 0x03, 0xE0, 0x07,
  0xF0, 0x07, 0xF0, 0x07, 0x70, 0x0F, 0x78, 0x0E, 0x78, 0x0E, 0x38, 0x1E, 0x3C, 0x1C, 0x3C, 0x3F,
  0xFC, 0x3F, 0xFE, 0x3F, 0xFE, 0x78, 0x0E, 0x78, 0x0F, 0x70, 0x0F, 0xF0, 0x07, 0x06, 0x30, 0x06,
  0x30, 0x06, 0x30, 0x00, 0x00, 0x03, 0xE0, 0x03, 0xE0, 0x03, 0xE0, 0x07, 0xF0, 0x07, 0xF0, 0x07,
  0x70, 0x0F, 0x78, 0x0E, 0x78, 0x0E, 0x38, 0x1E, 0x3C, 0x1C, 0x3C, 0x3F, 0xFC, 0x3F, 0xFE, 0x3F,
  0xFE, 0x78, 0x0E, 0x78, 0x0F, 0x70, 0x0F, 0xF0, 0x07, 0x03, 0xC0, 0x06, 0x60, 0x06, 0x60, 0x03,
  0xC0, 0x03, 0xE0, 0x03, 0xE0, 0x03, 0xE0, 0x07, 0xF0, 0x07, 0xF0, 0x07, 0x70, 0x0F, 0x78, 0x0E,
  0x78, 0x0E, 0x38, 0x1E, 0x3C, 0x1C, 0x3C, 0x3F, 0xFC, 0x3F, 0xFE, 0x3F, 0xFE, 0x78, 0x0E, 0x78,
  0x0F, 0x70, 0x0F, 0xF0, 0x07, 0x03, 0xFF, 0xFC, 0x1F, 0xFF, 0xF0, 0x7F, 0xFF, 0xC1, 0xCF, 0x00,
  0x0F, 0x3C, 0x00, 0x3C, 0xF0, 0x00, 0xE3, 0xC0, 0x07, 0x8F, 0xFE, 0x1E, 0x3F, 0xF8, 0x70, 0xFF,
  0xE3, 0xC3, 0xC0, 0x0F, 0xFF, 0x00, 0x3F, 0xFC, 0x01, 0xFF, 0xF0, 0x07, 0x83, 0xC0, 0x1C, 0x0F,
  0xFF, 0xF0, 0x3F, 0xFF, 0xC0, 0xFF, 0xF0, 0x07, 0xE0, 0x1F, 0xF8, 0x3F, 0xFC, 0x7C, 0x3E, 0x78,
  0x1F, 0xF8, 0x0F, 0xF0, 0x00, 0xF0, 0x00, 0xF0, 0x00, 0xF0, 0x00, 0xF0, 0x00, 0xF0, 0x00, 0xF8,
  0x0F, 0x78, 0x1F, 0x7C, 0x3E, 0x3F, 0xFE, 0x3F, 0xF8, 0x1F, 0xE0, 0x07, 0x00, 0x01, 0xC0, 0x03,
  0xC0, 0x00, 0xC0, 0x0F, 0x80, 0x1C, 0x00, 0x70, 0x00, 0x80, 0x00, 0x0F, 0xFF, 0x7F, 0xFB, 0xFF,
  0xDE, 0x00, 0xF0, 0x07, 0x80, 0x3C, 0x01, 0xFF, 0xCF, 0xFE, 0x7F, 0xF3, 0xC0, 0x1E, 0x00, 0xF0,
  0x07, 0x80, 0x3C, 0x01, 0xFF, 0xFF, 0xFF, 0xFF, 0xFC, 0x03, 0x80, 0x38, 0x01, 0x00, 0x00, 0x0F,
  0xFF, 0x7F, 0xFB, 0xFF, 0xDE, 0x00, 0xF0, 0x07, 0x80, 0x3C, 0x01, 0xFF, 0xCF, 0xFE, 0x7F, 0xF3,
  0xC0, 0x1E, 0x00, 0xF0, 0x07, 0x80, 0x3C, 0x01, 0xFF, 0xFF, 0xFF, 0xFF, 0xFC, 0x0E, 0x00, 0xF8,
  0x06, 0x60, 0x00, 0x0F, 0xFF, 0x7F, 0xFB, 0xFF, 0xDE, 0x00, 0xF0, 0x07, 0x80, 0x3C, 0x01, 0xFF,
  0xCF, 0xFE, 0x7F, 0xF3, 0xC0, 0x1E, 0x00, 0xF0, 0x07, 0x80, 0x3C, 0x01, 0xFF, 0xFF, 0xFF, 0xFF,
  0xFC, 0x18, 0xC0, 0xC6, 0x06, 0x30, 0x00, 0x0F, 0xFF, 0x7F, 0xFB, 0xFF, 0xDE, 0x00, 0xF0, 0x07,
  0x80, 0x3C, 0x01, 0xFF, 0xCF, 0xFE, 0x7F, 0xF3, 0xC0, 0x1E, 0x00, 0xF0, 0x07, 0x80, 0x3C, 0x01,
  0xFF, 0xFF, 0xFF, 0xFF, 0xFC, 0xE1, 0xC1, 0x00, 0x3C, 0xF3, 0xCF, 0x3C, 0xF3, 0xCF, 0x3C, 0xF3,
  0xCF, 0x3C, 0xF3, 0xCF, 0x3C, 0xF0, 0x33, 0x30, 0x07, 0xBD, 0xEF, 0x7B, 0xDE, 0xF7, 0xBD, 0xEF,
  0x7B, 0xDE, 0xF7, 0xBC, 0x38, 0xFB, 0x30, 0x03, 0xC7, 0x8F, 0x1E, 0x3C, 0x78, 0xF1, 0xE3, 0xC7,
  0x8F, 0x1E, 0x3C, 0x78, 0xF1, 0xE3, 0xC7, 0x80, 0xC7, 0x8F, 0x18, 0x03, 0xC7, 0x8F, 0x1E, 0x3C,
  0x78, 0xF1, 0xE3, 0xC7, 0x8F, 0x1E, 0x3C, 0x78, 0xF1, 0xE3, 0xC7, 0x80, 0x7F, 0xE0, 0x7F, 0xF8,
  0x7F, 0xFC, 0x78, 0x3E, 0x78, 0x1E, 0x78, 0x0F, 0x78, 0x0F, 0xFF, 0x0F, 0xFF, 0x0F, 0xFF, 0x0F,
  0x78, 0x0F, 0x78, 0x0F, 0x78, 0x0F, 0x78, 0x1E, 0x78, 0x3E, 0x7F, 0xFC, 0x7F, 0xF8, 0x7F, 0xE0,
  0x08, 0x40, 0x3F, 0x80, 0x5E, 0x00, 0x00, 0x0F, 0x01, 0xFF, 0x03, 0xFF, 0x07, 0xFE, 0x0F, 0xFE,
  0x1F, 0xFC, 0x3F, 0xDC, 0x7F, 0xB8, 0xFF, 0x39, 0xFE, 0x73, 0xFC, 0x77, 0xF8, 0xFF, 0xF0, 0xFF,
  0xE1, 0xFF, 0xC1, 0xFF, 0x81, 0xFF, 0x03, 0xFE, 0x03, 0xC0, 0x07, 0x00, 0x01, 0x80, 0x00, 0x60,
  0x00, 0x00, 0x00, 0x3F, 0x00, 0xFF, 0xE0, 0xFF, 0xF8, 0x78, 0x7C, 0x78, 0x0F, 0x3C, 0x07, 0xBC,
  0x01, 0xFE, 0x00, 0xFF, 0x00, 0x7F, 0x80, 0x3F, 0xC0, 0x1F, 0xE0, 0x0F, 0x78, 0x0F, 0x3C, 0x07,
  0x8F, 0x8F, 0x87, 0xFF, 0xC1, 0xFF, 0xC0, 0x3F, 0x80, 0x00, 0xE0, 0x00, 0xE0, 0x00, 0x60, 0x00,
  0x00, 0x00, 0x3F, 0x00, 0xFF, 0xE0, 0xFF, 0xF8, 0x78, 0x7C, 0x78, 0x0F, 0x3C, 0x07, 0xBC, 0x01,
  0xFE, 0x00, 0xFF, 0x00, 0x7F, 0x80, 0x3F, 0xC0, 0x1F, 0xE0, 0x0F, 0x78, 0x0F, 0x3C, 0x07, 0x8F,
  0x8F, 0x87, 0xFF, 0xC1, 0xFF, 0xC0, 0x3F, 0x80, 0x03, 0xC0, 0x01, 0xE0, 0x01, 0x98, 0x00, 0x00,
  0x00, 0x3F, 0x00, 0xFF, 0xE0, 0xFF, 0xF8, 0x78, 0x7C, 0x78, 0x0F, 0x3C, 0x07, 0xBC, 0x01, 0xFE,
  0x00, 0xFF, 0x00, 0x7F, 0x80, 0x3F, 0xC0, 0x1F, 0xE0, 0x0F, 0x78, 0x0F, 0x3C, 0x07, 0x8F, 0x8F,
  0x87, 0xFF, 0xC1, 0xFF, 0xC0, 0x3F, 0x80, 0x02, 0x30, 0x03, 0xF0, 0x01, 0x78, 0x00, 0x00, 0x00,
  0x3F, 0x00, 0xFF, 0xE0, 0xFF, 0xF8, 0x78, 0x7C, 0x78, 0x0F, 0x3C, 0x07, 0xBC, 0x01, 0xFE, 0x00,
  0xFF, 0x00, 0x7F, 0x80, 0x3F, 0xC0, 0x1F, 0xE0, 0x0F, 0x78, 0x0F, 0x3C, 0x07, 0x8F, 0x8F, 0x87,
  0xFF, 0xC1, 0xFF, 0xC0, 0x3F, 0x80, 0x06, 0x30, 0x03, 0x18, 0x01, 0x8C, 0x00, 0x00, 0x00, 0x3F,
  0x00, 0xFF, 0xE0, 0xFF, 0xF8, 0x78, 0x7C, 0x78, 0x0F, 0x3C, 0x07, 0xBC, 0x01, 0xFE, 0x00, 0xFF,
  0x00, 0x7F, 0x80, 0x3F, 0xC0, 0x1F, 0xE0, 0x0F, 0x78, 0x0F, 0x3C, 0x07, 0x8F, 0x8F, 0x87, 0xFF,
  0xC1, 0xFF, 0xC0, 0x3F, 0x80, 0x00, 0x18, 0x6F, 0x3D, 0xFE, 0x3F, 0x07, 0x83, 0xF1, 0xFE, 0xF3,
  0xD8, 0x60, 0x00, 0x03, 0xE1, 0x8F, 0xFD, 0xCF, 0xFF, 0xC7, 0x87, 0xC7, 0x80, 0xF3, 0xC0, 0xFB,
  0xC0, 0xDF, 0xE0, 0xCF, 0xF0, 0xC7, 0xF8, 0xC3, 0xFC, 0xC1, 0xFE, 0x60, 0xF7, 0xE0, 0xF3, 0xE0,
  0x78, 0xF0, 0xF8, 0x7F, 0xFC, 0x6F, 0xFC, 0x61, 0xF8, 0x00, 0x0C, 0x00, 0x18, 0x00, 0x30, 0x00,
  0x00, 0xF0, 0x3F, 0xC0, 0xFF, 0x03, 0xFC, 0x0F, 0xF0, 0x3F, 0xC0, 0xFF, 0x03, 0xFC, 0x0F, 0xF0,
  0x3F, 0xC0, 0xFF, 0x03, 0xFC, 0x0F, 0xF0, 0x3F, 0xC0, 0xF7, 0x87, 0x9F, 0xFE, 0x3F, 0xF0, 0x3F,
  0x00, 0x03, 0x80, 0x0C, 0x00, 0x60, 0x00, 0x00, 0xF0, 0x3F, 0xC0, 0xFF, 0x03, 0xFC, 0x0F, 0xF0,
  0x3F, 0xC0, 0xFF, 0x03, 0xFC, 0x0F, 0xF0, 0x3F, 0xC0, 0xFF, 0x03, 0xFC, 0x0F, 0xF0, 0x3F, 0xC0,
  0xF7, 0x87, 0x9F, 0xFE, 0x3F, 0xF0, 0x3F, 0x00, 0x07, 0x00, 0x3E, 0x01, 0x98, 0x00, 0x00, 0xF0,
  0x3F, 0xC0, 0xFF, 0x03, 0xFC, 0x0F, 0xF0, 0x3F, 0xC0, 0xFF, 0x03, 0xFC, 0x0F, 0xF0, 0x3F, 0xC0,
  0xFF, 0x03, 0xFC, 0x0F, 0xF0, 0x3F, 0xC0, 0xF7, 0x87, 0x9F, 0xFE, 0x3F, 0xF0, 0x3F, 0x00, 0x18,
  0xC0, 0x63, 0x01, 0x8C, 0x00, 0x00, 0xF0, 0x3F, 0xC0, 0xFF, 0x03, 0xFC, 0x0F, 0xF0, 0x3F, 0xC0,
  0xFF, 0x03, 0xFC, 0x0F, 0xF0, 0x3F, 0xC0, 0xFF, 0x03, 0xFC, 0x0F, 0xF0, 0x3F, 0xC0, 0xF7, 0x87,
  0x9F, 0xFE, 0x3F, 0xF0, 0x3F, 0x00, 0x00, 0xE0, 0x01, 0xC0, 0x01, 0x80, 0x00, 0x00, 0xF0, 0x1E,
  0x78, 0x1E, 0x78, 0x3C, 0x3C, 0x3C, 0x3C, 0x78, 0x1E, 0x78, 0x0E, 0x70, 0x0F, 0xF0, 0x07, 0xE0,
  0x07, 0xE0, 0x03, 0xC0, 0x03, 0xC0, 0x03, 0xC0, 0x03, 0xC0, 0x03, 0xC0, 0x03, 0xC0, 0x03, 0xC0,
  0x03, 0xC0, 0xF0, 0x03, 0xC0, 0x0F, 0x00, 0x3F, 0xF8, 0xFF, 0xFB, 0xFF, 0xEF, 0x07, 0xFC, 0x0F,
  0xF0, 0x3F, 0xC0, 0xFF, 0x07, 0xFF, 0xFE, 0xFF, 0xFB, 0xFF, 0x8F, 0x00, 0x3C, 0x00, 0xF0, 0x03,
  0xC0, 0x00, 0x1F, 0x07, 0xFC, 0x7F, 0xCF, 0x1E, 0xF1, 0xEF, 0x1E, 0xF3, 0xCF, 0x78, 0xF7, 0xCF,
  0x1E, 0xF0, 0xFF, 0x0F, 0xF0, 0xFF, 0x0F, 0xF1, 0xFF, 0x7E, 0xF7, 0xCF, 0x78, 0x1C, 0x00, 0x60,
  0x01, 0x80, 0x00, 0x00, 0x00, 0x0F, 0xE1, 0xFF, 0x8F, 0xFE, 0xF0, 0xF0, 0x07, 0x81, 0xFC, 0xFF,
  0xEF, 0x8F, 0x78, 0x7B, 0xC7, 0xDF, 0xFE, 0x7F, 0xF1, 0xE7, 0xC0, 0x07, 0x00, 0x30, 0x03, 0x00,
  0x00, 0x00, 0x00, 0x0F, 0xE1, 0xFF, 0x8F, 0xFE, 0xF0, 0xF0, 0x07, 0x81, 0xFC, 0xFF, 0xEF, 0x8F,
  0x78, 0x7B, 0xC7, 0xDF, 0xFE, 0x7F, 0xF1, 0xE7, 0xC0, 0x0E, 0x00, 0xD8, 0x0C, 0x40, 0x00, 0x00,
  0x00, 0x0F, 0xE1, 0xFF, 0x8F, 0xFE, 0xF0, 0xF0, 0x07, 0x81, 0xFC, 0xFF, 0xEF, 0x8F, 0x78, 0x7B,
  0xC7, 0xDF, 0xFE, 0x7F, 0xF1, 0xE7, 0xC0, 0x18, 0x81, 0xFC, 0x08, 0xC0, 0x00, 0x00, 0x00, 0x0F,
  0xE1, 0xFF, 0x8F, 0xFE, 0xF0, 0xF0, 0x07, 0x81, 0xFC, 0xFF, 0xEF, 0x8F, 0x78, 0x7B, 0xC7, 0xDF,
  0xFE, 0x7F, 0xF1, 0xE7, 0xC0, 0x31, 0x81, 0x8C, 0x0C, 0x60, 0x00, 0x00, 0x00, 0x0F, 0xE1, 0xFF,
  0x8F, 0xFE, 0xF0, 0xF0, 0x07, 0x81, 0xFC, 0xFF, 0xEF, 0x8F, 0x78, 0x7B, 0xC7, 0xDF, 0xFE, 0x7F,
  0xF1, 0xE7, 0xC0, 0x1E, 0x00, 0xF0, 0x04, 0xC0, 0x24, 0x00, 0xC0, 0x00, 0x00, 0x7F, 0x0F, 0xFC,
  0x7F, 0xF7, 0x87, 0x80, 0x3C, 0x0F, 0xE7, 0xFF, 0x7C, 0x7B, 0xC3, 0xDE, 0x3E, 0xFF, 0xF3, 0xFF,
  0x8F, 0x3E, 0x1F, 0x8F, 0x83, 0xFF, 0xFE, 0x1F, 0xFF, 0xF9, 0xE1, 0xF0, 0xE0, 0x0F, 0x07, 0x07,
  0xFF, 0xF9, 0xFF, 0xFF, 0xDF, 0x1E, 0x00, 0xF0, 0xF0, 0x07, 0x8F, 0xC3, 0xBF, 0xFF, 0xFC, 0xFE,
  0x7F, 0xC3, 0xE0, 0xF8, 0x00, 0x1F, 0x07, 0xF9, 0xFF, 0x7C, 0xFF, 0x0F, 0xE0, 0x3C, 0x07, 0x80,
  0xF0, 0xFF, 0x3D, 0xFF, 0x3F, 0xE3, 0xF0, 0x38, 0x01, 0xC0, 0x18, 0x13, 0x03, 0xC0, 0x1C, 0x00,
  0x60, 0x01, 0x80, 0x00, 0x00, 0x00, 0x0F, 0xC0, 0xFF, 0x0F, 0xFC, 0xF8, 0xE7, 0x83, 0xBF, 0xFD,
  0xFF, 0xEF, 0x00, 0x78, 0x01, 0xE1, 0xCF, 0xFE, 0x3F, 0xE0, 0x7C, 0x00, 0x03, 0x00, 0x30, 0x01,
  0x00, 0x00, 0x00, 0x00, 0x0F, 0xC0, 0xFF, 0x0F, 0xFC, 0xF8, 0xE7, 0x83, 0xBF, 0xFD, 0xFF, 0xEF,
  0x00, 0x78, 0x01, 0xE1, 0xCF, 0xFE, 0x3F, 0xE0, 0x7C, 0x00, 0x0E, 0x00, 0xD8, 0x0C, 0x60, 0x00,
  0x00, 0x00, 0x0F, 0xC0, 0xFF, 0x0F, 0xFC, 0xF8, 0xE7, 0x83, 0xBF, 0xFD, 0xFF, 0xEF, 0x00, 0x78,
  0x01, 0xE1, 0xCF, 0xFE, 0x3F, 0xE0, 0x7C, 0x00, 0x19, 0x80, 0xCC, 0x06, 0x60, 0x00, 0x00, 0x00,
  0x0F, 0xC0, 0xFF, 0x0F, 0xFC, 0xF8, 0xE7, 0x83, 0xBF, 0xFD, 0xFF, 0xEF, 0x00, 0x78, 0x01, 0xE1,
  0xCF, 0xFE, 0x3F, 0xE0, 0x7C, 0x00, 0x60, 0xC3, 0x00, 0x00, 0xF3, 0xCF, 0x3C, 0xF3, 0xCF, 0x3C,
  0xF3, 0xCF, 0x3C, 0xF0, 0x66, 0xC0, 0x0F, 0xFF, 0xFF, 0xFF, 0xFF, 0xFF, 0xFF, 0x38, 0xD3, 0x30,
  0x00, 0x07, 0x8F, 0x1E, 0x3C, 0x78, 0xF1, 0xE3, 0xC7, 0x8F, 0x1E, 0x3C, 0x78, 0xC7, 0x8F, 0x18,
  0x00, 0x07, 0x8F, 0x1E, 0x3C, 0x78, 0xF1, 0xE3, 0xC7, 0x8F, 0x1E, 0x3C, 0x78, 0x19, 0x80, 0x78,
  0x07, 0xE0, 0x03, 0x81, 0xFE, 0x1F, 0xF9, 0xFF, 0xCF, 0x1E, 0xF0, 0x7F, 0x83, 0xFC, 0x1F, 0xE0,
  0xFF, 0x07, 0xF8, 0x3D, 0xE3, 0xCF, 0xFE, 0x3F, 0xE0, 0x7C, 0x00, 0x39, 0x07, 0xF0, 0x47, 0x00,
  0x00, 0x00, 0x0F, 0x7C, 0xFF, 0xEF, 0xFF, 0xF9, 0xFF, 0x0F, 0xF0, 0xFF, 0x0F, 0xF0, 0xFF, 0x0F,
  0xF0, 0xFF, 0x0F, 0xF0, 0xFF, 0x0F, 0x0C, 0x00, 0x30, 0x01, 0x80, 0x00, 0x00, 0x00, 0x07, 0xC0,
  0xFF, 0x8F, 0xFE, 0x78, 0xF7, 0x83, 0xFC, 0x1F, 0xE0, 0xFF, 0x07, 0xF8, 0x3D, 0xE3, 0xCF, 0xFE,
  0x3F, 0xE0, 0x7C, 0x00, 0x03, 0x00, 0x30, 0x01, 0x80, 0x00, 0x00, 0x00, 0x07, 0xC0, 0xFF, 0x8F,
  0xFE, 0x78, 0xF7, 0x83, 0xFC, 0x1F, 0xE0, 0xFF, 0x07, 0xF8, 0x3D, 0xE3, 0xCF, 0xFE, 0x3F, 0xE0,
  0x7C, 0x00, 0x0E, 0x00, 0xD8, 0x04, 0x60, 0x00, 0x00, 0x00, 0x07, 0xC0, 0xFF, 0x8F, 0xFE, 0x78,
  0xF7, 0x83, 0xFC, 0x1F, 0xE0, 0xFF, 0x07, 0xF8, 0x3D, 0xE3, 0xCF, 0xFE, 0x3F, 0xE0, 0x7C, 0x00,
  0x1C, 0x81, 0xFC, 0x08, 0xE0, 0x00, 0x00, 0x00, 0x07, 0xC0, 0xFF, 0x8F, 0xFE, 0x78, 0xF7, 0x83,
  0xFC, 0x1F, 0xE0, 0xFF, 0x07, 0xF8, 0x3D, 0xE3, 0xCF, 0xFE, 0x3F, 0xE0, 0x7C, 0x00, 0x18, 0xC0,
  0xC6, 0x06, 0x30, 0x00, 0x00, 0x00, 0x07, 0xC0, 0xFF, 0x8F, 0xFE, 0x78, 0xF7, 0x83, 0xFC, 0x1F,
  0xE0, 0xFF, 0x07, 0xF8, 0x3D, 0xE3, 0xCF, 0xFE, 0x3F, 0xE0, 0x7C, 0x00, 0x07, 0x00, 0x70, 0x07,
  0x00, 0x00, 0xFF, 0xFF, 0xFF, 0xFF, 0xF0, 0x00, 0x07, 0x00, 0x70, 0x07, 0x00, 0x07, 0xC4, 0x3F,
  0xD8, 0xFF, 0xE1, 0xE3, 0xC7, 0x87, 0xCF, 0x17, 0x9E, 0x4F, 0x3D, 0x1E, 0x7E, 0x3C, 0x78, 0xF0,
  0xFF, 0xE1, 0xFF, 0x86, 0x7C, 0x08, 0x00, 0x10, 0x00, 0x00, 0x18, 0x00, 0xC0, 0x04, 0x00, 0x00,
  0x00, 0x0F, 0x0F, 0xF0, 0xFF, 0x0F, 0xF0, 0xFF, 0x0F, 0xF0, 0xFF, 0x0F, 0xF0, 0xFF, 0x0F, 0xF9,
  0xFF, 0xFF, 0x7F, 0xF3, 0xEF, 0x06, 0x00, 0x60, 0x0C, 0x00, 0x00, 0x00, 0x0F, 0x0F, 0xF0, 0xFF,
  0x0F, 0xF0, 0xFF, 0x0F, 0xF0, 0xFF, 0x0F, 0xF0, 0xFF, 0x0F, 0xF9, 0xFF, 0xFF, 0x7F, 0xF3, 0xEF,
  0x1C, 0x03, 0x60, 0x23, 0x00, 0x00, 0x00, 0x0F, 0x0F, 0xF0, 0xFF, 0x0F, 0xF0, 0xFF, 0x0F, 0xF0,
  0xFF, 0x0F, 0xF0, 0xFF, 0x0F, 0xF9, 0xFF, 0xFF, 0x7F, 0xF3, 0xEF, 0x33, 0x83, 0x38, 0x33, 0x80,
  0x00, 0x00, 0x0F, 0x0F, 0xF0, 0xFF, 0x0F, 0xF0, 0xFF, 0x0F, 0xF0, 0xFF, 0x0F, 0xF0, 0xFF, 0x0F,
  0xF9, 0xFF, 0xFF, 0x7F, 0xF3, 0xEF, 0x03, 0x80, 0x18, 0x01, 0x80, 0x00, 0x00, 0x00, 0x78, 0x3D,
  0xC1, 0xCF, 0x0E, 0x38, 0xF1, 0xC7, 0x0F, 0x38, 0x39, 0xC1, 0xDC, 0x0F, 0xE0, 0x3F, 0x01, 0xF0,
  0x07, 0x80, 0x38, 0x01, 0xC0, 0x1E, 0x03, 0xE0, 0x1F, 0x00, 0xF0, 0x00, 0xF0, 0x07, 0x80, 0x3C,
  0x01, 0xE0, 0x0F, 0x00, 0x7B, 0xE3, 0xFF, 0x9F, 0xFE, 0xF8, 0xF7, 0x83, 0xFC, 0x1F, 0xE0, 0xFF,
  0x07, 0xF8, 0x3F, 0xE3, 0xDF, 0xFE, 0xFF, 0xE7, 0xBE, 0x3C, 0x01, 0xE0, 0x0F, 0x00, 0x78, 0x03,
  0xC0, 0x00, 0x18, 0xC0, 0xC6, 0x06, 0x30, 0x00, 0x00, 0x00, 0x78, 0x3D, 0xC1, 0xCF, 0x0E, 0x38,
  0xF1, 0xC7, 0x0F, 0x38, 0x39, 0xC1, 0xDC, 0x0F, 0xE0, 0x3F, 0x01, 0xF0, 0x07, 0x80, 0x38, 0x01,
  0xC0, 0x1E, 0x03, 0xE0, 0x1F, 0x00, 0xF0, 0x00, 0x07, 0xF0, 0x07, 0xF0, 0x00, 0x00, 0x03, 0xE0,
  0x03, 0xE0, 0x03, 0xE0, 0x07, 0xF0, 0x07, 0xF0, 0x07, 0x70, 0x0F, 0x78, 0x0E, 0x78, 0x0E, 0x38,
  0x1E, 0x3C, 0x1C, 0x3C, 0x3F, 0xFC, 0x3F, 0xFE, 0x3F, 0xFE, 0x78, 0x0E, 0x78, 0x0F, 0x70, 0x0F,
  0xF0, 0x07, 0x3F, 0x81, 0xFC, 0x00, 0x00, 0x00, 0x01, 0xFC, 0x3F, 0xF1, 0xFF, 0xDE, 0x1E, 0x00,
  0xF0, 0x3F, 0x9F, 0xFD, 0xF1, 0xEF, 0x0F, 0x78, 0xFB, 0xFF, 0xCF, 0xFE, 0x3C, 0xF8, 0x02, 0x10,
  0x03, 0xF0, 0x03, 0xE0, 0x00, 0x00, 0x03, 0xE0, 0x03, 0xE0, 0x03, 0xE0, 0x07, 0xF0, 0x07, 0xF0,
  0x07, 0x70, 0x0F, 0x78, 0x0E, 0x78, 0x0E, 0x38, 0x1E, 0x3C, 0x1C, 0x3C, 0x3F, 0xFC, 0x3F, 0xFE,
  0x3F, 0xFE, 0x78, 0x0E, 0x78, 0x0F, 0x70, 0x0F, 0xF0, 0x07, 0x11, 0x80, 0xFC, 0x03, 0xC0, 0x00,
  0x00, 0x00, 0x0F, 0xE1, 0xFF, 0x8F, 0xFE, 0xF0, 0xF0, 0x07, 0x81, 0xFC, 0xFF, 0xEF, 0x8F, 0x78,
  0x7B, 0xC7, 0xDF, 0xFE, 0x7F, 0xF1, 0xE7, 0xC0, 0x03, 0xC0, 0x07, 0xC0, 0x07, 0xE0, 0x07, 0xE0,
  0x0F, 0xE0, 0x0E, 0xF0, 0x0E, 0xF0, 0x1E, 0x70, 0x1C, 0x78, 0x1C, 0x78, 0x3C, 0x38, 0x3F, 0xFC,
  0x3F, 0xFC, 0x7F, 0xFC, 0x70, 0x1E, 0xF0, 0x1E, 0xF0, 0x0E, 0xE0, 0x0F, 0x00, 0x06, 0x00, 0x0C,
  0x00, 0x18, 0x00, 0x18, 0x00, 0x18, 0x00, 0x0F, 0x1F, 0x83, 0xFF, 0x1F, 0xFD, 0xE1, 0xE0, 0x0F,
  0x03, 0xF9, 0xFF, 0xDF, 0x1E, 0xF0, 0xF7, 0x8F, 0xBF, 0xFC, 0xFF, 0xE3, 0xCF, 0x00, 0x7C, 0x03,
  0x80, 0x30, 0x01, 0x80, 0x0E, 0x00, 0x3E, 0x00, 0xC0, 0x01, 0x80, 0x03, 0x00, 0x00, 0x00, 0x07,
  0xF0, 0x1F, 0xF8, 0x3F, 0xFE, 0x7C, 0x3E, 0x78, 0x1F, 0xF8, 0x0F, 0xF0, 0x00, 0xF0, 0x00, 0xF0,
  0x00, 0xF0, 0x00, 0xF0, 0x00, 0xF0, 0x00, 0xF8, 0x0F, 0x78, 0x1F, 0x7C, 0x3E, 0x3F, 0xFE, 0x1F,
  0xFC, 0x07, 0xF0, 0x03, 0x00, 0x60, 0x04, 0x00, 0x00, 0x00, 0x00, 0xF8, 0x3F, 0xE7, 0xFF, 0x78,
  0xFF, 0x07, 0xF0, 0x0F, 0x00, 0xF0, 0x0F, 0x07, 0x78, 0xF7, 0xFF, 0x3F, 0xE0, 0xF8, 0x03, 0x80,
  0x07, 0xC0, 0x06, 0x60, 0x00, 0x00, 0x07, 0xF0, 0x1F, 0xF8, 0x3F, 0xFE, 0x7C, 0x3E, 0x78, 0x1F,
  0xF8, 0x0F, 0xF0, 0x00, 0xF0, 0x00, 0xF0, 0x00, 0xF0, 0x00, 0xF0, 0x00, 0xF0, 0x00, 0xF8, 0x0F,
  0x78, 0x1F, 0x7C, 0x3E, 0x3F, 0xFE, 0x1F, 0xFC, 0x07, 0xF0, 0x0E, 0x01, 0xB0, 0x11, 0x80, 0x00,
  0x00, 0x00, 0xF8, 0x3F, 0xE7, 0xFF, 0x78, 0xFF, 0x07, 0xF0, 0x0F, 0x00, 0xF0, 0x0F, 0x07, 0x78,
  0xF7, 0xFF, 0x3F, 0xE0, 0xF8, 0x01, 0x80, 0x01, 0x80, 0x01, 0x80, 0x00, 0x00, 0x07, 0xF0, 0x1F,
  0xF8, 0x3F, 0xFE, 0x7C, 0x3E, 0x78, 0x1F, 0xF8, 0x0F, 0xF0, 0x00, 0xF0, 0x00, 0xF0, 0x00, 0xF0,
  0x00, 0xF0, 0x00, 0xF0, 0x00, 0xF8, 0x0F, 0x78, 0x1F, 0x7C, 0x3E, 0x3F, 0xFE, 0x1F, 0xFC, 0x07,
  0xF0, 0x06, 0x00, 0x60, 0x06, 0x00, 0x00, 0x00, 0x00, 0xF8, 0x3F, 0xE7, 0xFF, 0x78, 0xFF, 0x07,
  0xF0, 0x0F, 0x00, 0xF0, 0x0F, 0x07, 0x78, 0xF7, 0xFF, 0x3F, 0xE0, 0xF8, 0x0C, 0x60, 0x07, 0xC0,
  0x03, 0x80, 0x00, 0x00, 0x07, 0xF0, 0x1F, 0xF8, 0x3F, 0xFE, 0x7C, 0x3E, 0x78, 0x1F, 0xF8, 0x0F,
  0xF0, 0x00, 0xF0, 0x00, 0xF0, 0x00, 0xF0, 0x00, 0xF0, 0x00, 0xF0, 0x00, 0xF8, 0x0F, 0x78, 0x1F,
  0x7C, 0x3E, 0x3F, 0xFE, 0x1F, 0xFC, 0x07, 0xF0, 0x31, 0x81, 0xB0, 0x0E, 0x00, 0x00, 0x00, 0x00,
  0xF8, 0x3F, 0xE7, 0xFF, 0x78, 0xFF, 0x07, 0xF0, 0x0F, 0x00, 0xF0, 0x0F, 0x07, 0x78, 0xF7, 0xFF,
  0x3F, 0xE0, 0xF8, 0x19, 0x80, 0x3E, 0x00, 0x38, 0x00, 0x00, 0x0F, 0xFE, 0x1F, 0xFE, 0x3F, 0xFE,
  0x78, 0x3E, 0xF0, 0x3D, 0xE0, 0x7F, 0xC0, 0x7F, 0x80, 0xFF, 0x01, 0xFE, 0x03, 0xFC, 0x07, 0xF8,
  0x0F, 0xF0, 0x3F, 0xE0, 0x7B, 0xC1, 0xF7, 0xFF, 0xCF, 0xFF, 0x1F, 0xF8, 0x00, 0x00, 0x7B, 0xC0,
  0x1E, 0xF0, 0x07, 0x84, 0x01, 0xEC, 0x00, 0x78, 0x07, 0xDE, 0x03, 0xFF, 0x81, 0xFF, 0xE0, 0x78,
  0xF8, 0x3C, 0x1E, 0x0F, 0x07, 0x83, 0xC1, 0xE0, 0xF0, 0x78, 0x3C, 0x1E, 0x07, 0x8F, 0x81, 0xFF,
  0xE0, 0x3F, 0xF8, 0x07, 0xDE, 0x00, 0x7F, 0xE0, 0x7F, 0xF8, 0x7F, 0xFC, 0x78, 0x3E, 0x78, 0x1E,
  0x78, 0x0F, 0x78, 0x0F, 0xFF, 0x0F, 0xFF, 0x0F, 0xFF, 0x0F, 0x78, 0x0F, 0x78, 0x0F, 0x78, 0x0F,
  0x78, 0x1E, 0x78, 0x3E, 0x7F, 0xFC, 0x7F, 0xF8, 0x7F, 0xE0, 0x00, 0x78, 0x01, 0xE0, 0x1F, 0xC0,
  0x7F, 0x00, 0x78, 0x7D, 0xE3, 0xFF, 0x9F, 0xFE, 0x78, 0xFB, 0xC1, 0xEF, 0x07, 0xBC, 0x1E, 0xF0,
  0x7B, 0xC1, 0xE7, 0x8F, 0x9F, 0xFE, 0x3F, 0xF8, 0x3D, 0xE0, 0x3F, 0x81, 0xFC, 0x00, 0x01, 0xFF,
  0xEF, 0xFF, 0x7F, 0xFB, 0xC0, 0x1E, 0x00, 0xF0, 0x07, 0x80, 0x3F, 0xF9, 0xFF, 0xCF, 0xFE, 0x78,
  0x03, 0xC0, 0x1E, 0x00, 0xF0, 0x07, 0x80, 0x3F, 0xFF, 0xFF, 0xFF, 0xFF, 0x80, 0x3F, 0x81, 0xFC,
  0x00, 0x00, 0x00, 0x01, 0xF8, 0x1F, 0xE1, 0xFF, 0x9F, 0x1C, 0xF0, 0x77, 0xFF, 0xBF, 0xFD, 0xE0,
  0x0F, 0x00, 0x3C, 0x39, 0xFF, 0xC7, 0xFC, 0x0F, 0x80, 0x11, 0x80, 0xF8, 0x03, 0x80, 0x00, 0x0F,
  0xFF, 0x7F, 0xFB, 0xFF, 0xDE, 0x00, 0xF0, 0x07, 0x80, 0x3C, 0x01, 0xFF, 0xCF, 0xFE, 0x7F, 0xF3,
  0xC0, 0x1E, 0x00, 0xF0, 0x07, 0x80, 0x3C, 0x01, 0xFF, 0xFF, 0xFF, 0xFF, 0xFC, 0x10, 0x80, 0xFC,
  0x03, 0xC0, 0x00, 0x00, 0x00, 0x0F, 0xC0, 0xFF, 0x0F, 0xFC, 0xF8, 0xE7, 0x83, 0xBF, 0xFD, 0xFF,
  0xEF, 0x00, 0x78, 0x01, 0xE1, 0xCF, 0xFE, 0x3F, 0xE0, 0x7C, 0x00, 0x06, 0x00, 0x30, 0x01, 0x80,
  0x00, 0x0F, 0xFF, 0x7F, 0xFB, 0xFF, 0xDE, 0x00, 0xF0, 0x07, 0x80, 0x3C, 0x01, 0xFF, 0xCF, 0xFE,
  0x7F, 0xF3, 0xC0, 0x1E, 0x00, 0xF0, 0x07, 0x80, 0x3C, 0x01, 0xFF, 0xFF, 0xFF, 0xFF, 0xFC, 0x06,
  0x00, 0x30, 0x01, 0x80, 0x00, 0x00, 0x00, 0x0F, 0xC0, 0xFF, 0x0F, 0xFC, 0xF8, 0xE7, 0x83, 0xBF,
  0xFD, 0xFF, 0xEF, 0x00, 0x78, 0x01, 0xE1, 0xCF, 0xFE, 0x3F, 0xE0, 0x7C, 0x00, 0xFF, 0xF7, 0xFF,
  0xBF, 0xFD, 0xE0, 0x0F, 0x00, 0x78, 0x03, 0xC0, 0x1F, 0xFC, 0xFF, 0xE7, 0xFF, 0x3C, 0x01, 0xE0,
  0x0F, 0x00, 0x78, 0x03, 0xC0, 0x1F, 0xFE, 0xFF, 0xF7, 0xFF, 0x80, 0x0C, 0x00, 0xC0, 0x0C, 0x00,
  0x60, 0x03, 0x00, 0x0F, 0x1F, 0x03, 0xFC, 0x7F, 0xEF, 0x8F, 0xF0, 0x7F, 0xFF, 0xFF, 0xFF, 0x00,
  0xF0, 0x07, 0x8F, 0x7F, 0xE3, 0xFE, 0x0F, 0xC0, 0x1C, 0x01, 0x80, 0x30, 0x03, 0x00, 0x30, 0x01,
  0xE0, 0x19, 0x80, 0xF8, 0x03, 0x80, 0x00, 0x0F, 0xFF, 0x7F, 0xFB, 0xFF, 0xDE, 0x00, 0xF0, 0x07,
  0x80, 0x3C, 0x01, 0xFF, 0xCF, 0xFE, 0x7F, 0xF3, 0xC0, 0x1E, 0x00, 0xF0, 0x07, 0x80, 0x3C, 0x01,
  0xFF, 0xFF, 0xFF, 0xFF, 0xFC, 0x31, 0x00, 0xD8, 0x03, 0x80, 0x00, 0x00, 0x00, 0x0F, 0xC0, 0xFF,
  0x0F, 0xFC, 0xF8, 0xE7, 0x83, 0xBF, 0xFD, 0xFF, 0xEF, 0x00, 0x78, 0x01, 0xE1, 0xCF, 0xFE, 0x3F,
  0xE0, 0x7C, 0x00, 0x03, 0xC0, 0x03, 0xC0, 0x06, 0x60, 0x00, 0x00, 0x03, 0xF0, 0x0F, 0xFC, 0x3F,
  0xFE, 0x3E, 0x1F, 0x78, 0x07, 0xF8, 0x00, 0xF0, 0x00, 0xF0, 0x00, 0xF0, 0x7F, 0xF0, 0x7F, 0xF0,
  0x7F, 0xF0, 0x07, 0x78, 0x07, 0x7C, 0x0F, 0x3E, 0x1F, 0x3F, 0xFB, 0x0F, 0xFB, 0x03, 0xE3, 0x0E,
  0x00, 0x78, 0x06, 0x60, 0x00, 0x00, 0x00, 0x00, 0x00, 0x79, 0xE7, 0xEF, 0x7F, 0xFB, 0xC7, 0xFC,
  0x1F, 0xE0, 0xFF, 0x07, 0xF8, 0x3F, 0xC1, 0xFF, 0x1F, 0x7F, 0xF9, 0xFF, 0xC7, 0xDE, 0x00, 0xF0,
  0x07, 0xFC, 0x79, 0xFF, 0xC3, 0xF8, 0x04, 0x20, 0x07, 0xE0, 0x03, 0xE0, 0x00, 0x00, 0x03, 0xF0,
  0x0F, 0xFC, 0x3F, 0xFE, 0x3E, 0x1F, 0x78, 0x07, 0xF8, 0x00, 0xF0, 0x00, 0xF0, 0x00, 0xF0, 0x7F,
  0xF0, 0x7F, 0xF0, 0x7F, 0xF0, 0x07, 0x78, 0x07, 0x7C, 0x0F, 0x3E, 0x1F, 0x3F, 0xFB, 0x0F, 0xFB,
  0x03, 0xE3, 0x18, 0x80, 0x7C, 0x03, 0xC0, 0x00, 0x00, 0x00, 0x0F, 0x3C, 0xFD, 0xEF, 0xFF, 0x78,
  0xFF, 0x83, 0xFC, 0x1F, 0xE0, 0xFF, 0x07, 0xF8, 0x3F, 0xE3, 0xEF, 0xFF, 0x3F, 0xF8, 0xFB, 0xC0,
  0x1E, 0x00, 0xFF, 0x8F, 0x3F, 0xF8, 0x7F, 0x00, 0x00, 0xC0, 0x00, 0xC0, 0x00, 0xC0, 0x00, 0x00,
  0x03, 0xF0, 0x0F, 0xFC, 0x3F, 0xFE, 0x3E, 0x1F, 0x78, 0x07, 0xF8, 0x00, 0xF0, 0x00, 0xF0, 0x00,
  0xF0, 0x7F, 0xF0, 0x7F, 0xF0, 0x7F, 0xF0, 0x07, 0x78, 0x07, 0x7C, 0x0F, 0x3E, 0x1F, 0x3F, 0xFB,
  0x0F, 0xFB, 0x03, 0xE3, 0x03, 0x00, 0x18, 0x00, 0xC0, 0x00, 0x00, 0x00, 0x0F, 0x3C, 0xFD, 0xEF,
  0xFF, 0x78, 0xFF, 0x83, 0xFC, 0x1F, 0xE0, 0xFF, 0x07, 0xF8, 0x3F, 0xE3, 0xEF, 0xFF, 0x3F, 0xF8,
  0xFB, 0xC0, 0x1E, 0x00, 0xFF, 0x8F, 0x3F, 0xF8, 0x7F, 0x00, 0x03, 0xF0, 0x0F, 0xFC, 0x3F, 0xFE,
  0x3E, 0x1F, 0x78, 0x07, 0xF8, 0x00, 0xF0, 0x00, 0xF0, 0x00, 0xF0, 0x7F, 0xF0, 0x7F, 0xF0, 0x7F,
  0xF0, 0x07, 0x78, 0x07, 0x7C, 0x0F, 0x3E, 0x1F, 0x3F, 0xFB, 0x0F, 0xFB, 0x03, 0xE3, 0x00, 0x00,
  0x01, 0xC0, 0x01, 0xC0, 0x01, 0xC0, 0x00, 0x40, 0x00, 0xC0, 0x01, 0x80, 0x02, 0x00, 0x20, 0x02,
  0x00, 0x1C, 0x00, 0xE0, 0x07, 0x00, 0x00, 0x03, 0xCF, 0x3F, 0x7B, 0xFF, 0xDE, 0x3F, 0xE0, 0xFF,
  0x07, 0xF8, 0x3F, 0xC1, 0xFE, 0x0F, 0xF8, 0xFB, 0xFF, 0xCF, 0xFE, 0x3E, 0xF0, 0x07, 0x80, 0x3F,
  0xE3, 0xCF, 0xFE, 0x1F, 0xC0, 0x07, 0x00, 0x3E, 0x01, 0x98, 0x00, 0x00, 0xF0, 0x3F, 0xC0, 0xFF,
  0x03, 0xFC, 0x0F, 0xF0, 0x3F, 0xC0, 0xFF, 0x03, 0xFF, 0xFF, 0xFF, 0xFF, 0xFF, 0xFF, 0x03, 0xFC,
  0x0F, 0xF0, 0x3F, 0xC0, 0xFF, 0x03, 0xFC, 0x0F, 0xF0, 0x3F, 0xC0, 0xF0, 0x0E, 0x01, 0xB0, 0x31,
  0x8F, 0x00, 0xF0, 0x0F, 0x00, 0xF0, 0x0F, 0x00, 0xF7, 0xCF, 0xFE, 0xFF, 0xFF, 0x9F, 0xF0, 0xFF,
  0x0F, 0xF0, 0xFF, 0x0F, 0xF0, 0xFF, 0x0F, 0xF0, 0xFF, 0x0F, 0xF0, 0xF0, 0x78, 0x1E, 0x78, 0x1E,
  0xFF, 0xFF, 0xFF, 0xFF, 0xFF, 0xFF, 0x78, 0x1E, 0x78, 0x1E, 0x7F, 0xFE, 0x7F, 0xFE, 0x7F, 0xFE,
  0x78, 0x1E, 0x78, 0x1E, 0x78, 0x1E, 0x78, 0x1E, 0x78, 0x1E, 0x78, 0x1E, 0x78, 0x1E, 0x78, 0x1E,
  0x78, 0x03, 0xC0, 0x3F, 0x81, 0xFC, 0x07, 0x80, 0x3D, 0xF1, 0xFF, 0xCF, 0xFF, 0x7C, 0xFB, 0xC3,
  0xDE, 0x1E, 0xF0, 0xF7, 0x87, 0xBC, 0x3D, 0xE1, 0xEF, 0x0F, 0x78, 0x7B, 0xC3, 0xC0, 0x43, 0xFE,
  0xF0, 0x03, 0xC7, 0x8F, 0x1E, 0x3C, 0x78, 0xF1, 0xE3, 0xC7, 0x8F, 0x1E, 0x3C, 0x78, 0xF1, 0xE3,
  0xC7, 0x80, 0x43, 0xFE, 0x70, 0x00, 0x07, 0x8F, 0x1E, 0x3C, 0x78, 0xF1, 0xE3, 0xC7, 0x8F, 0x1E,
  0x3C, 0x78, 0xFF, 0xF0, 0x0F, 0x3C, 0xF3, 0xCF, 0x3C, 0xF3, 0xCF, 0x3C, 0xF3, 0xCF, 0x3C, 0xF3,
  0xCF, 0x3C, 0xFF, 0xF0, 0x00, 0x3C, 0xF3, 0xCF, 0x3C, 0xF3, 0xCF, 0x3C, 0xF3, 0xCF, 0x3C, 0xCD,
  0xF3, 0x80, 0x3C, 0xF3, 0xCF, 0x3C, 0xF3, 0xCF, 0x3C, 0xF3, 0xCF, 0x3C, 0xF3, 0xCF, 0x3C, 0xF0,
  0x8F, 0xE7, 0x80, 0x01, 0xE7, 0x9E, 0x79, 0xE7, 0x9E, 0x79, 0xE7, 0x9E, 0x79, 0xE0, 0x7B, 0xDE,
  0xF7, 0xBD, 0xEF, 0x7B, 0xDE, 0xF7, 0xBD, 0xEF, 0x7B, 0xC6, 0xCC, 0x63, 0x0F, 0x7B, 0xDE, 0x00,
  0x3D, 0xEF, 0x7B, 0xDE, 0xF7, 0xBD, 0xEF, 0x7B, 0xC6, 0xCC, 0x63, 0x0F, 0x66, 0x60, 0xFF, 0xFF,
  0xFF, 0xFF, 0xFF, 0xFF, 0xFF, 0xFF, 0xFF, 0xFF, 0xFF, 0xFF, 0xFF, 0xFF, 0xFF, 0xF0, 0xF1, 0xFE,
  0x3F, 0xC7, 0xF8, 0xFF, 0x1F, 0xE3, 0xFC, 0x7F, 0x8F, 0xF1, 0xE0, 0x3C, 0x07, 0x80, 0xFF, 0x1F,
  0xE3, 0xFC, 0x7B, 0xFE, 0x7F, 0xC3, 0xE0, 0xF3, 0xFC, 0xFF, 0x3C, 0x00, 0x00, 0x3C, 0xFF, 0x3F,
  0xCF, 0xF3, 0xFC, 0xFF, 0x3F, 0xCF, 0xF3, 0xFC, 0xFF, 0x3F, 0xCF, 0xF3, 0xFC, 0xF0, 0x3C, 0x0F,
  0x07, 0xC1, 0xF0, 0x78, 0x1E, 0x03, 0xC0, 0xCC, 0x00, 0x00, 0x1E, 0x03, 0xC0, 0x78, 0x0F, 0x01,
  0xE0, 0x3C, 0x07, 0x80, 0xF0, 0x1E, 0x03, 0xC0, 0x7F, 0x8F, 0xF1, 0xFE, 0x3F, 0xC7, 0xBF, 0xE7,
  0xFC, 0x3E, 0x00, 0x18, 0x79, 0x98, 0x00, 0x00, 0x07, 0x8F, 0x1E, 0x3C, 0x78, 0xF1, 0xE3, 0xC7,
  0x8F, 0x1E, 0x3C, 0x78, 0xF1, 0xEF, 0xDF, 0xBE, 0xF0, 0x3E, 0xF0, 0x3C, 0xF0, 0x78, 0xF0, 0xF0,
  0xF1, 0xE0, 0xF3, 0xC0, 0xF7, 0x80, 0xFF, 0x00, 0xFF, 0x80, 0xFF, 0x80, 0xFB, 0xC0, 0xF1, 0xE0,
  0xF0, 0xF0, 0xF0, 0xF0, 0xF0, 0x78, 0xF0, 0x3C, 0xF0, 0x3E, 0xF0, 0x1E, 0x00, 0x00, 0x03, 0x80,
  0x03, 0x80, 0x03, 0x80, 0x00, 0x80, 0x01, 0x80, 0x03, 0x00, 0xF0, 0x0F, 0x00, 0xF0, 0x0F, 0x00,
  0xF0, 0x0F, 0x0F, 0xF1, 0xEF, 0x3C, 0xF7, 0x8F, 0xF0, 0xFF, 0x0F, 0xF8, 0xFF, 0x8F, 0x3C, 0xF1,
  0xCF, 0x1E, 0xF0, 0xFF, 0x0F, 0x00, 0x00, 0xE0, 0x0E, 0x00, 0xE0, 0x04, 0x00, 0x40, 0x08, 0x00,
  0xF0, 0xE7, 0x8E, 0x3C, 0xE1, 0xEF, 0x0F, 0xF0, 0x7F, 0x03, 0xF8, 0x1F, 0xE0, 0xFF, 0x87, 0xBE,
  0x3C, 0xF1, 0xE3, 0xCF, 0x0F, 0x00, 0x30, 0x0C, 0x03, 0x00, 0x00, 0x0F, 0x01, 0xE0, 0x3C, 0x07,
  0x80, 0xF0, 0x1E, 0x03, 0xC0, 0x78, 0x0F, 0x01, 0xE0, 0x3C, 0x07, 0x80, 0xF0, 0x1E, 0x03, 0xC0,
  0x7F, 0xFF, 0xFF, 0xFF, 0xC0, 0x33, 0x30, 0x07, 0xBD, 0xEF, 0x7B, 0xDE, 0xF7, 0xBD, 0xEF, 0x7B,
  0xDE, 0xF7, 0xBC, 0xF0, 0x1E, 0x03, 0xC0, 0x78, 0x0F, 0x01, 0xE0, 0x3C, 0x07, 0x80, 0xF0, 0x1E,
  0x03, 0xC0, 0x78, 0x0F, 0x01, 0xE0, 0x3C, 0x07, 0xFF, 0xFF, 0xFF, 0xFC, 0x00, 0x03, 0x80, 0x70,
  0x0E, 0x00, 0x40, 0x10, 0x06, 0x00, 0xFF, 0xFF, 0xFF, 0xFF, 0xFF, 0xFF, 0xFF, 0xFF, 0xFF, 0x0E,
  0xEE, 0x26, 0xC0, 0xF3, 0xDE, 0x7B, 0xC1, 0x79, 0xCF, 0x01, 0xE0, 0x3C, 0x07, 0x80, 0xF0, 0x1E,
  0x03, 0xC0, 0x78, 0x0F, 0x01, 0xE0, 0x3C, 0x07, 0xFF, 0xFF, 0xFF, 0xFC, 0xF7, 0xFB, 0xFC, 0x7E,
  0xCF, 0x07, 0x83, 0xC1, 0xE0, 0xF0, 0x78, 0x3C, 0x1E, 0x0F, 0x07, 0x83, 0xC1, 0xE0, 0xF0, 0x78,
  0x00, 0xF0, 0x1E, 0x03, 0xC0, 0x78, 0x0F, 0x01, 0xE0, 0x3C, 0x07, 0x87, 0xF0, 0xFE, 0x1F, 0xC0,
  0x78, 0x0F, 0x01, 0xE0, 0x3C, 0x07, 0xFF, 0xFF, 0xFF, 0xFC, 0xF0, 0xF0, 0xF0, 0xF0, 0xF0, 0xF0,
  0xF0, 0xF0, 0xF7, 0xF7, 0xF7, 0xF0, 0xF0, 0xF0, 0xF0, 0xF0, 0xF0, 0xF0, 0x78, 0x03, 0xC0, 0x1E,
  0x00, 0xF0, 0x07, 0x80, 0x3C, 0x41, 0xE6, 0x0F, 0xE0, 0x7E, 0x03, 0xC0, 0x3E, 0x01, 0xF0, 0x07,
  0x80, 0x3C, 0x01, 0xE0, 0x0F, 0xFF, 0x7F, 0xFB, 0xFF, 0xC0, 0x79, 0xE7, 0x9E, 0x79, 0xE7, 0x9F,
  0x7F, 0xEF, 0x9E, 0x79, 0xE7, 0x9E, 0x79, 0xE0, 0x03, 0x80, 0x06, 0x00, 0x18, 0x00, 0x00, 0x0F,
  0x01, 0xFF, 0x03, 0xFF, 0x07, 0xFE, 0x0F, 0xFE, 0x1F, 0xFC, 0x3F, 0xDC, 0x7F, 0xB8, 0xFF, 0x39,
  0xFE, 0x73, 0xFC, 0x77, 0xF8, 0xFF, 0xF0, 0xFF, 0xE1, 0xFF, 0xC1, 0xFF, 0x81, 0xFF, 0x03, 0xFE,
  0x03, 0xC0, 0x07, 0x00, 0x60, 0x0C, 0x00, 0x00, 0x00, 0x0F, 0x7C, 0xFF, 0xEF, 0xFF, 0xF9, 0xFF,
  0x0F, 0xF0, 0xFF, 0x0F, 0xF0, 0xFF, 0x0F, 0xF0, 0xFF, 0x0F, 0xF0, 0xFF, 0x0F, 0xF0, 0x1F, 0xF0,
  0x3F, 0xF0, 0x7F, 0xE0, 0xFF, 0xE1, 0xFF, 0xC3, 0xFD, 0xC7, 0xFB, 0x8F, 0xF3, 0x9F, 0xE7, 0x3F,
  0xC7, 0x7F, 0x8F, 0xFF, 0x0F, 0xFE, 0x1F, 0xFC, 0x1F, 0xF8, 0x1F, 0xF0, 0x3F, 0xE0, 0x3C, 0x00,
  0x00, 0x1C, 0x00, 0x38, 0x00, 0x70, 0x00, 0x20, 0x00, 0xC0, 0x03, 0x00, 0xF7, 0xCF, 0xFE, 0xFF,
  0xFF, 0x9F, 0xF0, 0xFF, 0x0F, 0xF0, 0xFF, 0x0F, 0xF0, 0xFF, 0x0F, 0xF0, 0xFF, 0x0F, 0xF0, 0xF0,
  0x00, 0x0E, 0x00, 0xE0, 0x0E, 0x00, 0x20, 0x06, 0x00, 0xC0, 0x19, 0x80, 0x1F, 0x00, 0x1C, 0x00,
  0x00, 0x0F, 0x01, 0xFF, 0x03, 0xFF, 0x07, 0xFE, 0x0F, 0xFE, 0x1F, 0xFC, 0x3F, 0xDC, 0x7F, 0xB8,
  0xFF, 0x39, 0xFE, 0x73, 0xFC, 0x77, 0xF8, 0xFF, 0xF0, 0xFF, 0xE1, 0xFF, 0xC1, 0xFF, 0x81, 0xFF,
  0x03, 0xFE, 0x03, 0xC0, 0x23, 0x03, 0x60, 0x1C, 0x00, 0x00, 0x00, 0x0F, 0x7C, 0xFF, 0xEF, 0xFF,
  0xF9, 0xFF, 0x0F, 0xF0, 0xFF, 0x0F, 0xF0, 0xFF, 0x0F, 0xF0, 0xFF, 0x0F, 0xF0, 0xFF, 0x0F, 0xE0,
  0x01, 0xC0, 0x03, 0x80, 0x01, 0x00, 0x06, 0x00, 0x1B, 0xCF, 0x07, 0xBF, 0x0F, 0xFF, 0x1F, 0x1E,
  0x3C, 0x3C, 0x78, 0x78, 0xF0, 0xF1, 0xE1, 0xE3, 0xC3, 0xC7, 0x87, 0x8F, 0x0F, 0x1E, 0x1E, 0x3C,
  0x3C, 0xF7, 0xC1, 0xFF, 0xE3, 0xFF, 0xE7, 0xE3, 0xEF, 0x83, 0xDE, 0x03, 0xFC, 0x07, 0xF8, 0x0F,
  0xF0, 0x1F, 0xE0, 0x3F, 0xC0, 0x7F, 0x80, 0xFF, 0x03, 0xDE, 0x07, 0xBC, 0x1F, 0x79, 0xFC, 0xF3,
  0xF1, 0xE7, 0xC0, 0xF7, 0xCF, 0xFE, 0xFF, 0xFF, 0x9F, 0xF0, 0xFF, 0x0F, 0xF0, 0xFF, 0x0F, 0xF0,
  0xFF, 0x0F, 0xF0, 0xFF, 0x0F, 0xF0, 0xF0, 0x0F, 0x00, 0xF0, 0x1F, 0x01, 0xF0, 0x1E, 0x0F, 0xE0,
  0x07, 0xF0, 0x00, 0x00, 0x00, 0x7E, 0x01, 0xFF, 0xC1, 0xFF, 0xF0, 0xF0, 0xF8, 0xF0, 0x1E, 0x78,
  0x0F, 0x78, 0x03, 0xFC, 0x01, 0xFE, 0x00, 0xFF, 0x00, 0x7F, 0x80, 0x3F, 0xC0, 0x1E, 0xF0, 0x1E,
  0x78, 0x0F, 0x1F, 0x1F, 0x0F, 0xFF, 0x83, 0xFF, 0x80, 0x7F, 0x00, 0x3F, 0x81, 0xFC, 0x00, 0x00,
  0x00, 0x00, 0xF8, 0x1F, 0xF1, 0xFF, 0xCF, 0x1E, 0xF0, 0x7F, 0x83, 0xFC, 0x1F, 0xE0, 0xFF, 0x07,
  0xBC, 0x79, 0xFF, 0xC7, 0xFC, 0x0F, 0x80, 0x04, 0x60, 0x03, 0xE0, 0x00, 0xE0, 0x00, 0x00, 0x00,
  0x3F, 0x00, 0xFF, 0xE0, 0xFF, 0xF8, 0x78, 0x7C, 0x78, 0x0F, 0x3C, 0x07, 0xBC, 0x01, 0xFE, 0x00,
  0xFF, 0x00, 0x7F, 0x80, 0x3F, 0xC0, 0x1F, 0xE0, 0x0F, 0x78, 0x0F, 0x3C, 0x07, 0x8F, 0x8F, 0x87,
  0xFF, 0xC1, 0xFF, 0xC0, 0x3F, 0x80, 0x18, 0x80, 0x7C, 0x03, 0xC0, 0x00, 0x00, 0x00, 0x07, 0xC0,
  0xFF, 0x8F, 0xFE, 0x78, 0xF7, 0x83, 0xFC, 0x1F, 0xE0, 0xFF, 0x07, 0xF8, 0x3D, 0xE3, 0xCF, 0xFE,
  0x3F, 0xE0, 0x7C, 0x00, 0x01, 0x9C, 0x01, 0x8C, 0x01, 0x8C, 0x00, 0x00, 0x00, 0x3F, 0x00, 0xFF,
  0xE0, 0xFF, 0xF8, 0x78, 0x7C, 0x78, 0x0F, 0x3C, 0x07, 0xBC, 0x01, 0xFE, 0x00, 0xFF, 0x00, 0x7F,
  0x80, 0x3F, 0xC0, 0x1F, 0xE0, 0x0F, 0x78, 0x0F, 0x3C, 0x07, 0x8F, 0x8F, 0x87, 0xFF, 0xC1, 0xFF,
  0xC0, 0x3F, 0x80, 0x06, 0x70, 0x63, 0x06, 0x30, 0x00, 0x00, 0x00, 0x07, 0xC0, 0xFF, 0x8F, 0xFE,
  0x78, 0xF7, 0x83, 0xFC, 0x1F, 0xE0, 0xFF, 0x07, 0xF8, 0x3D, 0xE3, 0xCF, 0xFE, 0x3F, 0xE0, 0x7C,
  0x00, 0x07, 0xDF, 0xFE, 0x3F, 0xFF, 0xFC, 0xFF, 0xFF, 0xFB, 0xE1, 0xF0, 0x07, 0x81, 0xE0, 0x1F,
  0x03, 0xC0, 0x3C, 0x07, 0x80, 0x78, 0x0F, 0xFC, 0xF0, 0x1F, 0xF9, 0xE0, 0x3F, 0xF3, 0xC0, 0x78,
  0x07, 0x80, 0xF0, 0x0F, 0x81, 0xE0, 0x0F, 0x03, 0xC0, 0x1F, 0x0F, 0x80, 0x1F, 0xFF, 0xFF, 0x1F,
  0xFF, 0xFE, 0x0F, 0xBF, 0xFC, 0x0F, 0x87, 0xC0, 0xFF, 0x7F, 0x87, 0xFF, 0xFF, 0x1E, 0x3F, 0x1E,
  0xF0, 0x78, 0x3B, 0xC1, 0xFF, 0xEF, 0x07, 0xFF, 0xBC, 0x1E, 0x00, 0xF0, 0x78, 0x01, 0xE3, 0xF0,
  0xE7, 0xFF, 0xFF, 0x8F, 0xF7, 0xFC, 0x0F, 0x87, 0xC0, 0x03, 0x80, 0x03, 0x00, 0x06, 0x00, 0x00,
  0x00, 0xFF, 0xF8, 0xFF, 0xFC, 0xFF, 0xFC, 0xF0, 0x3E, 0xF0, 0x1E, 0xF0, 0x1E, 0xF0, 0x1E, 0xF0,
  0x3C, 0xFF, 0xF8, 0xFF, 0xF0, 0xFF, 0xF8, 0xF0, 0x3C, 0xF0, 0x3C, 0xF0, 0x3C, 0xF0, 0x3C, 0xF0,
  0x3C, 0xF0, 0x3C, 0xF0, 0x1F, 0x18, 0x30, 0x30, 0x00, 0x00, 0xF3, 0xF7, 0xFF, 0xF8, 0xF0, 0xF0,
  0xF0, 0xF0, 0xF0, 0xF0, 0xF0, 0xF0, 0xF0, 0xFF, 0xF8, 0xFF, 0xFC, 0xFF, 0xFC, 0xF0, 0x3E, 0xF0,
  0x1E, 0xF0, 0x1E, 0xF0, 0x1E, 0xF0, 0x3C, 0xFF, 0xF8, 0xFF, 0xF0, 0xFF, 0xF8, 0xF0, 0x3C, 0xF0,
  0x3C, 0xF0, 0x3C, 0xF0, 0x3C, 0xF0, 0x3C, 0xF0, 0x3C, 0xF0, 0x1F, 0x00, 0x00, 0x03, 0x80, 0x03,
  0x80, 0x03, 0x80, 0x00, 0x80, 0x01, 0x00, 0x02, 0x00, 0xF3, 0xF7, 0xFF, 0xF8, 0xF0, 0xF0, 0xF0,
  0xF0, 0xF0, 0xF0, 0xF0, 0xF0, 0xF0, 0x00, 0xE0, 0xE0, 0xE0, 0x20, 0x20, 0xC0, 0x19, 0x80, 0x0F,
  0x00, 0x07, 0x00, 0x00, 0x00, 0xFF, 0xF8, 0xFF, 0xFC, 0xFF, 0xFC, 0xF0, 0x3E, 0xF0, 0x1E, 0xF0,
  0x1E, 0xF0, 0x1E, 0xF0, 0x3C, 0xFF, 0xF8, 0xFF, 0xF0, 0xFF, 0xF8, 0xF0, 0x3C, 0xF0, 0x3C, 0xF0,
  0x3C, 0xF0, 0x3C, 0xF0, 0x3C, 0xF0, 0x3C, 0xF0, 0x1F, 0xC6, 0x36, 0x0E, 0x00, 0x00, 0x03, 0xCD,
  0xEE, 0xFF, 0x7C, 0x3C, 0x1E, 0x0F, 0x07, 0x83, 0xC1, 0xE0, 0xF0, 0x78, 0x3C, 0x00, 0x03, 0x80,
  0x06, 0x00, 0x18, 0x00, 0x00, 0x00, 0xFC, 0x07, 0xFE, 0x1F, 0xFE, 0x7C, 0x3E, 0xF0, 0x3D, 0xE0,
  0x03, 0xC0, 0x07, 0xF0, 0x07, 0xFF, 0x03, 0xFF, 0x80, 0xFF, 0x80, 0x1F, 0x00, 0x1F, 0xE0, 0x3F,
  0xE0, 0xFB, 0xFF, 0xE3, 0xFF, 0x81, 0xFC, 0x00, 0x07, 0x00, 0x60, 0x0C, 0x00, 0x00, 0x00, 0x01,
  0xF8, 0x7F, 0xCF, 0xFE, 0xF0, 0xFF, 0x80, 0xFF, 0x07, 0xFE, 0x1F, 0xF0, 0x1F, 0xF0, 0xFF, 0xFE,
  0x7F, 0xE1, 0xF8, 0x07, 0x00, 0x1F, 0x00, 0x73, 0x00, 0x00, 0x00, 0xFC, 0x07, 0xFE, 0x1F, 0xFE,
  0x7C, 0x3E, 0xF0, 0x3D, 0xE0, 0x03, 0xC0, 0x07, 0xF0, 0x07, 0xFF, 0x03, 0xFF, 0x80, 0xFF, 0x80,
  0x1F, 0x00, 0x1F, 0xE0, 0x3F, 0xE0, 0xFB, 0xFF, 0xE3, 0xFF, 0x81, 0xFC, 0x00, 0x0E, 0x01, 0xE0,
  0x33, 0x00, 0x00, 0x00, 0x00, 0x00, 0x1F, 0x87, 0xFC, 0xFF, 0xEF, 0x0F, 0xF8, 0x0F, 0xF0, 0x7F,
  0xE1, 0xFF, 0x01, 0xFF, 0x0F, 0xFF, 0xE7, 0xFE, 0x1F, 0x80, 0x0F, 0xE0, 0x7F, 0xE1, 0xFF, 0xE7,
  0xC3, 0xEF, 0x03, 0xDE, 0x00, 0x3C, 0x00, 0x7F, 0x00, 0x7F, 0xE0, 0x3F, 0xF8, 0x0F, 0xF8, 0x01,
  0xFF, 0x01, 0xFE, 0x03, 0xDE, 0x0F, 0xBF, 0xFE, 0x3F, 0xF8, 0x7F, 0xC0, 0x38, 0x00, 0x1E, 0x00,
  0x3C, 0x01, 0x18, 0x03, 0xE0, 0x00, 0x1F, 0x87, 0xFC, 0xFF, 0xEF, 0x1F, 0xF8, 0x0F, 0xF0, 0x7F,
  0xE1, 0xFF, 0x01, 0xFF, 0x0F, 0xFF, 0xF7, 0xFE, 0x3F, 0x81, 0xC0, 0x07, 0x00, 0x30, 0x23, 0x03,
  0xE0, 0x19, 0x80, 0x1F, 0x00, 0x1C, 0x00, 0x00, 0x00, 0xFC, 0x07, 0xFE, 0x1F, 0xFE, 0x7C, 0x3E,
  0xF0, 0x3D, 0xE0, 0x03, 0xC0, 0x07, 0xF0, 0x07, 0xFF, 0x03, 0xFF, 0x80, 0xFF, 0x80, 0x1F, 0x00,
  0x1F, 0xE0, 0x3F, 0xE0, 0xFB, 0xFF, 0xE3, 0xFF, 0x81, 0xFC, 0x00, 0x31, 0x01, 0xB0, 0x0E, 0x00,
  0x00, 0x00, 0x01, 0xF8, 0x7F, 0xCF, 0xFE, 0xF0, 0xFF, 0x80, 0xFF, 0x07, 0xFE, 0x1F, 0xF0, 0x1F,
  0xF0, 0xFF, 0xFE, 0x7F, 0xE1, 0xF8, 0xFF, 0xFF, 0xFF, 0xFF, 0xF0, 0xF0, 0x0F, 0x00, 0xF0, 0x0F,
  0x00, 0xF0, 0x0F, 0x00, 0xF0, 0x0F, 0x00, 0xF0, 0x0F, 0x00, 0xF0, 0x0F, 0x00, 0xF0, 0x0F, 0x00,
  0xF0, 0x02, 0x00, 0x70, 0x01, 0x81, 0x18, 0x1F, 0x00, 0x78, 0xF1, 0xE7, 0xEF, 0xCF, 0x1E, 0x3C,
  0x78, 0xF1, 0xE3, 0xC7, 0xCF, 0x9F, 0x1C, 0x08, 0x3C, 0x1A, 0x37, 0xC0, 0x33, 0x03, 0xE0, 0x1C,
  0x00, 0x00, 0xFF, 0xFF, 0xFF, 0xFF, 0xF0, 0xF0, 0x0F, 0x00, 0xF0, 0x0F, 0x00, 0xF0, 0x0F, 0x00,
  0xF0, 0x0F, 0x00, 0xF0, 0x0F, 0x00, 0xF0, 0x0F, 0x00, 0xF0, 0x0F, 0x00, 0xF0, 0x01, 0xE0, 0x3C,
  0x01, 0x3C, 0xC7, 0x80, 0xF0, 0x3F, 0x07, 0xE0, 0x78, 0x0F, 0x01, 0xE0, 0x3C, 0x07, 0x80, 0xF0,
  0x1E, 0x03, 0xE0, 0x7C, 0x07, 0x80, 0xFF, 0xFF, 0xFF, 0xFF, 0xF0, 0xF0, 0x0F, 0x00, 0xF0, 0x0F,
  0x03, 0xFC, 0x3F, 0xC3, 0xFC, 0x0F, 0x00, 0xF0, 0x0F, 0x00, 0xF0, 0x0F, 0x00, 0xF0, 0x0F, 0x00,
  0xF0, 0x3C, 0x78, 0xF7, 0xFF, 0xE7, 0x8F, 0x1E, 0xFF, 0xFC, 0xF1, 0xE3, 0xE7, 0xC7, 0x80, 0x08,
  0x40, 0x7F, 0x01, 0x78, 0x00, 0x00, 0xF0, 0x3F, 0xC0, 0xFF, 0x03, 0xFC, 0x0F, 0xF0, 0x3F, 0xC0,
  0xFF, 0x03, 0xFC, 0x0F, 0xF0, 0x3F, 0xC0, 0xFF, 0x03, 0xFC, 0x0F, 0xF0, 0x3F, 0xC0, 0xF7, 0x87,
  0x9F, 0xFE, 0x3F, 0xF0, 0x3F, 0x00, 0x31, 0x03, 0xF0, 0x6F, 0x00, 0x00, 0x00, 0x0F, 0x0F, 0xF0,
  0xFF, 0x0F, 0xF0, 0xFF, 0x0F, 0xF0, 0xFF, 0x0F, 0xF0, 0xFF, 0x0F, 0xF9, 0xFF, 0xFF, 0x7F, 0xF3,
  0xEF, 0x1F, 0xC0, 0x7F, 0x00, 0x00, 0x3C, 0x0F, 0xF0, 0x3F, 0xC0, 0xFF, 0x03, 0xFC, 0x0F, 0xF0,
  0x3F, 0xC0, 0xFF, 0x03, 0xFC, 0x0F, 0xF0, 0x3F, 0xC0, 0xFF, 0x03, 0xFC, 0x0F, 0xF0, 0x3D, 0xE1,
  0xE7, 0xFF, 0x8F, 0xFC, 0x0F, 0xC0, 0x7F, 0x07, 0xF0, 0x00, 0x00, 0x00, 0xF0, 0xFF, 0x0F, 0xF0,
  0xFF, 0x0F, 0xF0, 0xFF, 0x0F, 0xF0, 0xFF, 0x0F, 0xF0, 0xFF, 0x9F, 0xFF, 0xF7, 0xFF, 0x3E, 0xF0,
  0x18, 0x80, 0x3E, 0x00, 0x70, 0x00, 0x00, 0xF0, 0x3F, 0xC0, 0xFF, 0x03, 0xFC, 0x0F, 0xF0, 0x3F,
  0xC0, 0xFF, 0x03, 0xFC, 0x0F, 0xF0, 0x3F, 0xC0, 0xFF, 0x03, 0xFC, 0x0F, 0xF0, 0x3F, 0xC0, 0xF7,
  0x87, 0x9F, 0xFE, 0x3F, 0xF0, 0x3F, 0x00, 0x21, 0x03, 0xF0, 0x1E, 0x00, 0x00, 0x00, 0x0F, 0x0F,
  0xF0, 0xFF, 0x0F, 0xF0, 0xFF, 0x0F, 0xF0, 0xFF, 0x0F, 0xF0, 0xFF, 0x0F, 0xF9, 0xFF, 0xFF, 0x7F,
  0xF3, 0xEF, 0x0F, 0x80, 0x37, 0x00, 0xDC, 0x03, 0xE0, 0xF0, 0x3F, 0xC0, 0xFF, 0x03, 0xFC, 0x0F,
  0xF0, 0x3F, 0xC0, 0xFF, 0x03, 0xFC, 0x0F, 0xF0, 0x3F, 0xC0, 0xFF, 0x03, 0xFC, 0x0F, 0xF0, 0x3F,
  0xC0, 0xF7, 0x87, 0x9F, 0xFE, 0x3F, 0xF0, 0x3F, 0x00, 0x1C, 0x01, 0xE0, 0x22, 0x02, 0x20, 0x1E,
  0x00, 0x00, 0xF0, 0xFF, 0x0F, 0xF0, 0xFF, 0x0F, 0xF0, 0xFF, 0x0F, 0xF0, 0xFF, 0x0F, 0xF0, 0xFF,
  0x9F, 0xFF, 0xF7, 0xFF, 0x3E, 0xF0, 0x07, 0x30, 0x39, 0x80, 0xCC, 0x00, 0x00, 0xF0, 0x3F, 0xC0,
  0xFF, 0x03, 0xFC, 0x0F, 0xF0, 0x3F, 0xC0, 0xFF, 0x03, 0xFC, 0x0F, 0xF0, 0x3F, 0xC0, 0xFF, 0x03,
  0xFC, 0x0F, 0xF0, 0x3F, 0xC0, 0xF7, 0x87, 0x9F, 0xFE, 0x3F, 0xF0, 0x3F, 0x00, 0x0C, 0xE1, 0x8C,
  0x31, 0x80, 0x00, 0x00, 0x0F, 0x0F, 0xF0, 0xFF, 0x0F, 0xF0, 0xFF, 0x0F, 0xF0, 0xFF, 0x0F, 0xF0,
  0xFF, 0x0F, 0xF9, 0xFF, 0xFF, 0x7F, 0xF3, 0xEF, 0xF0, 0x3F, 0xC0, 0xFF, 0x03, 0xFC, 0x0F, 0xF0,
  0x3F, 0xC0, 0xFF, 0x03, 0xFC, 0x0F, 0xF0, 0x3F, 0xC0, 0xFF, 0x03, 0xFC, 0x0F, 0xF0, 0x3F, 0xC0,
  0xFF, 0x87, 0x9F, 0xFE, 0x3F, 0xF0, 0x3F, 0x80, 0x0C, 0x00, 0x20, 0x01, 0x80, 0x06, 0x00, 0x18,
  0x00, 0x3C, 0xF0, 0x7F, 0x83, 0xFC, 0x1F, 0xE0, 0xFF, 0x07, 0xF8, 0x3F, 0xC1, 0xFE, 0x0F, 0xF0,
  0x7F, 0xC7, 0xFF, 0xFE, 0xFE, 0xF3, 0xE7, 0x80, 0x3C, 0x00, 0xC0, 0x18, 0x00, 0xC0, 0x06, 0x00,
  0x1E, 0x00, 0x70, 0x00, 0x00, 0xF0, 0x00, 0x03, 0x30, 0x00, 0x00, 0x00, 0x07, 0x03, 0x81, 0xCE,
  0x0F, 0x07, 0x9E, 0x1F, 0x0F, 0x3C, 0x3E, 0x1E, 0x38, 0x7C, 0x38, 0x70, 0xF8, 0x70, 0xE3, 0xB9,
  0xE1, 0xE7, 0x73, 0x81, 0xCE, 0xE7, 0x03, 0x9C, 0xCE, 0x07, 0x39, 0x9C, 0x06, 0xE3, 0xF0, 0x0F,
  0xC7, 0xE0, 0x1F, 0x8F, 0xC0, 0x3F, 0x0F, 0x80, 0x3E, 0x1E, 0x00, 0x78, 0x3C, 0x00, 0xF0, 0x78,
  0x00, 0x01, 0xC0, 0x00, 0x58, 0x00, 0x33, 0x00, 0x00, 0x00, 0x00, 0x00, 0x00, 0x00, 0x0F, 0x0E,
  0x1D, 0xC7, 0x87, 0x71, 0xF3, 0xDE, 0x7C, 0xF7, 0x9B, 0x38, 0xE6, 0xCE, 0x3B, 0xB3, 0x8E, 0xEF,
  0xC1, 0xF3, 0xF0, 0x7C, 0x7C, 0x1F, 0x1F, 0x07, 0xC7, 0x80, 0xE1, 0xE0, 0x03, 0x80, 0x07, 0xC0,
  0x0E, 0x60, 0x00, 0x00, 0xF0, 0x1E, 0x78, 0x1E, 0x78, 0x3C, 0x3C, 0x3C, 0x3C, 0x38, 0x1E, 0x78,
  0x1E, 0x70, 0x0F, 0xF0, 0x07, 0xE0, 0x07, 0xE0, 0x03, 0xC0, 0x03, 0xC0, 0x03, 0xC0, 0x03, 0xC0,
  0x03, 0xC0, 0x03, 0xC0, 0x03, 0xC0, 0x03, 0xC0, 0x07, 0x00, 0x78, 0x06, 0x60, 0x00, 0x00, 0x00,
  0x00, 0x03, 0xC1, 0xEE, 0x0E, 0x78, 0x71, 0xC7, 0x8E, 0x38, 0x79, 0xC1, 0xCE, 0x0E, 0xE0, 0x7F,
  0x01, 0xF8, 0x0F, 0x80, 0x3C, 0x01, 0xC0, 0x0E, 0x00, 0xF0, 0x1F, 0x00, 0xF8, 0x07, 0x80, 0x0C,
  0x60, 0x0C, 0x60, 0x0C, 0x60, 0x00, 0x00, 0xF0, 0x1E, 0x78, 0x1E, 0x78, 0x3C, 0x3C, 0x3C, 0x3C,
  0x78, 0x1E, 0x78, 0x0E, 0x70, 0x0F, 0xF0, 0x07, 0xE0, 0x07, 0xE0, 0x03, 0xC0, 0x03, 0xC0, 0x03,
  0xC0, 0x03, 0xC0, 0x03, 0xC0, 0x03, 0xC0, 0x03, 0xC0, 0x03, 0xC0, 0x03, 0x80, 0x38, 0x01, 0x80,
  0x00, 0x0F, 0xFF, 0xFF, 0xFF, 0xFF, 0xE0, 0x1F, 0x00, 0xF0, 0x0F, 0x00, 0xF0, 0x0F, 0x80, 0x78,
  0x07, 0x80, 0x78, 0x07, 0xC0, 0x3C, 0x03, 0xC0, 0x3C, 0x01, 0xFF, 0xFF, 0xFF, 0xFF, 0xFC, 0x06,
  0x03, 0x00, 0xC0, 0x00, 0x00, 0x3F, 0xFF, 0xFF, 0xFF, 0x03, 0xC1, 0xE0, 0xF0, 0x78, 0x3C, 0x1E,
  0x0F, 0x03, 0xFF, 0xFF, 0xFF, 0xF0, 0x06, 0x00, 0x30, 0x01, 0x80, 0x00, 0x0F, 0xFF, 0xFF, 0xFF,
  0xFF, 0xE0, 0x1F, 0x00, 0xF0, 0x0F, 0x00, 0xF0, 0x0F, 0x80, 0x78, 0x07, 0x80, 0x78, 0x07, 0xC0,
  0x3C, 0x03, 0xC0, 0x3C, 0x01, 0xFF, 0xFF, 0xFF, 0xFF, 0xFC, 0x0C, 0x03, 0x00, 0xC0, 0x00, 0x00,
  0x3F, 0xFF, 0xFF, 0xFF, 0x03, 0xC1, 0xE0, 0xF0, 0x78, 0x3C, 0x1E, 0x0F, 0x03, 0xFF, 0xFF, 0xFF,
  0xF0, 0x19, 0x80, 0xF8, 0x03, 0x80, 0x00, 0x0F, 0xFF, 0xFF, 0xFF, 0xFF, 0xE0, 0x1F, 0x00, 0xF0,
  0x0F, 0x00, 0xF0, 0x0F, 0x80, 0x78, 0x07, 0x80, 0x78, 0x07, 0xC0, 0x3C, 0x03, 0xC0, 0x3C, 0x01,
  0xFF, 0xFF, 0xFF, 0xFF, 0xFC, 0x63, 0x0D, 0x81, 0xC0, 0x00, 0x00, 0x3F, 0xFF, 0xFF, 0xFF, 0x03,
  0xC1, 0xE0, 0xF0, 0x78, 0x3C, 0x1E, 0x0F, 0x03, 0xFF, 0xFF, 0xFF, 0xF0, 0x3E, 0xFD, 0xFB, 0xC7,
  0x9F, 0x3E, 0x3C, 0x78, 0xF1, 0xE3, 0xC7, 0x8F, 0x1E, 0x3C, 0x78, 0xF0, 0x03, 0xE0, 0x03, 0xE0,
  0x03, 0xE0, 0x07, 0xF0, 0x07, 0xF0, 0x07, 0x70, 0x0F, 0x78, 0x0E, 0x78, 0x0E, 0x38, 0x1E, 0x3C,
  0x1C, 0x3C, 0x3F, 0xFC, 0x3F, 0xFE, 0x3F, 0xFE, 0x78, 0x0E, 0x78, 0x0F, 0x70, 0x0F, 0xF0, 0x07,
  0xFF, 0xE3, 0xFF, 0xCF, 0xFF, 0xBC, 0x1E, 0xF0, 0x7B, 0xC1, 0xEF, 0x07, 0xBF, 0xFC, 0xFF, 0xE3,
  0xFF, 0xEF, 0x07, 0xFC, 0x0F, 0xF0, 0x3F, 0xC0, 0xFF, 0x07, 0xFF, 0xFF, 0xFF, 0xFB, 0xFF, 0x80,
  0xFF, 0xFF, 0xFF, 0xFF, 0xFF, 0x00, 0xF0, 0x0F, 0x00, 0xF0, 0x0F, 0x00, 0xF0, 0x0F, 0x00, 0xF0,
  0x0F, 0x00, 0xF0, 0x0F, 0x00, 0xF0, 0x0F, 0x00, 0xF0, 0x0F, 0x00, 0x01, 0xE0, 0x00, 0xF8, 0x00,
  0x3E, 0x00, 0x0F, 0xC0, 0x07, 0xF0, 0x01, 0xDE, 0x00, 0x73, 0x80, 0x3C, 0xE0, 0x0E, 0x3C, 0x07,
  0x87, 0x01, 0xE1, 0xE0, 0x70, 0x78, 0x3C, 0x0E, 0x0F, 0x03, 0xC3, 0x80, 0xF1, 0xFF, 0xFE, 0x7F,
  0xFF, 0xBF, 0xFF, 0xE0, 0xFF, 0xF7, 0xFF, 0xBF, 0xFD, 0xE0, 0x0F, 0x00, 0x78, 0x03, 0xC0, 0x1F,
  0xFC, 0xFF, 0xE7, 0xFF, 0x3C, 0x01, 0xE0, 0x0F, 0x00, 0x78, 0x03, 0xC0, 0x1F, 0xFF, 0xFF, 0xFF,
  0xFF, 0xC0, 0xFF, 0xFF, 0xFF, 0xFF, 0xFE, 0x01, 0xF0, 0x0F, 0x00, 0xF0, 0x0F, 0x00, 0xF8, 0x07,
  0x80, 0x78, 0x07, 0x80, 0x7C, 0x03, 0xC0, 0x3C, 0x03, 0xC0, 0x1F, 0xFF, 0xFF, 0xFF, 0xFF, 0xC0,
  0xF0, 0x3F, 0xC0, 0xFF, 0x03, 0xFC, 0x0F, 0xF0, 0x3F, 0xC0, 0xFF, 0x03, 0xFF, 0xFF, 0xFF, 0xFF,
  0xFF, 0xFF, 0x03, 0xFC, 0x0F, 0xF0, 0x3F, 0xC0, 0xFF, 0x03, 0xFC, 0x0F, 0xF0, 0x3F, 0xC0, 0xF0,
  0x03, 0xF8, 0x07, 0xFF, 0x83, 0xFF, 0xF1, 0xF0, 0x7E, 0x78, 0x07, 0xBC, 0x00, 0xFF, 0x7F, 0xBF,
  0xDF, 0xEF, 0xF7, 0xFB, 0xFC, 0x00, 0xFF, 0x00, 0x3D, 0xE0, 0x1E, 0x78, 0x07, 0x8F, 0x87, 0xC3,
  0xFF, 0xE0, 0x3F, 0xF0, 0x03, 0xF0, 0x00, 0xFF, 0xFF, 0xFF, 0xFF, 0xFF, 0xFF, 0xFF, 0xFF, 0xFF,
  0xF0, 0x3E, 0xF0, 0x3C, 0xF0, 0x78, 0xF0, 0xF0, 0xF1, 0xE0, 0xF3, 0xC0, 0xF7, 0x80, 0xFF, 0x00,
  0xFF, 0x80, 0xFF, 0x80, 0xFB, 0xC0, 0xF1, 0xE0, 0xF0, 0xF0, 0xF0, 0xF0, 0xF0, 0x78, 0xF0, 0x3C,
  0xF0, 0x3E, 0xF0, 0x1E, 0x01, 0xC0, 0x01, 0xE0, 0x00, 0xF8, 0x00, 0x7C, 0x00, 0x7F, 0x00, 0x3B,
  0x80, 0x3D, 0xC0, 0x1C, 0xF0, 0x0E, 0x38, 0x0F, 0x1E, 0x07, 0x07, 0x03, 0x83, 0x83, 0xC1, 0xE1,
  0xC0, 0x70, 0xE0, 0x3C, 0xF0, 0x1E, 0x70, 0x07, 0x78, 0x03, 0xC0, 0xF8, 0x1F, 0xFE, 0x0F, 0xFF,
  0x0F, 0xFF, 0x87, 0xFF, 0xC3, 0xFF, 0xE1, 0xFF, 0xF9, 0xFF, 0xFC, 0xEF, 0xFE, 0x77, 0xFB, 0x3B,
  0xFD, 0xDD, 0xFE, 0xFC, 0xFF, 0x7E, 0x7F, 0x9F, 0x3F, 0xCF, 0x9F, 0xE7, 0x8F, 0xF3, 0xC7, 0xF8,
  0xE3, 0xC0, 0xF0, 0x1F, 0xF0, 0x3F, 0xF0, 0x7F, 0xE0, 0xFF, 0xE1, 0xFF, 0xC3, 0xFD, 0xC7, 0xFB,
  0x8F, 0xF3, 0x9F, 0xE7, 0x3F, 0xC7, 0x7F, 0x8F, 0xFF, 0x0F, 0xFE, 0x1F, 0xFC, 0x1F, 0xF8, 0x1F,
  0xF0, 0x3F, 0xE0, 0x3C, 0xFF, 0xFF, 0xFF, 0xFF, 0xFF, 0xC0, 0x00, 0x00, 0x00, 0x00, 0x00, 0x00,
  0x0F, 0xFC, 0x3F, 0xF0, 0xFF, 0xC0, 0x00, 0x00, 0x00, 0x00, 0x00, 0x00, 0x00, 0x00, 0x3F, 0xFF,
  0xFF, 0xFF, 0xFF, 0xF0, 0x03, 0xF0, 0x0F, 0xFE, 0x0F, 0xFF, 0x87, 0x87, 0xC7, 0x80, 0xF3, 0xC0,
  0x7B, 0xC0, 0x1F, 0xE0, 0x0F, 0xF0, 0x07, 0xF8, 0x03, 0xFC, 0x01, 0xFE, 0x00, 0xF7, 0x80, 0xF3,
  0xC0, 0x78, 0xF8, 0xF8, 0x7F, 0xFC, 0x1F, 0xFC, 0x03, 0xF8, 0x00, 0xFF, 0xFF, 0xFF, 0xFF, 0xFF,
  0xFF, 0x80, 0xFF, 0x01, 0xFE, 0x03, 0xFC, 0x07, 0xF8, 0x0F, 0xF0, 0x1F, 0xE0, 0x3F, 0xC0, 0x7F,
  0x80, 0xFF, 0x01, 0xFE, 0x03, 0xFC, 0x07, 0xF8, 0x0F, 0xF0, 0x1E, 0xFF, 0xE3, 0xFF, 0xEF, 0xFF,
  0xBC, 0x1F, 0xF0, 0x3F, 0xC0, 0xFF, 0x03, 0xFC, 0x1F, 0xFF, 0xFB, 0xFF, 0xCF, 0xFE, 0x3C, 0x00,
  0xF0, 0x03, 0xC0, 0x0F, 0x00, 0x3C, 0x00, 0xF0, 0x03, 0xC0, 0x00, 0x7F, 0xFC, 0xFF, 0xF9, 0xFF,
  0xF3, 0xE0, 0x03, 0xC0, 0x03, 0xC0, 0x03, 0xC0, 0x03, 0xC0, 0x07, 0x80, 0x1F, 0x00, 0x7C, 0x00,
  0xF0, 0x03, 0xC0, 0x0F, 0x00, 0x3E, 0x00, 0x7F, 0xFF, 0xFF, 0xFF, 0xFF, 0xFC, 0xFF, 0xFF, 0xFF,
  0xFF, 0xFF, 0xC1, 0xE0, 0x07, 0x80, 0x1E, 0x00, 0x78, 0x01, 0xE0, 0x07, 0x80, 0x1E, 0x00, 0x78,
  0x01, 0xE0, 0x07, 0x80, 0x1E, 0x00, 0x78, 0x01, 0xE0, 0x07, 0x80, 0x1E, 0x00, 0xF0, 0x03, 0xDE,
  0x01, 0xE3, 0xC0, 0x78, 0xF8, 0x3C, 0x1E, 0x1E, 0x03, 0xCF, 0x80, 0xFB, 0xC0, 0x1F, 0xE0, 0x03,
  0xF0, 0x00, 0xFC, 0x00, 0x1E, 0x00, 0x07, 0x80, 0x01, 0xE0, 0x00, 0x78, 0x00, 0x1E, 0x00, 0x07,
  0x80, 0x01, 0xE0, 0x00, 0x78, 0x00, 0x01, 0xE0, 0x00, 0x78, 0x00, 0x7F, 0x80, 0x7F, 0xF8, 0x3F,
  0xFF, 0x1F, 0x7B, 0xEF, 0x9E, 0x7F, 0xC7, 0x8F, 0xF1, 0xE3, 0xFC, 0x78, 0xFF, 0x1E, 0x3F, 0xE7,
  0x9F, 0x7D, 0xEF, 0x8F, 0xFF, 0xC1, 0xFF, 0xE0, 0x1F, 0xE0, 0x01, 0xE0, 0x00, 0xF0, 0x3C, 0xF0,
  0xF9, 0xE1, 0xE1, 0xE7, 0x83, 0xCF, 0x03, 0xFC, 0x03, 0xF0, 0x07, 0xE0, 0x07, 0x80, 0x0F, 0x00,
  0x3F, 0x00, 0xFF, 0x01, 0xFE, 0x07, 0x9E, 0x0F, 0x1E, 0x3C, 0x3C, 0xF8, 0x3D, 0xE0, 0x78, 0xF3,
  0xC7, 0xF9, 0xE3, 0xFC, 0xF1, 0xFE, 0x78, 0xFF, 0x3C, 0x7F, 0x9E, 0x3F, 0xCF, 0x1F, 0xE7, 0x8F,
  0xF3, 0xC7, 0xF9, 0xE3, 0xFE, 0xF3, 0xEF, 0xFF, 0xE7, 0xFF, 0xF1, 0xFF, 0xE0, 0x0F, 0x00, 0x07,
  0x80, 0x03, 0xC0, 0x01, 0xE0, 0x00, 0x03, 0xF0, 0x03, 0xFF, 0x01, 0xFF, 0xE0, 0xF8, 0x7C, 0x7C,
  0x0F, 0x9E, 0x01, 0xEF, 0x00, 0x3F, 0xC0, 0x0F, 0xF0, 0x03, 0xFC, 0x00, 0xFF, 0x00, 0x3F, 0xC0,
  0x0F, 0x78, 0x07, 0x8E, 0x03, 0xC1, 0xC1, 0xE3, 0xF8, 0xFF, 0xFE, 0x3F, 0xFF, 0x8F, 0xF0, 0xC7,
  0x8F, 0x18, 0x03, 0xC7, 0x8F, 0x1E, 0x3C, 0x78, 0xF1, 0xE3, 0xC7, 0x8F, 0x1E, 0x3C, 0x78, 0xF1,
  0xE3, 0xC7, 0x80, 0x03, 0x18, 0x00, 0x63, 0x00, 0x0C, 0x60, 0x00, 0x00, 0x0F, 0x80, 0x3C, 0xF0,
  0x0F, 0x0F, 0x01, 0xE1, 0xF0, 0x78, 0x1E, 0x1E, 0x01, 0xE3, 0xC0, 0x3E, 0xF0, 0x03, 0xFC, 0x00,
  0x3F, 0x80, 0x07, 0xE0, 0x00, 0x78, 0x00, 0x0F, 0x00, 0x01, 0xE0, 0x00, 0x3C, 0x00, 0x07, 0x80,
  0x00, 0xF0, 0x00, 0x1E, 0x00, 0x03, 0xC0, 0x00, 0x03, 0x80, 0x06, 0x00, 0x18, 0x00, 0x00, 0x00,
  0x00, 0x03, 0xF7, 0x0F, 0xFE, 0x3F, 0xFC, 0xF8, 0xF9, 0xE0, 0xF3, 0xC1, 0xE7, 0x83, 0xCF, 0x07,
  0x9E, 0x0F, 0x3E, 0x3E, 0x3F, 0xFE, 0x3F, 0xFC, 0x3F, 0x78, 0x03, 0x80, 0x18, 0x01, 0x80, 0x00,
  0x00, 0x00, 0x0F, 0xE1, 0xFF, 0xDF, 0xFE, 0xF0, 0x7F, 0x80, 0x1F, 0x80, 0x7C, 0x07, 0xE0, 0x78,
  0x03, 0xC1, 0xFF, 0xFE, 0x7F, 0xF0, 0xFE, 0x00, 0x01, 0xC0, 0x0C, 0x00, 0xC0, 0x00, 0x00, 0x00,
  0x79, 0xF3, 0xFF, 0xDF, 0xFF, 0x7C, 0x7B, 0xC3, 0xDE, 0x1E, 0xF0, 0xF7, 0x87, 0xBC, 0x3D, 0xE1,
  0xEF, 0x0F, 0x78, 0x7B, 0xC3, 0xC0, 0x1E, 0x00, 0xF0, 0x07, 0x80, 0x3C, 0x00, 0x20, 0x38, 0x60,
  0x80, 0x00, 0x1E, 0x3C, 0x78, 0xF1, 0xE3, 0xC7, 0x8F, 0x1E, 0x3C, 0x7E, 0x7E, 0x7C, 0x03, 0x80,
  0xDB, 0x06, 0xD8, 0x3C, 0xC0, 0x00, 0x78, 0x3F, 0xC1, 0xFE, 0x0F, 0xF0, 0x7F, 0x83, 0xFC, 0x1F,
  0xE0, 0xFF, 0x07, 0xF8, 0x3F, 0xE3, 0xFF, 0xFE, 0x7F, 0xF0, 0xFE, 0x00, 0x1F, 0xB8, 0x7F, 0xF1,
  0xFF, 0xE7, 0xC7, 0xCF, 0x07, 0x9E, 0x0F, 0x3C, 0x1E, 0x78, 0x3C, 0xF0, 0x79, 0xF1, 0xF1, 0xFF,
  0xF1, 0xFF, 0xE1, 0xFB, 0xC0, 0x1F, 0x83, 0xFE, 0x1F, 0xF9, 0xF1, 0xCF, 0x0E, 0x78, 0xF3, 0xFF,
  0x1F, 0xFC, 0xFF, 0xF7, 0x87, 0xFC, 0x1F, 0xE0, 0xFF, 0x07, 0xFC, 0x7F, 0xFF, 0xDF, 0xFC, 0xFF,
  0xC7, 0x80, 0x3C, 0x01, 0xE0, 0x00, 0xE0, 0x3F, 0xC0, 0xEF, 0x07, 0x9E, 0x1C, 0x38, 0x70, 0xF3,
  0xC1, 0xCE, 0x07, 0xF8, 0x1F, 0xC0, 0x3F, 0x00, 0xFC, 0x01, 0xE0, 0x07, 0x80, 0x1E, 0x00, 0x78,
  0x01, 0xE0, 0x07, 0x80, 0x1E, 0x00, 0x7F, 0xF1, 0xFF, 0xC7, 0xFF, 0x0F, 0xC0, 0x0F, 0x80, 0x3F,
  0x03, 0xFF, 0x1F, 0xFE, 0x78, 0x7B, 0xC0, 0xFF, 0x03, 0xFC, 0x0F, 0xF0, 0x3F, 0xC0, 0xF7, 0x87,
  0xDF, 0xFE, 0x3F, 0xF0, 0x3F, 0x00, 0x1F, 0xC3, 0xFF, 0xBF, 0xFD, 0xE0, 0xFF, 0x00, 0x3F, 0x00,
  0xF8, 0x0F, 0xC0, 0xF0, 0x07, 0x83, 0xFF, 0xFC, 0xFF, 0xE1, 0xFC, 0x00, 0xFF, 0xEF, 0xFE, 0xFF,
  0xE0, 0xF8, 0x1F, 0x03, 0xE0, 0x3C, 0x07, 0x80, 0x78, 0x0F, 0x00, 0xF0, 0x0F, 0x00, 0xF0, 0x0F,
  0x00, 0xF8, 0x07, 0xE0, 0x3F, 0xE1, 0xFF, 0x00, 0xF0, 0x0F, 0x00, 0xF0, 0x1E, 0x00, 0x60, 0xF3,
  0xE7, 0xFF, 0xBF, 0xFE, 0xF8, 0xF7, 0x87, 0xBC, 0x3D, 0xE1, 0xEF, 0x0F, 0x78, 0x7B, 0xC3, 0xDE,
  0x1E, 0xF0, 0xF7, 0x87, 0x80, 0x3C, 0x01, 0xE0, 0x0F, 0x00, 0x78, 0x00, 0xC0, 0x0F, 0x81, 0xFF,
  0x1F, 0xFC, 0xF1, 0xE7, 0x07, 0x78, 0x3F, 0xC1, 0xFF, 0xFF, 0xFF, 0xFF, 0xFF, 0xFC, 0x1F, 0xE0,
  0xFF, 0x07, 0xBC, 0x79, 0xE3, 0xCF, 0xFE, 0x3F, 0xE0, 0x7C, 0x00, 0xF1, 0xE3, 0xC7, 0x8F, 0x1E,
  0x3C, 0x78, 0xF1, 0xE3, 0xF3, 0xF3, 0xE0, 0xF0, 0xF7, 0x8F, 0x3C, 0xF1, 0xFF, 0x0F, 0xF0, 0x7F,
  0x03, 0xFC, 0x1E, 0xF0, 0xF3, 0x87, 0x9E, 0x3C, 0x79, 0xE1, 0xEF, 0x0F, 0x00, 0x38, 0x01, 0xF0,
  0x07, 0xE0, 0x03, 0x80, 0x07, 0x00, 0x1C, 0x00, 0x78, 0x03, 0xE0, 0x0F, 0x80, 0x7F, 0x01, 0xDC,
  0x07, 0x70, 0x3C, 0xE0, 0xE3, 0x83, 0x8F, 0x1E, 0x1E, 0x70, 0x7F, 0xC0, 0xF0, 0xF0, 0x7B, 0xC1,
  0xEF, 0x07, 0xBC, 0x1E, 0xF0, 0x7B, 0xC1, 0xEF, 0x07, 0xBC, 0x1E, 0xF0, 0x7B, 0xE3, 0xEF, 0xFF,
  0xFF, 0xFF, 0xFF, 0xBF, 0xC0, 0x0F, 0x00, 0x3C, 0x00, 0xF0, 0x00, 0xF0, 0x3B, 0x83, 0xDE, 0x1C,
  0x70, 0xE3, 0x8F, 0x1E, 0x70, 0x77, 0x83, 0xF8, 0x0F, 0xC0, 0x7E, 0x03, 0xE0, 0x0F, 0x00, 0x70,
  0x00, 0xFF, 0xCF, 0xFC, 0xFF, 0xC3, 0xC0, 0x78, 0x07, 0x80, 0x7C, 0x03, 0xFC, 0x1F, 0xC7, 0xFC,
  0x78, 0x0F, 0x00, 0xF0, 0x0F, 0x00, 0xF8, 0x07, 0xFC, 0x7F, 0xF1, 0xFF, 0x00, 0xF0, 0x0F, 0x00,
  0xF0, 0x1E, 0x00, 0x60, 0x0F, 0x81, 0xFF, 0x1F, 0xFC, 0xF1, 0xEF, 0x07, 0xF8, 0x3F, 0xC1, 0xFE,
  0x0F, 0xF0, 0x7B, 0xC7, 0x9F, 0xFC, 0x7F, 0xC0, 0xF8, 0x00, 0xFF, 0xFD, 0xFF, 0xFB, 0xFF, 0xF3,
  0xC3, 0xC7, 0x87, 0x8F, 0x0F, 0x1E, 0x1E, 0x3C, 0x3C, 0x78, 0x78, 0xF0, 0xF1, 0xE1, 0xF3, 0xC3,
  0xF7, 0x83, 0xE0, 0x0F, 0xC0, 0xFF, 0xC7, 0xFF, 0x9E, 0x1E, 0xF0, 0x3F, 0xC0, 0xFF, 0x03, 0xFC,
  0x0F, 0xF0, 0x3F, 0xE1, 0xEF, 0xFF, 0xBF, 0xFC, 0xF7, 0xC3, 0xC0, 0x0F, 0x00, 0x3C, 0x00, 0xF0,
  0x03, 0xC0, 0x00, 0x0F, 0xC1, 0xFF, 0x1F, 0xFC, 0xF1, 0xFF, 0x07, 0xF8, 0x3F, 0xC0, 0x1E, 0x00,
  0xF0, 0x03, 0xC0, 0x1F, 0xE0, 0x7F, 0xE0, 0xFF, 0x80, 0xFC, 0x01, 0xE0, 0x1E, 0x00, 0xF0, 0x01,
  0x80, 0x0F, 0xFE, 0x7F, 0xFD, 0xFF, 0xFB, 0xC3, 0xCF, 0x03, 0xDE, 0x07, 0xBC, 0x0F, 0x78, 0x1E,
  0xF0, 0x3C, 0xF0, 0xF1, 0xFF, 0xE1, 0xFF, 0x80, 0xFC, 0x00, 0xFF, 0xFF, 0xFF, 0xFF, 0x8F, 0x01,
  0xE0, 0x3C, 0x07, 0x80, 0xF0, 0x1E, 0x03, 0xC0, 0x7E, 0x0F, 0xC0, 0xFC, 0xF0, 0x7F, 0x83, 0xFC,
  0x1F, 0xE0, 0xFF, 0x07, 0xF8, 0x3F, 0xC1, 0xFE, 0x0F, 0xF0, 0x7F, 0xC7, 0xFF, 0xFC, 0xFF, 0xE1,
  0xFC, 0x00, 0x09, 0xF8, 0x06, 0x7F, 0x83, 0xDF, 0xF1, 0xE7, 0x9E, 0xF1, 0xE7, 0xFC, 0x78, 0xFF,
  0x1E, 0x3F, 0xC7, 0x8F, 0xF9, 0xE3, 0xDE, 0x79, 0xE7, 0xFF, 0xF8, 0xFF, 0xFC, 0x0F, 0xFC, 0x00,
  0x78, 0x00, 0x1E, 0x00, 0x07, 0x80, 0x01, 0xE0, 0x00, 0x70, 0x1C, 0xF0, 0x79, 0xF0, 0xE1, 0xE3,
  0xC1, 0xE7, 0x01, 0xDE, 0x03, 0xF8, 0x03, 0xF0, 0x07, 0xC0, 0x07, 0x80, 0x1F, 0x00, 0x7F, 0x00,
  0xEF, 0x03, 0xDE, 0x0F, 0x1E, 0x3C, 0x3F, 0x78, 0x3F, 0xE0, 0x3C, 0xF3, 0xCF, 0xF3, 0xCF, 0xF3,
  0xCF, 0xF3, 0xCF, 0xF3, 0xCF, 0xF3, 0xCF, 0xF3, 0xCF, 0xF3, 0xCF, 0xF3, 0xCF, 0xF3, 0xCF, 0x7F,
  0xFE, 0x7F, 0xFE, 0x1F, 0xF8, 0x03, 0xC0, 0x03, 0xC0, 0x03, 0xC0, 0x03, 0xC0, 0x03, 0xC0, 0x18,
  0x06, 0x0F, 0x03, 0xC7, 0x80, 0x79, 0xE0, 0x1E, 0xF1, 0xE3, 0xFC, 0x78, 0xFF, 0x1E, 0x3F, 0xC7,
  0x8F, 0xF1, 0xE3, 0xFE, 0x79, 0xF7, 0xFF, 0xF8, 0xFF, 0xFC, 0x1F, 0x3E, 0x00, 0x18, 0xC0, 0xC6,
  0x06, 0x30, 0x00, 0x0F, 0xFF, 0x7F, 0xFB, 0xFF, 0xDE, 0x00, 0xF0, 0x07, 0x80, 0x3C, 0x01, 0xFF,
  0xCF, 0xFE, 0x7F, 0xF3, 0xC0, 0x1E, 0x00, 0xF0, 0x07, 0x80, 0x3C, 0x01, 0xFF, 0xFF, 0xFF, 0xFF,
  0xFC, 0xFF, 0xF0, 0x3F, 0xFC, 0x0F, 0xFF, 0x00, 0x3C, 0x00, 0x0F, 0x00, 0x03, 0xC0, 0x00, 0xFF,
  0xE0, 0x3F, 0xFE, 0x0F, 0xFF, 0x83, 0xC0, 0xF0, 0xF0, 0x3C, 0x3C, 0x0F, 0x0F, 0x03, 0xC3, 0xC0,
  0xF0, 0xF0, 0x3C, 0x3C, 0x0F, 0x0F, 0x03, 0xC3, 0xC0, 0xF0, 0x00, 0x3C, 0x00, 0x0F, 0x00, 0x1F,
  0x80, 0x07, 0xC0, 0x03, 0x80, 0x70, 0x04, 0x00, 0x00, 0xFF, 0xFF, 0xFF, 0xFF, 0xFF, 0x00, 0xF0,
  0x0F, 0x00, 0xF0, 0x0F, 0x00, 0xF0, 0x0F, 0x00, 0xF0, 0x0F, 0x00, 0xF0, 0x0F, 0x00, 0xF0, 0x0F,
  0x00, 0xF0, 0x0F, 0x00, 0x07, 0xF0, 0x1F, 0xF8, 0x3F, 0xFE, 0x7C, 0x3E, 0x78, 0x1F, 0xF0, 0x0F,
  0xF0, 0x00, 0xFF, 0xC0, 0xFF, 0xC0, 0xFF, 0xC0, 0xF0, 0x00, 0xF0, 0x00, 0xF8, 0x0F, 0x78, 0x1F,
  0x7C, 0x3E, 0x3F, 0xFE, 0x1F, 0xFC, 0x07, 0xF0, 0x0F, 0xC0, 0x7F, 0xE1, 0xFF, 0xE7, 0xC3, 0xEF,
  0x03, 0xDE, 0x00, 0x3C, 0x00, 0x7F, 0x00, 0x7F, 0xF0, 0x3F, 0xF8, 0x0F, 0xF8, 0x01, 0xF0, 0x01,
  0xFE, 0x03, 0xFE, 0x0F, 0xBF, 0xFE, 0x3F, 0xF8, 0x1F, 0xC0, 0xFF, 0xFF, 0xFF, 0xFF, 0xFF, 0xFF,
  0xFF, 0xFF, 0xFF, 0xC7, 0x8F, 0x18, 0x03, 0xC7, 0x8F, 0x1E, 0x3C, 0x78, 0xF1, 0xE3, 0xC7, 0x8F,
  0x1E, 0x3C, 0x78, 0xF1, 0xE3, 0xC7, 0x80, 0x01, 0xE0, 0x3C, 0x07, 0x80, 0xF0, 0x1E, 0x03, 0xC0,
  0x78, 0x0F, 0x01, 0xE0, 0x3C, 0x07, 0xF8, 0xFF, 0x1F, 0xE3, 0xFC, 0x7B, 0xFE, 0x7F, 0xC3, 0xE0,
  0x7F, 0xFC, 0x00, 0xFF, 0xF8, 0x01, 0xFF, 0xF0, 0x03, 0xC1, 0xE0, 0x07, 0x83, 0xC0, 0x0F, 0x07,
  0x80, 0x1E, 0x0F, 0x00, 0x3C, 0x1F, 0xFC, 0x78, 0x3F, 0xFC, 0xF0, 0x7F, 0xF9, 0xE0, 0xF0, 0xFB,
  0xC1, 0xE0, 0xF7, 0x83, 0xC1, 0xEE, 0x07, 0x83, 0xFC, 0x0F, 0x0F, 0xF8, 0x1F, 0xFE, 0xE0, 0x3F,
  0xFD, 0x80, 0x7F, 0xE0, 0xF0, 0x3C, 0x00, 0xF0, 0x3C, 0x00, 0xF0, 0x3C, 0x00, 0xF0, 0x3C, 0x00,
  0xF0, 0x3C, 0x00, 0xF0, 0x3C, 0x00, 0xF0, 0x3F, 0xF8, 0xFF, 0xFF, 0xFC, 0xFF, 0xFF, 0xFE, 0xFF,
  0xFC, 0x1F, 0xF0, 0x3C, 0x0F, 0xF0, 0x3C, 0x0F, 0xF0, 0x3C, 0x0F, 0xF0, 0x3C, 0x0F, 0xF0, 0x3C,
  0x1F, 0xF0, 0x3F, 0xFE, 0xF0, 0x3F, 0xFE, 0xF0, 0x3F, 0xF8, 0xFF, 0xF0, 0x3F, 0xFC, 0x0F, 0xFF,
  0x00, 0x3C, 0x00, 0x0F, 0x00, 0x03, 0xC0, 0x00, 0xFF, 0xE0, 0x3F, 0xFE, 0x0F, 0xFF, 0x83, 0xC0,
  0xF0, 0xF0, 0x3C, 0x3C, 0x0F, 0x0F, 0x03, 0xC3, 0xC0, 0xF0, 0xF0, 0x3C, 0x3C, 0x0F, 0x0F, 0x03,
  0xC3, 0xC0, 0xF0, 0x01, 0x80, 0x03, 0x00, 0x06, 0x00, 0x00, 0x00, 0xF0, 0x3E, 0xF0, 0x7C, 0xF0,
  0xF8, 0xF1, 0xF0, 0xF3, 0xE0, 0xF7, 0xC0, 0xFF, 0x80, 0xFF, 0x00, 0xFE, 0x00, 0xFE, 0x00, 0xFF,
  0x00, 0xF7, 0x80, 0xF3, 0xC0, 0xF1, 0xE0, 0xF0, 0xF0, 0xF0, 0x78, 0xF0, 0x3C, 0xF0, 0x1E, 0x1C,
  0x00, 0x1C, 0x00, 0x08, 0x00, 0x00, 0x0F, 0x01, 0xFE, 0x07, 0xFC, 0x1F, 0xF8, 0x3F, 0xF0, 0xFF,
  0xE1, 0xFF, 0xC7, 0x7F, 0x8E, 0xFF, 0x39, 0xFE, 0x73, 0xFD, 0xC7, 0xFF, 0x8F, 0xFE, 0x1F, 0xFC,
  0x3F, 0xF0, 0x7F, 0xC0, 0xFF, 0x81, 0xFE, 0x03, 0xC0, 0x02, 0x30, 0x01, 0xF0, 0x00, 0xF8, 0x00,
  0x00, 0x0F, 0x00, 0xF3, 0xC0, 0x79, 0xE0, 0x78, 0x78, 0x3C, 0x3C, 0x3C, 0x0F, 0x1E, 0x07, 0x9E,
  0x01, 0xEF, 0x00, 0xFF, 0x00, 0x3F, 0x80, 0x1F, 0x80, 0x07, 0xC0, 0x03, 0xC0, 0x01, 0xE0, 0x01,
  0xE0, 0x00, 0xF0, 0x00, 0xF0, 0x00, 0x78, 0x00, 0xF0, 0x3F, 0xC0, 0xFF, 0x03, 0xFC, 0x0F, 0xF0,
  0x3F, 0xC0, 0xFF, 0x03, 0xFC, 0x0F, 0xF0, 0x3F, 0xC0, 0xFF, 0x03, 0xFC, 0x0F, 0xF0, 0x3F, 0xC0,
  0xFF, 0x03, 0xFF, 0xFF, 0xFF, 0xFF, 0xFF, 0xF0, 0x78, 0x01, 0xE0, 0x07, 0x80, 0x03, 0xE0, 0x03,
  0xE0, 0x03, 0xE0, 0x07, 0xF0, 0x07, 0xF0, 0x07, 0x70, 0x0F, 0x78, 0x0E, 0x78, 0x0E, 0x38, 0x1E,
  0x3C, 0x1C, 0x3C, 0x3F, 0xFC, 0x3F, 0xFE, 0x3F, 0xFE, 0x78, 0x0E, 0x78, 0x0F, 0x70, 0x0F, 0xF0,
  0x07, 0xFF, 0xF3, 0xFF, 0xCF, 0xFF, 0x3C, 0x00, 0xF0, 0x03, 0xC0, 0x0F, 0x00, 0x3F, 0xF8, 0xFF,
  0xF3, 0xFF, 0xEF, 0x07, 0xFC, 0x0F, 0xF0, 0x3F, 0xC0, 0xFF, 0x07, 0xFF, 0xFE, 0xFF, 0xFB, 0xFF,
  0x80, 0xFF, 0xC3, 0xFF, 0xCF, 0xFF, 0x3C, 0x3E, 0xF0, 0x7B, 0xC1, 0xEF, 0x0F, 0xBF, 0xFC, 0xFF,
  0xE3, 0xFF, 0xCF, 0x07, 0xBC, 0x0F, 0xF0, 0x3F, 0xC0, 0xFF, 0x07, 0xFF, 0xFE, 0xFF, 0xFB, 0xFF,
  0x80, 0xFF, 0xFF, 0xFF, 0xFF, 0xFF, 0x00, 0xF0, 0x0F, 0x00, 0xF0, 0x0F, 0x00, 0xF0, 0x0F, 0x00,
  0xF0, 0x0F, 0x00, 0xF0, 0x0F, 0x00, 0xF0, 0x0F, 0x00, 0xF0, 0x0F, 0x00, 0x07, 0xFF, 0x80, 0x3F,
  0xFC, 0x01, 0xFF, 0xE0, 0x0F, 0x0F, 0x00, 0x78, 0x78, 0x03, 0xC3, 0xC0, 0x1E, 0x1E, 0x00, 0xF0,
  0xF0, 0x07, 0x87, 0x80, 0x3C, 0x3C, 0x01, 0xE1, 0xE0, 0x0F, 0x0F, 0x00, 0xF8, 0x78, 0x07, 0x83,
  0xC0, 0x7C, 0x1E, 0x1F, 0xFF, 0xFF, 0xFF, 0xFF, 0xFF, 0xFF, 0xFF, 0xFC, 0x00, 0x1F, 0xE0, 0x00,
  0xFF, 0x00, 0x07, 0x80, 0xFF, 0xF7, 0xFF, 0xBF, 0xFD, 0xE0, 0x0F, 0x00, 0x78, 0x03, 0xC0, 0x1F,
  0xFC, 0xFF, 0xE7, 0xFF, 0x3C, 0x01, 0xE0, 0x0F, 0x00, 0x78, 0x03, 0xC0, 0x1F, 0xFF, 0xFF, 0xFF,
  0xFF, 0xC0, 0x3C, 0x1E, 0x0F, 0x0F, 0x07, 0x83, 0xC1, 0xE1, 0xE1, 0xE0, 0x3C, 0x78, 0xF0, 0x07,
  0x9E, 0x78, 0x00, 0xF7, 0xBC, 0x00, 0x1F, 0xFE, 0x00, 0x03, 0xFF, 0x00, 0x00, 0x7F, 0x80, 0x00,
  0x3F, 0xF0, 0x00, 0x1F, 0xFE, 0x00, 0x0F, 0xFF, 0xC0, 0x07, 0xDE, 0xF8, 0x03, 0xE7, 0x9F, 0x01,
  0xF1, 0xE3, 0xE0, 0xF8, 0x78, 0x7C, 0x7C, 0x1E, 0x0F, 0x1E, 0x07, 0x81, 0xE0, 0x0F, 0xE0, 0x7F,
  0xE1, 0xFF, 0xE7, 0xC3, 0xEF, 0x03, 0xC0, 0x07, 0x80, 0x1F, 0x01, 0xFC, 0x03, 0xF8, 0x07, 0xF8,
  0x00, 0xF8, 0x00, 0xF0, 0x01, 0xFE, 0x03, 0xDE, 0x0F, 0xBF, 0xFE, 0x3F, 0xF8, 0x1F, 0xC0, 0xF0,
  0x1F, 0xE0, 0x7F, 0xC1, 0xFF, 0x83, 0xFF, 0x0F, 0xFE, 0x1F, 0xFC, 0x77, 0xF8, 0xEF, 0xF3, 0x9F,
  0xE7, 0x3F, 0xDC, 0x7F, 0xF8, 0xFF, 0xE1, 0xFF, 0xC3, 0xFF, 0x07, 0xFC, 0x0F, 0xF8, 0x1F, 0xE0,
  0x3C, 0x08, 0x40, 0x1F, 0x80, 0x1E, 0x00, 0x00, 0x0F, 0x01, 0xFE, 0x07, 0xFC, 0x1F, 0xF8, 0x3F,
  0xF0, 0xFF, 0xE1, 0xFF, 0xC7, 0x7F, 0x8E, 0xFF, 0x39, 0xFE, 0x73, 0xFD, 0xC7, 0xFF, 0x8F, 0xFE,
  0x1F, 0xFC, 0x3F, 0xF0, 0x7F, 0xC0, 0xFF, 0x81, 0xFE, 0x03, 0xC0, 0xF0, 0x3E, 0xF0, 0x7C, 0xF0,
  0xF8, 0xF1, 0xF0, 0xF3, 0xE0, 0xF7, 0xC0, 0xFF, 0x80, 0xFF, 0x00, 0xFE, 0x00, 0xFE, 0x00, 0xFF,
  0x00, 0xF7, 0x80, 0xF3, 0xC0, 0xF1, 0xE0, 0xF0, 0xF0, 0xF0, 0x78, 0xF0, 0x3C, 0xF0, 0x1E, 0x7F,
  0xFD, 0xFF, 0xF7, 0xFF, 0xDE, 0x0F, 0x78, 0x3D, 0xE0, 0xF7, 0x83, 0xDE, 0x0F, 0x78, 0x3D, 0xE0,
  0xF7, 0x83, 0xDE, 0x0F, 0x78, 0x3D, 0xE0, 0xFF, 0x03, 0xFC, 0x0F, 0xE0, 0x3F, 0x00, 0xF0, 0xF8,
  0x1F, 0xFE, 0x0F, 0xFF, 0x0F, 0xFF, 0x87, 0xFF, 0xC3, 0xFF, 0xE1, 0xFF, 0xF9, 0xFF, 0xFC, 0xEF,
  0xFE, 0x77, 0xFB, 0x3B, 0xFD, 0xDD, 0xFE, 0xFC, 0xFF, 0x7E, 0x7F, 0x9F, 0x3F, 0xCF, 0x9F, 0xE7,
  0x8F, 0xF3, 0xC7, 0xF8, 0xE3, 0xC0, 0xF0, 0x3F, 0xC0, 0xFF, 0x03, 0xFC, 0x0F, 0xF0, 0x3F, 0xC0,
  0xFF, 0x03, 0xFF, 0xFF, 0xFF, 0xFF, 0xFF, 0xFF, 0x03, 0xFC, 0x0F, 0xF0, 0x3F, 0xC0, 0xFF, 0x03,
  0xFC, 0x0F, 0xF0, 0x3F, 0xC0, 0xF0, 0x03, 0xF0, 0x0F, 0xFE, 0x0F, 0xFF, 0x87, 0x87, 0xC7, 0x80,
  0xF3, 0xC0, 0x7B, 0xC0, 0x1F, 0xE0, 0x0F, 0xF0, 0x07, 0xF8, 0x03, 0xFC, 0x01, 0xFE, 0x00, 0xF7,
  0x80, 0xF3, 0xC0, 0x78, 0xF8, 0xF8, 0x7F, 0xFC, 0x1F, 0xFC, 0x03, 0xF8, 0x00, 0xFF, 0xFF, 0xFF,
  0xFF, 0xFF, 0xFC, 0x0F, 0xF0, 0x3F, 0xC0, 0xFF, 0x03, 0xFC, 0x0F, 0xF0, 0x3F, 0xC0, 0xFF, 0x03,
  0xFC, 0x0F, 0xF0, 0x3F, 0xC0, 0xFF, 0x03, 0xFC, 0x0F, 0xF0, 0x3F, 0xC0, 0xF0, 0xFF, 0xE3, 0xFF,
  0xEF, 0xFF, 0xBC, 0x1F, 0xF0, 0x3F, 0xC0, 0xFF, 0x03, 0xFC, 0x1F, 0xFF, 0xFB, 0xFF, 0xCF, 0xFE,
  0x3C, 0x00, 0xF0, 0x03, 0xC0, 0x0F, 0x00, 0x3C, 0x00, 0xF0, 0x03, 0xC0, 0x00, 0x07, 0xF0, 0x1F,
  0xF8, 0x3F, 0xFE, 0x7C, 0x3E, 0x78, 0x1F, 0xF8, 0x0F, 0xF0, 0x00, 0xF0, 0x00, 0xF0, 0x00, 0xF0,
  0x00, 0xF0, 0x00, 0xF0, 0x00, 0xF8, 0x0F, 0x78, 0x1F, 0x7C, 0x3E, 0x3F, 0xFE, 0x1F, 0xFC, 0x07,
  0xF0, 0xFF, 0xFF, 0xFF, 0xFF, 0xF0, 0xF0, 0x0F, 0x00, 0xF0, 0x0F, 0x00, 0xF0, 0x0F, 0x00, 0xF0,
  0x0F, 0x00, 0xF0, 0x0F, 0x00, 0xF0, 0x0F, 0x00, 0xF0, 0x0F, 0x00, 0xF0, 0xF0, 0x0F, 0x3C, 0x07,
  0x9E, 0x07, 0x87, 0x83, 0xC3, 0xC3, 0xC0, 0xF1, 0xE0, 0x79, 0xE0, 0x1E, 0xF0, 0x0F, 0xF0, 0x03,
  0xF8, 0x01, 0xF8, 0x00, 0x7C, 0x00, 0x3C, 0x00, 0x1E, 0x00, 0x1E, 0x00, 0x0F, 0x00, 0x0F, 0x00,
  0x07, 0x80, 0x00, 0x00, 0xF0, 0x00, 0x07, 0x80, 0x03, 0xFF, 0xE0, 0x7F, 0xFF, 0xC7, 0xFF, 0xFF,
  0x3C, 0x78, 0xFB, 0xE3, 0xC3, 0xFE, 0x1E, 0x0F, 0xF0, 0xF0, 0x7F, 0x87, 0x83, 0xFC, 0x3C, 0x1F,
  0xF1, 0xE1, 0xF7, 0x8F, 0x1F, 0x1F, 0xFF, 0xF0, 0x3F, 0xFE, 0x00, 0x1E, 0x00, 0x00, 0xF0, 0x00,
  0x07, 0x80, 0x00, 0x78, 0x1E, 0xF0, 0x78, 0xF0, 0xF0, 0xF3, 0xC1, 0xE7, 0x01, 0xFE, 0x03, 0xF8,
  0x03, 0xF0, 0x07, 0xC0, 0x0F, 0x80, 0x1F, 0x80, 0x7F, 0x00, 0xEF, 0x03, 0xCF, 0x0F, 0x1E, 0x1E,
  0x1E, 0x78, 0x3C, 0xF0, 0x3C, 0xF0, 0x3C, 0x78, 0x1E, 0x3C, 0x0F, 0x1E, 0x07, 0x8F, 0x03, 0xC7,
  0x81, 0xE3, 0xC0, 0xF1, 0xE0, 0x78, 0xF0, 0x3C, 0x78, 0x1E, 0x3C, 0x0F, 0x1E, 0x07, 0x8F, 0x03,
  0xC7, 0x81, 0xE3, 0xC0, 0xF1, 0xFF, 0xFF, 0xFF, 0xFF, 0xFF, 0xFF, 0xC0, 0x01, 0xE0, 0x00, 0xF0,
  0x00, 0x78, 0xF0, 0x7F, 0x83, 0xFC, 0x1F, 0xE0, 0xFF, 0x07, 0xF8, 0x3F, 0xC1, 0xFE, 0x0F, 0xF0,
  0x7F, 0xFF, 0xDF, 0xFE, 0x3F, 0xF0, 0x07, 0x80, 0x3C, 0x01, 0xE0, 0x0F, 0x00, 0x78, 0x03, 0xC0,
  0xF0, 0x78, 0x3F, 0xC1, 0xE0, 0xFF, 0x07, 0x83, 0xFC, 0x1E, 0x0F, 0xF0, 0x78, 0x3F, 0xC1, 0xE0,
  0xFF, 0x07, 0x83, 0xFC, 0x1E, 0x0F, 0xF0, 0x78, 0x3F, 0xC1, 0xE0, 0xFF, 0x07, 0x83, 0xFC, 0x1E,
  0x0F, 0xF0, 0x78, 0x3F, 0xC1, 0xE0, 0xFF, 0x07, 0x83, 0xFF, 0xFF, 0xFF, 0xFF, 0xFF, 0xFF, 0xFF,
  0xFF, 0xF0, 0xF0, 0x78, 0x3C, 0x3C, 0x1E, 0x0F, 0x0F, 0x07, 0x83, 0xC3, 0xC1, 0xE0, 0xF0, 0xF0,
  0x78, 0x3C, 0x3C, 0x1E, 0x0F, 0x0F, 0x07, 0x83, 0xC3, 0xC1, 0xE0, 0xF0, 0xF0, 0x78, 0x3C, 0x3C,
  0x1E, 0x0F, 0x0F, 0x07, 0x83, 0xC3, 0xC1, 0xE0, 0xF0, 0xF0, 0x78, 0x3C, 0x3C, 0x1E, 0x0F, 0x0F,
  0x07, 0x83, 0xC3, 0xFF, 0xFF, 0xFF, 0xFF, 0xFF, 0xFF, 0xFF, 0xFF, 0xFF, 0xF0, 0x00, 0x00, 0x3C,
  0x00, 0x00, 0x0F, 0x00, 0x00, 0x03, 0xC0, 0xFF, 0x80, 0x1F, 0xF0, 0x03, 0xFE, 0x00, 0x03, 0xC0,
  0x00, 0x78, 0x00, 0x0F, 0x00, 0x01, 0xFF, 0xC0, 0x3F, 0xFC, 0x07, 0xFF, 0xC0, 0xF0, 0x7C, 0x1E,
  0x07, 0x83, 0xC0, 0xF0, 0x78, 0x1E, 0x0F, 0x03, 0xC1, 0xE0, 0xF8, 0x3F, 0xFE, 0x07, 0xFF, 0xC0,
  0xFF, 0xE0, 0xF0, 0x00, 0xFF, 0x00, 0x0F, 0xF0, 0x00, 0xFF, 0x00, 0x0F, 0xF0, 0x00, 0xFF, 0x00,
  0x0F, 0xFF, 0xE0, 0xFF, 0xFF, 0x0F, 0xFF, 0xF8, 0xFF, 0x07, 0xCF, 0xF0, 0x3C, 0xFF, 0x03, 0xCF,
  0xF0, 0x3C, 0xFF, 0x03, 0xCF, 0xF0, 0x7C, 0xFF, 0xFF, 0x8F, 0xFF, 0xF8, 0xFF, 0xFE, 0x0F, 0xF0,
  0x03, 0xC0, 0x0F, 0x00, 0x3C, 0x00, 0xF0, 0x03, 0xC0, 0x0F, 0xFE, 0x3F, 0xFC, 0xFF, 0xFB, 0xC1,
  0xFF, 0x03, 0xFC, 0x0F, 0xF0, 0x3F, 0xC0, 0xFF, 0x07, 0xFF, 0xFE, 0xFF, 0xFB, 0xFF, 0x80, 0x0F,
  0xC0, 0x7F, 0xE1, 0xFF, 0xE3, 0xC3, 0xEF, 0x83, 0xDE, 0x03, 0xC0, 0x07, 0x83, 0xFF, 0x07, 0xFE,
  0x0F, 0xFC, 0x00, 0x78, 0x00, 0xFF, 0x03, 0xFE, 0x07, 0x9E, 0x1F, 0x3F, 0xFC, 0x3F, 0xF0, 0x1F,
  0x80, 0xF0, 0x07, 0xE0, 0xF0, 0x1F, 0xF8, 0xF0, 0x3F, 0xFC, 0xF0, 0x78, 0x3C, 0xF0, 0xF0, 0x1E,
  0xF0, 0xF0, 0x1E, 0xF0, 0xE0, 0x0F, 0xFF, 0xE0, 0x0F, 0xFF, 0xE0, 0x0F, 0xFF, 0xE0, 0x0F, 0xF0,
  0xE0, 0x0F, 0xF0, 0xE0, 0x0F, 0xF0, 0xF0, 0x1E, 0xF0, 0xF0, 0x1E, 0xF0, 0x78, 0x7C, 0xF0, 0x3F,
  0xFC, 0xF0, 0x1F, 0xF0, 0xF0, 0x07, 0xC0, 0x0F, 0xFC, 0xFF, 0xF3, 0xFF, 0xDF, 0x0F, 0x78, 0x3D,
  0xE0, 0xF7, 0x83, 0xDF, 0x0F, 0x3F, 0xFC, 0x7F, 0xF0, 0xFF, 0xC1, 0xCF, 0x0F, 0x3C, 0x78, 0xF1,
  0xE3, 0xCF, 0x0F, 0x78, 0x3F, 0xE0, 0xF0, 0x1F, 0xC3, 0xFF, 0x1F, 0xFD, 0xE1, 0xE0, 0x0F, 0x03,
  0xF9, 0xFF, 0xDF, 0x1E, 0xF0, 0xF7, 0x8F, 0xBF, 0xFC, 0xFF, 0xE3, 0xCF, 0x80, 0x00, 0x70, 0x3F,
  0x87, 0xF8, 0x7C, 0x07, 0x80, 0x3B, 0xE3, 0xFF, 0x9F, 0xFE, 0xF8, 0xF7, 0x83, 0xFC, 0x1F, 0xE0,
  0xFF, 0x07, 0xF8, 0x3F, 0xE3, 0xCF, 0xFE, 0x3F, 0xE0, 0xFC, 0x00, 0xFF, 0x9F, 0xFB, 0xFF, 0xF8,
  0xFF, 0x1F, 0xFF, 0xBF, 0xE7, 0xFE, 0xF1, 0xFE, 0x3F, 0xFF, 0xFF, 0xEF, 0xF8, 0xFF, 0xFF, 0xFF,
  0xF0, 0xF0, 0xF0, 0xF0, 0xF0, 0xF0, 0xF0, 0xF0, 0xF0, 0xF0, 0x0F, 0xFC, 0x1F, 0xF8, 0x3F, 0xF0,
  0x79, 0xE0, 0xF3, 0xC1, 0xE7, 0x83, 0xCF, 0x07, 0x9E, 0x1E, 0x3C, 0x3C, 0x7B, 0xFF, 0xFF, 0xFF,
  0xFF, 0xFF, 0xF8, 0x00, 0xF0, 0x01, 0x80, 0x1F, 0x81, 0xFE, 0x1F, 0xF9, 0xF1, 0xCF, 0x07, 0x7F,
  0xFB, 0xFF, 0xDE, 0x00, 0xF0, 0x03, 0xC3, 0x9F, 0xFC, 0x7F, 0xC0, 0xF8, 0x00, 0x38, 0xF1, 0xC3,
  0xCF, 0x3C, 0x1E, 0xF7, 0x80, 0xEF, 0x70, 0x07, 0xFE, 0x00, 0x7F, 0xE0, 0x07, 0xFE, 0x00, 0xFF,
  0xF0, 0x0F, 0xFF, 0x01, 0xEF, 0x78, 0x3C, 0xF3, 0xC7, 0xCF, 0x3E, 0x78, 0xF1, 0xE0, 0x1F, 0x87,
  0xFE, 0x7F, 0xFF, 0x0F, 0x00, 0xF0, 0x7F, 0x07, 0xE0, 0x7F, 0x00, 0xFE, 0x0F, 0xFF, 0xF7, 0xFE,
  0x3F, 0x80, 0xF1, 0xFF, 0x1F, 0xF3, 0xFF, 0x3F, 0xF3, 0xFF, 0x7F, 0xF6, 0xFF, 0xEF, 0xFC, 0xFF,
  0xCF, 0xFC, 0xFF, 0x8F, 0xF8, 0xF0, 0x3B, 0x01, 0xF0, 0x04, 0x00, 0x00, 0xF1, 0xFF, 0x1F, 0xF3,
  0xFF, 0x3F, 0xF3, 0xFF, 0x7F, 0xF6, 0xFF, 0xEF, 0xFC, 0xFF, 0xCF, 0xFC, 0xFF, 0x8F, 0xF8, 0xF0,
  0xF1, 0xEF, 0x1C, 0xF3, 0x8F, 0x70, 0xFF, 0x0F, 0xE0, 0xFE, 0x0F, 0xF0, 0xFF, 0x8F, 0x78, 0xF3,
  0xCF, 0x1E, 0xF0, 0xF0, 0x7F, 0xF7, 0xFF, 0x7F, 0xF7, 0x8F, 0x78, 0xF7, 0x8F, 0x78, 0xF7, 0x8F,
  0x78, 0xF7, 0x0F, 0xF0, 0xFF, 0x0F, 0xE0, 0xF0, 0xF8, 0xFF, 0xC7, 0xFE, 0x3F, 0xF1, 0xFF, 0xDF,
  0xFE, 0xFF, 0xF7, 0xFF, 0xBF, 0xF7, 0x7F, 0xBB, 0xFD, 0xDF, 0xEE, 0xFF, 0x27, 0x80, 0xF0, 0xFF,
  0x0F, 0xF0, 0xFF, 0x0F, 0xF0, 0xFF, 0xFF, 0xFF, 0xFF, 0xFF, 0xF0, 0xFF, 0x0F, 0xF0, 0xFF, 0x0F,
  0xF0, 0xF0, 0x0F, 0x81, 0xFF, 0x1F, 0xFC, 0xF1, 0xEF, 0x07, 0xF8, 0x3F, 0xC1, 0xFE, 0x0F, 0xF0,
  0x7B, 0xC7, 0x9F, 0xFC, 0x7F, 0xC0, 0xF8, 0x00, 0xFF, 0xFF, 0xFF, 0xFF, 0xFF, 0x0F, 0xF0, 0xFF,
  0x0F, 0xF0, 0xFF, 0x0F, 0xF0, 0xFF, 0x0F, 0xF0, 0xFF, 0x0F, 0xF0, 0xF0, 0xF7, 0xC7, 0xFF, 0x3F,
  0xFD, 0xF1, 0xEF, 0x07, 0xF8, 0x3F, 0xC1, 0xFE, 0x0F, 0xF0, 0x7F, 0xC7, 0xBF, 0xFD, 0xFF, 0xCF,
  0x7C, 0x78, 0x03, 0xC0, 0x1E, 0x00, 0xF0, 0x07, 0x80, 0x00, 0x0F, 0x83, 0xFE, 0x7F, 0xF7, 0x8F,
  0xF0, 0x7F, 0x00, 0xF0, 0x0F, 0x00, 0xF0, 0x77, 0x8F, 0x7F, 0xF3, 0xFE, 0x0F, 0x80, 0xFF, 0xFF,
  0xFF, 0x3C, 0x3C, 0x3C, 0x3C, 0x3C, 0x3C, 0x3C, 0x3C, 0x3C, 0x3C, 0xF0, 0x7B, 0x83, 0x9E, 0x1C,
  0x71, 0xE3, 0x8E, 0x1E, 0x70, 0x73, 0x83, 0xB8, 0x1F, 0xC0, 0x7E, 0x03, 0xE0, 0x0F, 0x00, 0x70,
  0x03, 0x80, 0x3C, 0x07, 0xC0, 0x3E, 0x01, 0xE0, 0x00, 0x00, 0x78, 0x00, 0x01, 0xE0, 0x00, 0x07,
  0x80, 0x00, 0x1E, 0x00, 0x1F, 0x7B, 0xE0, 0xFF, 0xFF, 0xC7, 0xFF, 0xFF, 0x9E, 0x3F, 0x1E, 0xF0,
  0x78, 0x3F, 0xC1, 0xE0, 0xFF, 0x07, 0x83, 0xFC, 0x1E, 0x0F, 0xF0, 0x78, 0x3D, 0xE3, 0xF1, 0xE7,
  0xFF, 0xFF, 0x8F, 0xFF, 0xFC, 0x1F, 0x7B, 0xE0, 0x01, 0xE0, 0x00, 0x07, 0x80, 0x00, 0x1E, 0x00,
  0x00, 0x78, 0x00, 0x01, 0xE0, 0x00, 0x78, 0xF3, 0xC7, 0x8F, 0x78, 0x3B, 0x81, 0xFC, 0x07, 0xC0,
  0x1C, 0x01, 0xF0, 0x1F, 0xC0, 0xEE, 0x0F, 0x78, 0xF1, 0xE7, 0x8F, 0x00, 0xF0, 0xF7, 0x87, 0xBC,
  0x3D, 0xE1, 0xEF, 0x0F, 0x78, 0x7B, 0xC3, 0xDE, 0x1E, 0xF0, 0xF7, 0x87, 0xBF, 0xFF, 0xFF, 0xFF,
  0xFF, 0x80, 0x0C, 0x00, 0x60, 0xF0, 0xFF, 0x0F, 0xF0, 0xFF, 0x0F, 0xF0, 0xFF, 0x0F, 0xFF, 0xF7,
  0xFF, 0x3F, 0xF0, 0x0F, 0x00, 0xF0, 0x0F, 0x00, 0xF0, 0xF1, 0xE1, 0xFE, 0x3C, 0x3F, 0xC7, 0x87,
  0xF8, 0xF0, 0xFF, 0x1E, 0x1F, 0xE3, 0xC3, 0xFC, 0x78, 0x7F, 0x8F, 0x0F, 0xF1, 0xE1, 0xFE, 0x3C,
  0x3F, 0xFF, 0xFF, 0xFF, 0xFF, 0xFF, 0xFF, 0xFE, 0xF1, 0xE1, 0xE7, 0x8F, 0x0F, 0x3C, 0x78, 0x79,
  0xE3, 0xC3, 0xCF, 0x1E, 0x1E, 0x78, 0xF0, 0xF3, 0xC7, 0x87, 0x9E, 0x3C, 0x3C, 0xF1, 0xE1, 0xE7,
  0x8F, 0x0F, 0x3F, 0xFF, 0xFF, 0xFF, 0xFF, 0xFF, 0xFF, 0xFF, 0x80, 0x00, 0x0C, 0x00, 0x00, 0x60,
  0x00, 0x03, 0xFE, 0x01, 0xFC, 0x03, 0xF8, 0x00, 0xF0, 0x01, 0xFF, 0x03, 0xFF, 0x87, 0xFF, 0x0F,
  0x0F, 0x1E, 0x1E, 0x3C, 0x3C, 0x7F, 0xF8, 0xFF, 0xE1, 0xFF, 0x80, 0xF0, 0x0F, 0xF0, 0x0F, 0xF0,
  0x0F, 0xF0, 0x0F, 0xFF, 0x8F, 0xFF, 0xEF, 0xFF, 0xEF, 0xF0, 0xFF, 0xF0, 0xFF, 0xF0, 0xFF, 0xFF,
  0xFF, 0xFF, 0xEF, 0xFF, 0xCF, 0xF0, 0x0F, 0x00, 0xF0, 0x0F, 0x00, 0xFF, 0x8F, 0xFE, 0xFF, 0xEF,
  0x0F, 0xF0, 0xFF, 0x0F, 0xFF, 0xFF, 0xFE, 0xFF, 0xC0, 0x1F, 0x0F, 0xF1, 0xFF, 0x78, 0xFE, 0x0E,
  0x1F, 0xC3, 0xF8, 0x7F, 0xE0, 0xFE, 0x3D, 0xFF, 0x3F, 0xC1, 0xF0, 0xF0, 0x7C, 0x3C, 0x7F, 0xCF,
  0x3F, 0xFB, 0xDF, 0x1E, 0xF7, 0x83, 0xFF, 0xE0, 0xFF, 0xF8, 0x3F, 0xFE, 0x0F, 0xF7, 0x83, 0xFD,
  0xF1, 0xEF, 0x3F, 0xFB, 0xC7, 0xFC, 0xF0, 0xFC, 0x00, 0x3F, 0xF7, 0xFF, 0xFF, 0xFF, 0x0F, 0xF0,
  0xFF, 0xFF, 0x7F, 0xF1, 0xFF, 0x1E, 0xF3, 0xCF, 0x3C, 0xF7, 0x8F, 0xF8, 0xF0, 0x1C, 0x00, 0x60,
  0x01, 0x80, 0x00, 0x00, 0x00, 0x0F, 0xC0, 0xFF, 0x0F, 0xFC, 0xF8, 0xE7, 0x83, 0xBF, 0xFD, 0xFF,
  0xEF, 0x00, 0x78, 0x01, 0xE1, 0xCF, 0xFE, 0x3F, 0xE0, 0x7C, 0x00, 0x31, 0x81, 0x8C, 0x0C, 0x60,
  0x00, 0x01, 0xF8, 0x1F, 0xE1, 0xFF, 0x9F, 0x1C, 0xF0, 0x77, 0xFF, 0xBF, 0xFD, 0xE0, 0x0F, 0x00,
  0x3C, 0x39, 0xFF, 0xC7, 0xFC, 0x0F, 0x80, 0x78, 0x03, 0xC0, 0x3F, 0xC1, 0xFE, 0x07, 0x80, 0x3D,
  0xF1, 0xFF, 0xCF, 0xFF, 0x7C, 0xFB, 0xC3, 0xDE, 0x1E, 0xF0, 0xF7, 0x87, 0xBC, 0x3D, 0xE1, 0xEF,
  0x0F, 0x78, 0x7B, 0xC7, 0x80, 0x3C, 0x03, 0xC0, 0x3C, 0x01, 0x80, 0x0C, 0x0C, 0x18, 0x00, 0x00,
  0xFF, 0xFF, 0xFF, 0xF0, 0xF0, 0xF0, 0xF0, 0xF0, 0xF0, 0xF0, 0xF0, 0xF0, 0xF0, 0x1F, 0x07, 0xF9,
  0xFF, 0x78, 0xFE, 0x0F, 0xFC, 0x3F, 0x87, 0xF0, 0xE0, 0xFE, 0x3D, 0xFF, 0x1F, 0xE1, 0xF0, 0x1F,
  0x87, 0xFE, 0xFF, 0xEF, 0x0F, 0xF8, 0x0F, 0xF0, 0x7F, 0xE0, 0xFF, 0x01, 0xFF, 0x0F, 0xFF, 0xF7,
  0xFE, 0x1F, 0x80, 0xFF, 0xF0, 0x0F, 0xFF, 0xFF, 0xFF, 0xFF, 0xFF, 0xFF, 0xC7, 0x8F, 0x18, 0x03,
  0xC7, 0x8F, 0x1E, 0x3C, 0x78, 0xF1, 0xE3, 0xC7, 0x8F, 0x1E, 0x3C, 0x3C, 0xF3, 0xC0, 0x00, 0xF3,
  0xCF, 0x3C, 0xF3, 0xCF, 0x3C, 0xF3, 0xCF, 0x3C, 0xF3, 0xCF, 0xFF, 0xFF, 0x80, 0x7F, 0xF0, 0x07,
  0xFF, 0x00, 0x7F, 0xF0, 0x07, 0x8F, 0x00, 0x78, 0xF0, 0x07, 0x8F, 0xFC, 0x78, 0xFF, 0xE7, 0x8F,
  0xFF, 0x78, 0xF0, 0x7F, 0x0F, 0x07, 0xF0, 0xFF, 0xFE, 0x0F, 0xFE, 0xC0, 0xFF, 0xC0, 0xF0, 0xF0,
  0x1E, 0x1E, 0x03, 0xC3, 0xC0, 0x78, 0x78, 0x0F, 0x0F, 0x01, 0xFF, 0xFF, 0x3F, 0xFF, 0xF7, 0xFF,
  0xFF, 0xF0, 0xF0, 0xFE, 0x1E, 0x1F, 0xC3, 0xFF, 0xF8, 0x7F, 0xEF, 0x0F, 0xF8, 0x78, 0x03, 0xC0,
  0x3F, 0xC1, 0xFE, 0x07, 0x80, 0x3C, 0xF1, 0xFF, 0xCF, 0xFF, 0x7C, 0xFB, 0xC3, 0xDE, 0x1E, 0xF0,
  0xF7, 0x87, 0xBC, 0x3D, 0xE1, 0xEF, 0x0F, 0x78, 0x7B, 0xC3, 0xC0, 0x06, 0x00, 0xC0, 0x0C, 0x00,
  0x00, 0x00, 0x0F, 0x1E, 0xF1, 0xCF, 0x38, 0xF7, 0x0F, 0xF0, 0xFE, 0x0F, 0xE0, 0xFF, 0x0F, 0xF8,
  0xF7, 0x8F, 0x3C, 0xF1, 0xEF, 0x0F, 0x18, 0x00, 0xC0, 0x04, 0x00, 0x00, 0x00, 0x0F, 0x1F, 0xF1,
  0xFF, 0x3F, 0xF3, 0xFF, 0x3F, 0xF7, 0xFF, 0x6F, 0xFE, 0xFF, 0xCF, 0xFC, 0xFF, 0xCF, 0xF8, 0xFF,
  0x8F, 0x0E, 0xC0, 0x3E, 0x00, 0xC0, 0x00, 0x0F, 0x07, 0xB8, 0x39, 0xE1, 0xC7, 0x1E, 0x38, 0xE1,
  0xE7, 0x07, 0x38, 0x3B, 0x81, 0xFC, 0x07, 0xE0, 0x3E, 0x00, 0xF0, 0x07, 0x00, 0x38, 0x03, 0xC0,
  0x7C, 0x03, 0xE0, 0x1E, 0x00, 0xF0, 0xFF, 0x0F, 0xF0, 0xFF, 0x0F, 0xF0, 0xFF, 0x0F, 0xF0, 0xFF,
  0x0F, 0xF0, 0xFF, 0x0F, 0xFF, 0xFF, 0xFF, 0xFF, 0xF0, 0xC0, 0x0C, 0x00, 0xFF, 0xFF, 0xF8, 0xFF,
  0xFF, 0xF8, 0xFF, 0xFF, 0xFF, 0xFF, 0x80, 0xFF, 0xFF, 0xFF, 0xFC, 0xFF, 0xFF, 0xFF, 0xFF, 0xFF,
  0xFF, 0xFF, 0xFF, 0xC0, 0xFF, 0xFF, 0xFF, 0xFF, 0xFF, 0xFF, 0xFF, 0xFF, 0xC0, 0xCF, 0x3C, 0xF3,
  0xCF, 0x3C, 0xF3, 0xCF, 0x3C, 0xF3, 0xCF, 0x3C, 0xF3, 0xCF, 0x3C, 0xF3, 0xCF, 0x30, 0xFF, 0xFF,
  0xFF, 0x00, 0x0F, 0xFF, 0xFF, 0xF0, 0x2A, 0x7F, 0xC0, 0xFF, 0x95, 0x80, 0xFF, 0x95, 0x00, 0xFF,
  0xCC, 0xC0, 0x63, 0x46, 0x84, 0xE7, 0xE7, 0xE7, 0xE7, 0xE7, 0xE7, 0x21, 0x42, 0x84, 0xE7, 0xE7,
  0xE7, 0x21, 0x42, 0x84, 0xE7, 0xE7, 0xE7, 0x84, 0xC6, 0x63, 0x1E, 0x07, 0x81, 0xE0, 0x78, 0x1E,
  0x3F, 0xFF, 0xFF, 0xFF, 0x1E, 0x07, 0x81, 0xE0, 0x78, 0x1E, 0x07, 0x81, 0xE0, 0x78, 0x1E, 0x07,
  0x81, 0xE0, 0x78, 0x1E, 0x00, 0x1E, 0x07, 0x81, 0xE0, 0x78, 0x1E, 0x3F, 0xFF, 0xFF, 0xFF, 0x1E,
  0x07, 0x81, 0xE0, 0x78, 0x1E, 0x3F, 0xFF, 0xFF, 0xFF, 0x1E, 0x07, 0x81, 0xE0, 0x78, 0x1E, 0x00,
  0x3C, 0x7E, 0xFF, 0xFF, 0xFF, 0xFF, 0xFF, 0x7E, 0x3C, 0x80, 0xE0, 0xF8, 0xFE, 0xFF, 0xFE, 0xF8,
  0xE0, 0xC0, 0xFF, 0xF0, 0xF3, 0xFC, 0xFF, 0x3C, 0xF3, 0xCF, 0xF3, 0xCF, 0xF3, 0xCF, 0xFF, 0x80,
  0x3C, 0x08, 0x00, 0x7E, 0x18, 0x00, 0xE7, 0x10, 0x00, 0xC3, 0x30, 0x00, 0xE7, 0x60, 0x00, 0x7E,
  0x40, 0x00, 0x3C, 0xC0, 0x00, 0x00, 0x80, 0x00, 0x01, 0x80, 0x00, 0x01, 0x00, 0x00, 0x03, 0x00,
  0x00, 0x06, 0x38, 0x1C, 0x06, 0x7C, 0x3E, 0x0C, 0xC6, 0x63, 0x08, 0xC6, 0x63, 0x18, 0xC6, 0x63,
  0x30, 0x7C, 0x3E, 0x30, 0x38, 0x1C, 0x3C, 0x08, 0x00, 0x00, 0x3F, 0x0C, 0x00, 0x00, 0x39, 0xC4,
  0x00, 0x00, 0x18, 0x66, 0x00, 0x00, 0x0E, 0x76, 0x00, 0x00, 0x03, 0xF2, 0x00, 0x00, 0x00, 0xF3,
  0x00, 0x00, 0x00, 0x01, 0x00, 0x00, 0x00, 0x01, 0x80, 0x00, 0x00, 0x00, 0x80, 0x00, 0x00, 0x00,
  0xC0, 0x00, 0x00, 0x00, 0xC7, 0x03, 0x83, 0xC0, 0x67, 0xC3, 0xE3, 0xF0, 0x66, 0x33, 0x1B, 0x9C,
  0x23, 0x19, 0x8D, 0x86, 0x31, 0x8C, 0xC6, 0xE7, 0x30, 0x7C, 0x3E, 0x3F, 0x18, 0x1C, 0x0E, 0x0F,
  0x00, 0x6F, 0xFE, 0xEC, 0xC0, 0x66, 0x7B, 0xFD, 0xDC, 0xEE, 0x76, 0x33, 0x10, 0x66, 0x37, 0xBB,
  0xFD, 0xDF, 0xDE, 0xEE, 0xE7, 0x63, 0x33, 0x11, 0x80, 0x6F, 0xF7, 0x73, 0x30, 0x63, 0xFF, 0xF7,
  0x77, 0x77, 0x33, 0x31, 0x63, 0x37, 0xBB, 0xBD, 0xDE, 0xEE, 0xF7, 0x73, 0x99, 0x9C, 0xC4, 0x60,
  0x04, 0x01, 0x80, 0x38, 0x0F, 0x81, 0xF0, 0x77, 0x1C, 0x63, 0x8E, 0xE0, 0xE0, 0x01, 0x37, 0xEC,
  0xE7, 0x31, 0x08, 0xCE, 0x73, 0x7E, 0xC8, 0x01, 0xF8, 0x1F, 0xF0, 0xFF, 0xC7, 0xC1, 0x1E, 0x00,
  0xF0, 0x07, 0xFF, 0x1F, 0xFC, 0x3C, 0x00, 0xF0, 0x07, 0xFE, 0x1F, 0xF8, 0x3E, 0x00, 0x78, 0x01,
  0xF0, 0x43, 0xFF, 0x07, 0xFC, 0x07, 0xE0, 0x00, 0x00, 0x0F, 0xF7, 0x87, 0xFF, 0x68, 0x71, 0x86,
  0xCF, 0x18, 0x6C, 0xF1, 0x86, 0xCF, 0x18, 0x64, 0xB1, 0x86, 0x7B, 0x18, 0x67, 0xB1, 0x86, 0x7B,
  0x18, 0x63, 0xB0, 0x00, 0xC0, 0x00, 0x0E, 0x00, 0x01, 0xE0, 0x00, 0x3C, 0x00, 0x03, 0xC0, 0x00,
  0x7F, 0xFF, 0xFF, 0xFF, 0xFF, 0xE7, 0x80, 0x00, 0x1E, 0x00, 0x00, 0x3C, 0x00, 0x00, 0x70, 0x00,
  0x01, 0x80, 0x00, 0x06, 0x00, 0x60, 0x0F, 0x01, 0xF8, 0x1F, 0x83, 0x7C, 0x76, 0xC6, 0x66, 0xE6,
  0x70, 0x60, 0x06, 0x00, 0x60, 0x06, 0x00, 0x60, 0x06, 0x00, 0x60, 0x06, 0x00, 0x60, 0x06, 0x00,
  0x60, 0x06, 0x00, 0x00, 0x08, 0x00, 0x00, 0x70, 0x00, 0x03, 0xC0, 0x00, 0x07, 0x80, 0x00, 0x0F,
  0x7F, 0xFF, 0xFF, 0xFF, 0xFF, 0xE0, 0x00, 0x3C, 0x00, 0x03, 0xC0, 0x00, 0x78, 0x00, 0x03, 0x00,
  0x00, 0x10, 0x00, 0x06, 0x00, 0x60, 0x06, 0x00, 0x60, 0x06, 0x00, 0x60, 0x06, 0x00, 0x60, 0x06,
  0x00, 0x60, 0x06, 0x0C, 0x63, 0xE6, 0x77, 0x66, 0x36, 0xC3, 0xFC, 0x1F, 0x80, 0xF8, 0x0F, 0x00,
  0x60, 0x06, 0x00, 0x00, 0xC2, 0x00, 0x03, 0x87, 0x00, 0x1E, 0x0F, 0x00, 0xF0, 0x07, 0x83, 0xC0,
  0x03, 0xDF, 0xFF, 0xFF, 0xFF, 0xFF, 0xFF, 0x9E, 0x00, 0x1C, 0x1E, 0x00, 0xF0, 0x0F, 0x07, 0x80,
  0x07, 0x0E, 0x00, 0x06, 0x10, 0x00, 0x06, 0x00, 0x38, 0x03, 0xC0, 0x1F, 0x01, 0xFC, 0x1F, 0x60,
  0xDB, 0x8E, 0xCE, 0xE6, 0x30, 0x30, 0x01, 0x80, 0x0C, 0x00, 0x60, 0x73, 0x1D, 0x99, 0xCE, 0xCC,
  0x36, 0xE0, 0xF6, 0x07, 0xE0, 0x1F, 0x00, 0xF0, 0x03, 0x80, 0x08, 0x00, 0xFF, 0xFF, 0xFF, 0xFF,
  0xF0, 0x38, 0x3C, 0xFD, 0xFF, 0x1F, 0x1E, 0x1C, 0x3C, 0x7C, 0x6F, 0xDF, 0xCE, 0x0F, 0x00, 0x38,
  0x03, 0xF0, 0x3F, 0xC7, 0x8F, 0xF0, 0x3F, 0x1C, 0x71, 0xF8, 0x1F, 0xE3, 0xC7, 0xF8, 0x1F, 0x80,
  0x38, 0x00, 0x60, 0x0E, 0x00, 0xCF, 0xFF, 0xFF, 0xFF, 0xFF, 0x03, 0x00, 0x60, 0x0E, 0x0F, 0xFF,
  0xFF, 0xFF, 0xFF, 0x30, 0x07, 0x00, 0xFF, 0xFF, 0xFF, 0xFF, 0xF0, 0x00, 0xFF, 0xFF, 0xFF, 0xFF,
  0xF0, 0x00, 0x00, 0x0F, 0xFF, 0xFF, 0xFF, 0xFF, 0xFF, 0xFF, 0xFF, 0xFF, 0xF0, 0x00, 0x00, 0x0F,
  0xFF, 0xFF, 0xFF, 0xFF, 0x00, 0x0F, 0xFF, 0xFF, 0xFF, 0xFF, 0x00, 0x00, 0x00, 0xFF, 0xFF, 0xFF,
  0xFF, 0xF0, 0x00, 0x00, 0x07, 0x03, 0xF0, 0xFE, 0x7F, 0x0F, 0x80, 0xF0, 0x0F, 0xE0, 0x1F, 0xC0,
  0x7F, 0x00, 0xF0, 0x01, 0x00, 0x0F, 0xFF, 0xFF, 0xFF, 0xFF, 0x80, 0x0E, 0x00, 0xFC, 0x07, 0xF8,
  0x0F, 0xE0, 0x1F, 0x00, 0xF0, 0x3F, 0x1F, 0xCF, 0xE0, 0xF0, 0x0C, 0x00, 0x00, 0x0F, 0xFF, 0xFF,
  0xFF, 0xFF,
};

static const lgfx::GFXglyph ObSansBold12Glyphs[] PROGMEM = {
  {0, 1, 1, 7, 0, 0},  // U+0020
  {1, 4, 17, 8, 3, -16},  // U+0021
  {10, 10, 6, 11, 1, -17},  // U+0022
  {18, 13, 16, 13, 0, -15},  // U+0023
  {44, 13, 20, 13, 0, -17},  // U+0024
  {77, 19, 17, 21, 1, -16},  // U+0025
  {118, 16, 17, 17, 1, -16},  // U+0026
  {152, 4, 6, 6, 1, -17},  // U+0027
  {155, 6, 22, 8, 1, -17},  // U+0028
  {172, 6, 22, 8, 1, -17},  // U+0029
  {189, 7, 8, 9, 1, -17},  // U+002A
  {196, 11, 11, 14, 2, -10},  // U+002B
  {212, 4, 7, 6, 1, -2},  // U+002C
  {216, 6, 3, 8, 1, -7},  // U+002D
  {219, 4, 3, 6, 1, -2},  // U+002E
  {221, 6, 17, 7, 0, -16},  // U+002F
  {234, 12, 17, 13, 1, -16},  // U+0030
  {260, 7, 17, 14, 3, -16},  // U+0031
  {275, 12, 17, 13, 1, -16},  // U+0032
  {301, 12, 17, 13, 1, -16},  // U+0033
  {327, 11, 17, 13, 1, -16},  // U+0034
  {351, 12, 17, 13, 1, -16},  // U+0035
  {377, 12, 17, 13, 1, -16},  // U+0036
  {403, 11, 17, 13, 1, -16},  // U+0037
  {427, 12, 17, 13, 1, -16},  // U+0038
  {453, 12, 17, 13, 1, -16},  // U+0039
  {479, 4, 12, 6, 1, -11},  // U+003A
  {485, 4, 16, 6, 1, -11},  // U+003B
  {493, 12, 12, 14, 1, -11},  // U+003C
  {511, 12, 9, 14, 1, -9},  // U+003D
  {525, 12, 12, 14, 1, -11},  // U+003E
  {543, 12, 18, 15, 2, -17},  // U+003F
  {570, 21, 21, 23, 1, -17},  // U+0040
  {626, 16, 18, 17, 0, -17},  // U+0041
  {662, 14, 18, 17, 2, -17},  // U+0042
  {694, 16, 18, 17, 1, -17},  // U+0043
  {730, 15, 18, 17, 2, -17},  // U+0044
  {764, 13, 18, 16, 2, -17},  // U+0045
  {794, 12, 18, 15, 2, -17},  // U+0046
  {821, 16, 18, 19, 1, -17},  // U+0047
  {857, 14, 18, 18, 2, -17},  // U+0048
  {889, 4, 18, 7, 2, -17},  // U+0049
  {898, 11, 18, 14, 1, -17},  // U+004A
  {923, 16, 18, 17, 2, -17},  // U+004B
  {959, 11, 18, 15, 2, -17},  // U+004C
  {984, 17, 18, 21, 2, -17},  // U+004D
  {1023, 15, 18, 18, 2, -17},  // U+004E
  {1057, 17, 18, 19, 1, -17},  // U+004F
  {1096, 14, 18, 16, 2, -17},  // U+0050
  {1128, 17, 19, 19, 1, -17},  // U+0051
  {1169, 16, 18, 17, 2, -17},  // U+0052
  {1205, 15, 18, 16, 1, -17},  // U+0053
  {1239, 12, 18, 15, 2, -17},  // U+0054
  {1266, 14, 18, 18, 2, -17},  // U+0055
  {1298, 15, 18, 16, 0, -17},  // U+0056
  {1332, 23, 18, 23, 0, -17},  // U+0057
  {1384, 15, 18, 16, 1, -17},  // U+0058
  {1418, 16, 18, 15, 0, -17},  // U+0059
  {1454, 13, 18, 15, 1, -17},  // U+005A
  {1484, 6, 23, 8, 2, -17},  // U+005B
  {1502, 7, 17, 7, 0, -16},  // U+005C
  {1517, 6, 23, 8, 0, -17},  // U+005D
  {1535, 12, 11, 14, 1, -16},  // U+005E
  {1552, 12, 2, 12, 0, 4},  // U+005F
  {1555, 4, 3, 8, 1, -17},  // U+0060
  {1557, 13, 13, 14, 1, -12},  // U+0061
  {1579, 13, 18, 15, 2, -17},  // U+0062
  {1609, 12, 13, 13, 1, -12},  // U+0063
  {1629, 13, 18, 15, 1, -17},  // U+0064
  {1659, 13, 13, 14, 1, -12},  // U+0065
  {1681, 7, 18, 8, 1, -17},  // U+0066
  {1697, 13, 18, 15, 1, -12},  // U+0067
  {1727, 12, 18, 14, 2, -17},  // U+0068
  {1754, 4, 18, 7, 2, -17},  // U+0069
  {1763, 6, 23, 7, 0, -17},  // U+006A
  {1781, 12, 18, 14, 2, -17},  // U+006B
  {1808, 4, 18, 6, 2, -17},  // U+006C
  {1817, 19, 13, 21, 2, -12},  // U+006D
  {1848, 12, 13, 15, 2, -12},  // U+006E
  {1868, 13, 13, 15, 1, -12},  // U+006F
  {1890, 13, 18, 15, 2, -12},  // U+0070
  {1920, 13, 18, 15, 1, -12},  // U+0071
  {1950, 8, 13, 9, 2, -12},  // U+0072
  {1963, 12, 13, 13, 1, -12},  // U+0073
  {1983, 6, 15, 8, 1, -14},  // U+0074
  {1995, 12, 13, 15, 2, -12},  // U+0075
  {2015, 13, 13, 13, 0, -12},  // U+0076
  {2037, 18, 13, 19, 0, -12},  // U+0077
  {2067, 13, 13, 13, 0, -12},  // U+0078
  {2089, 13, 18, 13, 0, -12},  // U+0079
  {2119, 10, 13, 12, 1, -12},  // U+007A
  {2136, 6, 23, 9, 1, -17},  // U+007B
  {2154, 2, 22, 7, 2, -17},  // U+007C
  {2160, 6, 23, 9, 3, -17},  // U+007D
  {2178, 12, 5, 12, 0, -7},  // U+007E
  {2186, 1, 1, 7, 0, 0},  // U+00A0
  {2187, 4, 17, 8, 1, -12},  // U+00A1
  {2196, 12, 18, 13, 1, -14},  // U+00A2
  {2223, 14, 17, 13, -1, -16},  // U+00A3
  {2253, 11, 12, 13, 1, -14},  // U+00A4
  {2270, 11, 16, 13, 1, -15},  // U+00A5
  {2292, 2, 23, 7, 2, -17},  // U+00A6
  {2298, 12, 22, 13, 1, -16},  // U+00A7
  {2331, 6, 3, 8, 1, -17},  // U+00A8
  {2334, 18, 18, 18, 0, -17},  // U+00A9
  {2375, 7, 12, 9, 1, -17},  // U+00AA
  {2386, 9, 10, 13, 2, -11},  // U+00AB
  {2398, 12, 6, 14, 1, -8},  // U+00AC
  {2407, 6, 3, 8, 1, -7},  // U+00AD
  {2410, 18, 18, 18, 0, -17},  // U+00AE
  {2451, 7, 2, 8, 0, -16},  // U+00AF
  {2453, 6, 8, 15, 4, -16},  // U+00B0
  {2459, 12, 16, 14, 1, -14},  // U+00B1
  {2483, 7, 11, 8, 1, -19},  // U+00B2
  {2493, 7, 11, 8, 1, -19},  // U+00B3
  {2503, 4, 3, 8, 3, -17},  // U+00B4
  {2505, 13, 18, 15, 1, -12},  // U+00B5
  {2535, 12, 22, 13, 0, -17},  // U+00B6
  {2568, 3, 3, 7, 2, -6},  // U+00B7
  {2570, 6, 5, 8, 1, 1},  // U+00B8
  {2574, 4, 10, 7, 2, -18},  // U+00B9
  {2579, 7, 12, 9, 1, -17},  // U+00BA
  {2590, 9, 10, 13, 2, -11},  // U+00BB
  {2602, 16, 19, 19, 2, -18},  // U+00BC
  {2640, 17, 19, 19, 2, -18},  // U+00BD
  {2681, 17, 20, 19, 1, -19},  // U+00BE
  {2724, 12, 18, 15, 1, -12},  // U+00BF
  {2751, 16, 22, 17, 0, -21},  // U+00C0
  {2795, 16, 22, 17, 0, -21},  // U+00C1
  {2839, 16, 22, 17, 0, -21},  // U+00C2
  {2883, 16, 21, 17, 0, -20},  // U+00C3
  {2925, 16, 22, 17, 0, -21},  // U+00C4
  {2969, 16, 22, 17, 0, -21},  // U+00C5
  {3013, 22, 18, 24, 1, -17},  // U+00C6
  {3063, 16, 23, 17, 1, -17},  // U+00C7
  {3109, 13, 22, 16, 2, -21},  // U+00C8
  {3145, 13, 22, 16, 2, -21},  // U+00C9
  {3181, 13, 22, 16, 2, -21},  // U+00CA
  {3217, 13, 22, 16, 2, -21},  // U+00CB
  {3253, 6, 22, 7, 0, -21},  // U+00CC
  {3270, 5, 22, 7, 1, -21},  // U+00CD
  {3284, 7, 22, 7, 0, -21},  // U+00CE
  {3304, 7, 22, 7, 0, -21},  // U+00CF
  {3324, 16, 18, 18, 1, -17},  // U+00D0
  {3360, 15, 22, 18, 2, -21},  // U+00D1
  {3402, 17, 22, 19, 1, -21},  // U+00D2
  {3449, 17, 22, 19, 1, -21},  // U+00D3
  {3496, 17, 22, 19, 1, -21},  // U+00D4
  {3543, 17, 22, 19, 1, -21},  // U+00D5
  {3590, 17, 22, 19, 1, -21},  // U+00D6
  {3637, 10, 11, 14, 2, -10},  // U+00D7
  {3651, 17, 18, 19, 1, -17},  // U+00D8
  {3690, 14, 22, 18, 2, -21},  // U+00D9
  {3729, 14, 22, 18, 2, -21},  // U+00DA
  {3768, 14, 22, 18, 2, -21},  // U+00DB
  {3807, 14, 22, 18, 2, -21},  // U+00DC
  {3846, 16, 22, 15, 0, -21},  // U+00DD
  {3890, 14, 18, 16, 2, -17},  // U+00DE
  {3922, 12, 18, 15, 2, -17},  // U+00DF
  {3949, 13, 18, 14, 1, -17},  // U+00E0
  {3979, 13, 18, 14, 1, -17},  // U+00E1
  {4009, 13, 18, 14, 1, -17},  // U+00E2
  {4039, 13, 18, 14, 1, -17},  // U+00E3
  {4069, 13, 18, 14, 1, -17},  // U+00E4
  {4099, 13, 19, 14, 1, -18},  // U+00E5
  {4130, 21, 13, 21, 1, -12},  // U+00E6
  {4165, 11, 18, 13, 1, -12},  // U+00E7
  {4190, 13, 18, 14, 1, -17},  // U+00E8
  {4220, 13, 18, 14, 1, -17},  // U+00E9
  {4250, 13, 18, 14, 1, -17},  // U+00EA
  {4280, 13, 18, 14, 1, -17},  // U+00EB
  {4310, 6, 18, 7, 0, -17},  // U+00EC
  {4324, 4, 18, 7, 2, -17},  // U+00ED
  {4333, 7, 18, 7, 0, -17},  // U+00EE
  {4349, 7, 18, 7, 0, -17},  // U+00EF
  {4365, 13, 18, 15, 1, -17},  // U+00F0
  {4395, 12, 18, 15, 2, -17},  // U+00F1
  {4422, 13, 18, 15, 1, -17},  // U+00F2
  {4452, 13, 18, 15, 1, -17},  // U+00F3
  {4482, 13, 18, 15, 1, -17},  // U+00F4
  {4512, 13, 18, 15, 1, -17},  // U+00F5
  {4542, 13, 18, 15, 1, -17},  // U+00F6
  {4572, 12, 11, 14, 1, -10},  // U+00F7
  {4589, 15, 15, 15, 0, -12},  // U+00F8
  {4618, 12, 18, 15, 2, -17},  // U+00F9
  {4645, 12, 18, 15, 2, -17},  // U+00FA
  {4672, 12, 18, 15, 2, -17},  // U+00FB
  {4699, 12, 18, 15, 2, -17},  // U+00FC
  {4726, 13, 23, 13, 0, -17},  // U+00FD
  {4764, 13, 23, 15, 2, -17},  // U+00FE
  {4802, 13, 23, 13, 0, -17},  // U+00FF
  {4840, 16, 21, 17, 0, -20},  // U+0100
  {4882, 13, 17, 14, 1, -16},  // U+0101
  {4910, 16, 22, 17, 0, -21},  // U+0102
  {4954, 13, 18, 14, 1, -17},  // U+0103
  {4984, 16, 24, 17, 1, -17},  // U+0104
  {5032, 13, 19, 13, 1, -12},  // U+0105
  {5063, 16, 22, 17, 1, -21},  // U+0106
  {5107, 12, 18, 13, 1, -17},  // U+0107
  {5134, 16, 22, 17, 1, -21},  // U+0108
  {5178, 12, 18, 13, 1, -17},  // U+0109
  {5205, 16, 22, 17, 1, -21},  // U+010A
  {5249, 12, 18, 13, 1, -17},  // U+010B
  {5276, 16, 22, 17, 1, -21},  // U+010C
  {5320, 12, 18, 13, 1, -17},  // U+010D
  {5347, 15, 22, 17, 2, -21},  // U+010E
  {5389, 18, 18, 19, 1, -17},  // U+010F
  {5430, 16, 18, 18, 1, -17},  // U+0110
  {5466, 14, 18, 15, 1, -17},  // U+0111
  {5498, 13, 21, 16, 2, -20},  // U+0112
  {5533, 13, 17, 14, 1, -16},  // U+0113
  {5561, 13, 22, 16, 2, -21},  // U+0114
  {5597, 13, 18, 14, 1, -17},  // U+0115
  {5627, 13, 22, 16, 2, -21},  // U+0116
  {5663, 13, 18, 14, 1, -17},  // U+0117
  {5693, 13, 24, 16, 2, -17},  // U+0118
  {5732, 12, 19, 14, 1, -12},  // U+0119
  {5761, 13, 22, 16, 2, -21},  // U+011A
  {5797, 13, 18, 14, 1, -17},  // U+011B
  {5827, 16, 22, 19, 1, -21},  // U+011C
  {5871, 13, 24, 15, 1, -18},  // U+011D
  {5910, 16, 22, 19, 1, -21},  // U+011E
  {5954, 13, 23, 15, 1, -17},  // U+011F
  {5992, 16, 22, 19, 1, -21},  // U+0120
  {6036, 13, 23, 15, 1, -17},  // U+0121
  {6074, 16, 25, 19, 1, -17},  // U+0122
  {6124, 13, 25, 15, 1, -19},  // U+0123
  {6165, 14, 22, 18, 2, -21},  // U+0124
  {6204, 12, 21, 14, 2, -20},  // U+0125
  {6236, 16, 18, 18, 1, -17},  // U+0126
  {6272, 13, 18, 15, 1, -17},  // U+0127
  {6302, 7, 22, 7, 0, -21},  // U+0128
  {6322, 7, 18, 7, 0, -17},  // U+0129
  {6338, 6, 21, 7, 0, -20},  // U+012A
  {6354, 6, 17, 7, 0, -16},  // U+012B
  {6367, 6, 22, 7, 0, -21},  // U+012C
  {6384, 6, 18, 7, 1, -17},  // U+012D
  {6398, 5, 24, 7, 1, -17},  // U+012E
  {6413, 5, 24, 7, 1, -17},  // U+012F
  {6428, 4, 22, 7, 2, -21},  // U+0130
  {6439, 4, 13, 7, 2, -12},  // U+0131
  {6446, 11, 18, 15, 2, -17},  // U+0132
  {6471, 10, 23, 13, 2, -17},  // U+0133
  {6500, 11, 22, 14, 1, -21},  // U+0134
  {6531, 7, 24, 7, -1, -18},  // U+0135
  {6552, 16, 25, 17, 2, -17},  // U+0136
  {6602, 12, 25, 14, 2, -17},  // U+0137
  {6640, 13, 13, 13, 2, -12},  // U+0138
  {6662, 11, 22, 15, 2, -21},  // U+0139
  {6693, 5, 22, 6, 1, -21},  // U+013A
  {6707, 11, 25, 15, 2, -17},  // U+013B
  {6742, 4, 25, 6, 2, -17},  // U+013C
  {6755, 11, 18, 15, 2, -17},  // U+013D
  {6780, 9, 18, 11, 2, -17},  // U+013E
  {6801, 11, 18, 15, 2, -17},  // U+013F
  {6826, 8, 18, 11, 2, -17},  // U+0140
  {6844, 13, 18, 15, 1, -17},  // U+0141
  {6874, 6, 18, 7, 1, -17},  // U+0142
  {6888, 15, 22, 18, 2, -21},  // U+0143
  {6930, 12, 18, 15, 2, -17},  // U+0144
  {6957, 15, 25, 18, 2, -17},  // U+0145
  {7004, 12, 20, 15, 2, -12},  // U+0146
  {7034, 15, 22, 18, 2, -21},  // U+0147
  {7076, 12, 18, 15, 2, -17},  // U+0148
  {7103, 15, 18, 17, 1, -17},  // U+0149
  {7137, 15, 18, 18, 2, -17},  // U+014A
  {7171, 12, 18, 15, 2, -12},  // U+014B
  {7198, 17, 21, 19, 1, -20},  // U+014C
  {7243, 13, 17, 15, 1, -16},  // U+014D
  {7271, 17, 22, 19, 1, -21},  // U+014E
  {7318, 13, 18, 15, 1, -17},  // U+014F
  {7348, 17, 22, 19, 1, -21},  // U+0150
  {7395, 13, 18, 15, 1, -17},  // U+0151
  {7425, 23, 18, 24, 1, -17},  // U+0152
  {7477, 22, 13, 23, 1, -12},  // U+0153
  {7513, 16, 22, 17, 2, -21},  // U+0154
  {7557, 8, 18, 9, 2, -17},  // U+0155
  {7575, 16, 25, 17, 2, -17},  // U+0156
  {7625, 8, 20, 9, 2, -12},  // U+0157
  {7645, 16, 22, 17, 2, -21},  // U+0158
  {7689, 9, 18, 9, 1, -17},  // U+0159
  {7710, 15, 22, 16, 1, -21},  // U+015A
  {7752, 12, 18, 13, 1, -17},  // U+015B
  {7779, 15, 22, 16, 1, -21},  // U+015C
  {7821, 12, 19, 13, 1, -18},  // U+015D
  {7850, 15, 23, 16, 1, -17},  // U+015E
  {7894, 12, 18, 13, 1, -12},  // U+015F
  {7921, 15, 22, 16, 1, -21},  // U+0160
  {7963, 12, 18, 13, 1, -17},  // U+0161
  {7990, 12, 23, 15, 2, -17},  // U+0162
  {8025, 7, 21, 8, 1, -14},  // U+0163
  {8044, 12, 22, 15, 2, -21},  // U+0164
  {8077, 11, 18, 12, 1, -17},  // U+0165
  {8102, 12, 18, 15, 2, -17},  // U+0166
  {8129, 7, 15, 8, 0, -14},  // U+0167
  {8143, 14, 22, 18, 2, -21},  // U+0168
  {8182, 12, 18, 15, 2, -17},  // U+0169
  {8209, 14, 21, 18, 2, -20},  // U+016A
  {8246, 12, 17, 15, 2, -16},  // U+016B
  {8272, 14, 22, 18, 2, -21},  // U+016C
  {8311, 12, 18, 15, 2, -17},  // U+016D
  {8338, 14, 22, 18, 2, -21},  // U+016E
  {8377, 12, 19, 15, 2, -18},  // U+016F
  {8406, 14, 22, 18, 2, -21},  // U+0170
  {8445, 12, 18, 15, 2, -17},  // U+0171
  {8472, 14, 24, 18, 2, -17},  // U+0172
  {8514, 13, 19, 15, 1, -12},  // U+0173
  {8545, 23, 22, 23, 0, -21},  // U+0174
  {8609, 18, 19, 19, 0, -18},  // U+0175
  {8652, 16, 22, 15, 0, -21},  // U+0176
  {8696, 13, 24, 13, 0, -18},  // U+0177
  {8735, 16, 22, 15, 0, -21},  // U+0178
  {8779, 13, 22, 15, 1, -21},  // U+0179
  {8815, 10, 18, 12, 1, -17},  // U+017A
  {8838, 13, 22, 15, 1, -21},  // U+017B
  {8874, 10, 18, 12, 1, -17},  // U+017C
  {8897, 13, 22, 15, 1, -21},  // U+017D
  {8933, 10, 18, 12, 1, -17},  // U+017E
  {8956, 7, 18, 8, 1, -17},  // U+017F
  {8972, 16, 18, 17, 0, -17},  // U+0391
  {9008, 14, 18, 16, 1, -17},  // U+0392
  {9040, 12, 18, 15, 2, -17},  // U+0393
  {9067, 18, 18, 18, 0, -17},  // U+0394
  {9108, 13, 18, 16, 2, -17},  // U+0395
  {9138, 13, 18, 15, 1, -17},  // U+0396
  {9168, 14, 18, 18, 2, -17},  // U+0397
  {9200, 18, 17, 19, 1, -16},  // U+0398
  {9239, 4, 18, 7, 2, -17},  // U+0399
  {9248, 16, 18, 17, 2, -17},  // U+039A
  {9284, 17, 18, 17, 0, -17},  // U+039B
  {9323, 17, 18, 21, 2, -17},  // U+039C
  {9362, 15, 18, 18, 2, -17},  // U+039D
  {9396, 14, 18, 16, 1, -17},  // U+039E
  {9428, 17, 18, 19, 1, -17},  // U+039F
  {9467, 15, 17, 18, 2, -16},  // U+03A0
  {9499, 14, 18, 16, 2, -17},  // U+03A1
  {9531, 15, 18, 16, 1, -17},  // U+03A3
  {9565, 14, 18, 16, 1, -17},  // U+03A4
  {9597, 18, 18, 18, 0, -17},  // U+03A5
  {9638, 18, 17, 19, 1, -16},  // U+03A6
  {9677, 15, 18, 16, 1, -17},  // U+03A7
  {9711, 17, 18, 20, 2, -17},  // U+03A8
  {9750, 18, 18, 19, 1, -17},  // U+03A9
  {9791, 7, 22, 7, 0, -21},  // U+03AA
  {9811, 19, 22, 19, 0, -21},  // U+03AB
  {9864, 15, 18, 15, 1, -17},  // U+03AC
  {9898, 13, 18, 14, 1, -17},  // U+03AD
  {9928, 13, 23, 14, 1, -17},  // U+03AE
  {9966, 7, 18, 9, 1, -17},  // U+03AF
  {9982, 13, 18, 15, 1, -17},  // U+03B0
  {10012, 15, 13, 15, 1, -12},  // U+03B1
  {10037, 13, 20, 14, 1, -16},  // U+03B2
  {10070, 14, 18, 14, 1, -12},  // U+03B3
  {10102, 14, 18, 15, 1, -17},  // U+03B4
  {10134, 13, 13, 14, 1, -12},  // U+03B5
  {10156, 12, 23, 12, 1, -17},  // U+03B6
  {10191, 13, 18, 14, 1, -12},  // U+03B7
  {10221, 13, 18, 14, 1, -17},  // U+03B8
  {10251, 7, 13, 8, 1, -12},  // U+03B9
  {10263, 13, 13, 14, 1, -12},  // U+03BA
  {10285, 14, 18, 14, 0, -17},  // U+03BB
  {10317, 14, 17, 15, 1, -12},  // U+03BC
  {10347, 13, 13, 14, 0, -12},  // U+03BD
  {10369, 12, 23, 13, 1, -17},  // U+03BE
  {10404, 13, 13, 15, 1, -12},  // U+03BF
  {10426, 15, 13, 16, 1, -12},  // U+03C0
  {10451, 14, 18, 15, 1, -12},  // U+03C1
  {10483, 13, 18, 14, 1, -12},  // U+03C2
  {10513, 15, 13, 16, 1, -12},  // U+03C3
  {10538, 11, 13, 13, 2, -12},  // U+03C4
  {10556, 13, 13, 15, 1, -12},  // U+03C5
  {10578, 18, 17, 19, 1, -12},  // U+03C6
  {10617, 15, 18, 15, 0, -12},  // U+03C7
  {10651, 16, 18, 17, 1, -12},  // U+03C8
  {10687, 18, 13, 19, 1, -12},  // U+03C9
  {10717, 13, 22, 16, 2, -21},  // U+0401
  {10753, 18, 22, 20, 1, -17},  // U+0402
  {10803, 12, 22, 15, 2, -21},  // U+0403
  {10836, 16, 18, 17, 1, -17},  // U+0404
  {10872, 15, 18, 16, 1, -17},  // U+0405
  {10906, 4, 18, 7, 2, -17},  // U+0406
  {10915, 7, 22, 7, 0, -21},  // U+0407
  {10935, 11, 18, 14, 1, -17},  // U+0408
  {10960, 23, 18, 26, 2, -17},  // U+0409
  {11012, 24, 18, 27, 2, -17},  // U+040A
  {11066, 18, 18, 20, 1, -17},  // U+040B
  {11107, 16, 22, 17, 2, -21},  // U+040C
  {11151, 15, 22, 18, 2, -21},  // U+040D
  {11193, 17, 22, 17, 0, -21},  // U+040E
  {11240, 14, 21, 18, 2, -17},  // U+040F
  {11277, 16, 18, 17, 0, -17},  // U+0410
  {11313, 14, 18, 17, 2, -17},  // U+0411
  {11345, 14, 18, 17, 2, -17},  // U+0412
  {11377, 12, 18, 15, 2, -17},  // U+0413
  {11404, 21, 21, 22, 1, -17},  // U+0414
  {11460, 13, 18, 16, 2, -17},  // U+0415
  {11490, 26, 18, 26, 0, -17},  // U+0416
  {11549, 15, 18, 16, 1, -17},  // U+0417
  {11583, 15, 18, 18, 2, -17},  // U+0418
  {11617, 15, 22, 18, 2, -21},  // U+0419
  {11659, 16, 18, 17, 2, -17},  // U+041A
  {11695, 14, 18, 17, 2, -17},  // U+041B
  {11727, 17, 18, 21, 2, -17},  // U+041C
  {11766, 14, 18, 18, 2, -17},  // U+041D
  {11798, 17, 18, 19, 1, -17},  // U+041E
  {11837, 14, 18, 18, 2, -17},  // U+041F
  {11869, 14, 18, 16, 2, -17},  // U+0420
  {11901, 16, 18, 17, 1, -17},  // U+0421
  {11937, 12, 18, 15, 2, -17},  // U+0422
  {11964, 17, 18, 17, 0, -17},  // U+0423
  {12003, 21, 18, 22, 1, -17},  // U+0424
  {12051, 15, 18, 16, 0, -17},  // U+0425
  {12085, 17, 21, 19, 2, -17},  // U+0426
  {12130, 13, 18, 17, 2, -17},  // U+0427
  {12160, 22, 18, 25, 2, -17},  // U+0428
  {12210, 26, 21, 27, 2, -17},  // U+0429
  {12279, 19, 18, 20, 1, -17},  // U+042A
  {12322, 20, 18, 23, 2, -17},  // U+042B
  {12367, 14, 18, 16, 2, -17},  // U+042C
  {12399, 15, 18, 17, 1, -17},  // U+042D
  {12433, 24, 18, 26, 2, -17},  // U+042E
  {12487, 14, 18, 17, 1, -17},  // U+042F
  {12519, 13, 13, 14, 1, -12},  // U+0430
  {12541, 13, 18, 14, 1, -17},  // U+0431
  {12571, 11, 13, 14, 2, -12},  // U+0432
  {12589, 8, 13, 10, 2, -12},  // U+0433
  {12602, 15, 15, 16, 0, -12},  // U+0434
  {12631, 13, 13, 14, 1, -12},  // U+0435
  {12653, 20, 13, 19, 0, -12},  // U+0436
  {12686, 12, 13, 14, 1, -12},  // U+0437
  {12706, 12, 13, 15, 2, -12},  // U+0438
  {12726, 12, 17, 15, 2, -16},  // U+0439
  {12752, 12, 13, 13, 2, -12},  // U+043A
  {12772, 12, 13, 14, 1, -12},  // U+043B
  {12792, 13, 13, 16, 2, -12},  // U+043C
  {12814, 12, 13, 15, 2, -12},  // U+043D
  {12834, 13, 13, 15, 1, -12},  // U+043E
  {12856, 12, 13, 15, 2, -12},  // U+043F
  {12876, 13, 18, 15, 2, -12},  // U+0440
  {12906, 12, 13, 13, 1, -12},  // U+0441
  {12926, 8, 13, 11, 2, -12},  // U+0442
  {12939, 13, 18, 13, 0, -12},  // U+0443
  {12969, 22, 22, 23, 1, -16},  // U+0444
  {13030, 13, 13, 13, 0, -12},  // U+0445
  {13052, 13, 15, 16, 2, -12},  // U+0446
  {13077, 12, 13, 14, 1, -12},  // U+0447
  {13097, 19, 13, 21, 2, -12},  // U+0448
  {13128, 21, 16, 23, 2, -12},  // U+0449
  {13170, 15, 13, 17, 2, -12},  // U+044A
  {13195, 16, 13, 19, 2, -12},  // U+044B
  {13221, 12, 13, 14, 2, -12},  // U+044C
  {13241, 11, 13, 14, 1, -12},  // U+044D
  {13259, 18, 13, 21, 2, -12},  // U+044E
  {13289, 12, 13, 14, 1, -12},  // U+044F
  {13309, 13, 18, 14, 1, -17},  // U+0450
  {13339, 13, 17, 14, 1, -16},  // U+0451
  {13367, 13, 22, 15, 1, -17},  // U+0452
  {13403, 8, 18, 10, 2, -17},  // U+0453
  {13421, 11, 13, 14, 1, -12},  // U+0454
  {13439, 12, 13, 13, 1, -12},  // U+0455
  {13459, 4, 18, 7, 2, -17},  // U+0456
  {13468, 7, 17, 7, 0, -16},  // U+0457
  {13483, 6, 23, 6, 0, -17},  // U+0458
  {13501, 20, 13, 21, 1, -12},  // U+0459
  {13534, 19, 13, 22, 2, -12},  // U+045A
  {13565, 13, 18, 15, 1, -17},  // U+045B
  {13595, 12, 18, 13, 2, -17},  // U+045C
  {13622, 12, 18, 15, 2, -17},  // U+045D
  {13649, 13, 22, 13, 0, -16},  // U+045E
  {13685, 12, 15, 15, 2, -12},  // U+045F
  {13708, 7, 3, 8, 1, -7},  // U+2010
  {13711, 7, 3, 8, 1, -7},  // U+2011
  {13714, 11, 3, 13, 1, -7},  // U+2012
  {13719, 10, 3, 12, 1, -7},  // U+2013
  {13723, 22, 3, 24, 1, -7},  // U+2014
  {13732, 22, 3, 24, 1, -7},  // U+2015
  {13741, 6, 22, 10, 2, -17},  // U+2016
  {13758, 12, 5, 12, 0, 3},  // U+2017
  {13766, 3, 6, 6, 1, -16},  // U+2018
  {13769, 3, 6, 6, 2, -17},  // U+2019
  {13772, 3, 6, 6, 2, -2},  // U+201A
  {13775, 3, 6, 6, 2, -17},  // U+201B
  {13778, 8, 6, 11, 1, -16},  // U+201C
  {13784, 8, 6, 11, 2, -17},  // U+201D
  {13790, 8, 6, 11, 2, -2},  // U+201E
  {13796, 8, 6, 11, 2, -17},  // U+201F
  {13802, 10, 21, 13, 2, -16},  // U+2020
  {13829, 10, 21, 13, 2, -16},  // U+2021
  {13856, 8, 9, 10, 0, -10},  // U+2022
  {13865, 8, 9, 10, 1, -10},  // U+2023
  {13874, 4, 3, 12, 4, -2},  // U+2024
  {13876, 10, 3, 12, 1, -2},  // U+2025
  {13880, 16, 3, 18, 1, -2},  // U+2026
  {13886, 3, 3, 7, 2, -6},  // U+2027
  {13888, 24, 18, 24, 0, -17},  // U+2030
  {13942, 33, 18, 33, 0, -17},  // U+2031
  {14017, 4, 7, 6, 1, -17},  // U+2032
  {14021, 9, 7, 10, 1, -17},  // U+2033
  {14029, 13, 7, 15, 1, -17},  // U+2034
  {14041, 4, 7, 6, 1, -17},  // U+2035
  {14045, 8, 7, 10, 1, -17},  // U+2036
  {14052, 13, 7, 15, 1, -17},  // U+2037
  {14064, 11, 9, 11, 0, -3},  // U+2038
  {14077, 4, 10, 8, 2, -11},  // U+2039
  {14082, 4, 10, 8, 2, -11},  // U+203A
  {14087, 14, 18, 15, 0, -17},  // U+20AC
  {14119, 20, 11, 23, 1, -18},  // U+2122
  {14147, 21, 12, 23, 1, -11},  // U+2190
  {14179, 12, 21, 15, 2, -15},  // U+2191
  {14211, 21, 12, 23, 1, -10},  // U+2192
  {14243, 12, 21, 15, 1, -15},  // U+2193
  {14275, 23, 12, 25, 1, -11},  // U+2194
  {14310, 13, 23, 15, 1, -17},  // U+2195
  {14348, 12, 3, 14, 1, -6},  // U+2212
  {14353, 15, 7, 17, 1, -9},  // U+221E
  {14367, 13, 11, 14, 0, -12},  // U+2248
  {14385, 12, 14, 14, 1, -12},  // U+2260
  {14406, 12, 12, 14, 1, -11},  // U+2261
  {14424, 12, 17, 14, 1, -16},  // U+2263
  {14450, 12, 16, 14, 1, -14},  // U+2264
  {14474, 12, 16, 14, 1, -14},  // U+2265
};

static lgfx::EncodeRange ObSansBold12Ranges[] = {
  {0x0020, 0x007E, 0},
  {0x00A0, 0x017F, 95},
  {0x0391, 0x03A1, 319},
  {0x03A3, 0x03C9, 336},
  {0x0401, 0x045F, 375},
  {0x2010, 0x2027, 470},
  {0x2030, 0x203A, 494},
  {0x20AC, 0x20AC, 505},
  {0x2122, 0x2122, 506},
  {0x2190, 0x2195, 507},
  {0x2212, 0x2212, 513},
  {0x221E, 0x221E, 514},
  {0x2248, 0x2248, 515},
  {0x2260, 0x2261, 516},
  {0x2263, 0x2265, 518},
};

const lgfx::GFXfont ObSansBold12((uint8_t*)ObSansBold12Bitmaps, (lgfx::GFXglyph*)ObSansBold12Glyphs, 0x0020, 0x2265, 26, 15, ObSansBold12Ranges);
